{
"type": "FeatureCollection",
"name": "Heksagon_Potensi_Aktivitas_Yogyakarta",
"crs": { "type": "name", "properties": { "name": "urn:ogc:def:crs:OGC:1.3:CRS84" } },
"features": [
{ "type": "Feature", "properties": { "hex_id": 0, "luas_km2": 0.1039, "poi_total": 0, "poi_kuliner": 0, "poi_peribadatan": 0, "poi_kesehatan": 0, "poi_pendidikan": 0, "poi_perkantoran": 0, "poi_pariwisata": 0, "poi_perdagangan": 0, "poi_transportasi": 0, "penduduk": 78, "densitas_poi": 0.0, "densitas_penduduk": 750.6, "skor_poi": 0.0, "skor_penduduk": 0.034, "skor_aktivitas": 0.017, "kelas_aktivitas": "Sangat Rendah" }, "geometry": { "type": "Polygon", "coordinates": [ [ [ 110.388738073697098, -7.839586056037617 ], [ 110.387168349705206, -7.838679262945219 ], [ 110.385595979614834, -7.839581484577629 ], [ 110.385593325786814, -7.841390504509765 ], [ 110.387163055618885, -7.842297303878498 ], [ 110.388735433438825, -7.841395077037401 ], [ 110.388738073697098, -7.839586056037617 ] ] ] } },
{ "type": "Feature", "properties": { "hex_id": 1, "luas_km2": 0.1039, "poi_total": 0, "poi_kuliner": 0, "poi_peribadatan": 0, "poi_kesehatan": 0, "poi_pendidikan": 0, "poi_perkantoran": 0, "poi_pariwisata": 0, "poi_perdagangan": 0, "poi_transportasi": 0, "penduduk": 114, "densitas_poi": 0.0, "densitas_penduduk": 1097.0, "skor_poi": 0.0, "skor_penduduk": 0.05, "skor_aktivitas": 0.025, "kelas_aktivitas": "Sangat Rendah" }, "geometry": { "type": "Polygon", "coordinates": [ [ [ 110.391880169663878, -7.839590604062476 ], [ 110.39031043794725, -7.838683822155201 ], [ 110.388738073697098, -7.839586056037617 ], [ 110.388735433438825, -7.841395077037401 ], [ 110.390305171000477, -7.842301865218302 ], [ 110.391877542975379, -7.841399626124438 ], [ 110.391880169663878, -7.839590604062476 ] ] ] } },
{ "type": "Feature", "properties": { "hex_id": 2, "luas_km2": 0.1039, "poi_total": 3, "poi_kuliner": 0, "poi_peribadatan": 0, "poi_kesehatan": 0, "poi_pendidikan": 0, "poi_perkantoran": 3, "poi_pariwisata": 0, "poi_perdagangan": 0, "poi_transportasi": 0, "penduduk": 747, "densitas_poi": 28.87, "densitas_penduduk": 7188.0, "skor_poi": 0.094, "skor_penduduk": 0.325, "skor_aktivitas": 0.21, "kelas_aktivitas": "Sangat Rendah" }, "geometry": { "type": "Polygon", "coordinates": [ [ [ 110.390313070480801, -7.836874800389806 ], [ 110.388743352329129, -7.835968013570372 ], [ 110.387170995803672, -7.836870242244728 ], [ 110.387168349705206, -7.838679262945219 ], [ 110.388738073697098, -7.839586056037617 ], [ 110.39031043794725, -7.838683822155201 ], [ 110.390313070480801, -7.836874800389806 ] ] ] } },
{ "type": "Feature", "properties": { "hex_id": 3, "luas_km2": 0.1039, "poi_total": 0, "poi_kuliner": 0, "poi_peribadatan": 0, "poi_kesehatan": 0, "poi_pendidikan": 0, "poi_perkantoran": 0, "poi_pariwisata": 0, "poi_perdagangan": 0, "poi_transportasi": 0, "penduduk": 109, "densitas_poi": 0.0, "densitas_penduduk": 1048.9, "skor_poi": 0.0, "skor_penduduk": 0.047, "skor_aktivitas": 0.024, "kelas_aktivitas": "Sangat Rendah" }, "geometry": { "type": "Polygon", "coordinates": [ [ [ 110.393455147037557, -7.836879335107935 ], [ 110.391885421166009, -7.835972559470906 ], [ 110.390313070480801, -7.836874800389806 ], [ 110.39031043794725, -7.838683822155201 ], [ 110.391880169663878, -7.839590604062476 ], [ 110.393452528068977, -7.838688357932754 ], [ 110.393455147037557, -7.836879335107935 ] ] ] } },
{ "type": "Feature", "properties": { "hex_id": 4, "luas_km2": 0.1039, "poi_total": 0, "poi_kuliner": 0, "poi_peribadatan": 0, "poi_kesehatan": 0, "poi_pendidikan": 0, "poi_perkantoran": 0, "poi_pariwisata": 0, "poi_perdagangan": 0, "poi_transportasi": 0, "penduduk": 48, "densitas_poi": 0.0, "densitas_penduduk": 461.9, "skor_poi": 0.0, "skor_penduduk": 0.021, "skor_aktivitas": 0.01, "kelas_aktivitas": "Sangat Rendah" }, "geometry": { "type": "Polygon", "coordinates": [ [ [ 110.396597225464234, -7.836883846399044 ], [ 110.395027491877656, -7.835977081947191 ], [ 110.393455147037557, -7.836879335107935 ], [ 110.393452528068977, -7.838688357932754 ], [ 110.395022267505496, -7.839595128652143 ], [ 110.396594620060654, -7.838692870277817 ], [ 110.396597225464234, -7.836883846399044 ] ] ] } },
{ "type": "Feature", "properties": { "hex_id": 5, "luas_km2": 0.1039, "poi_total": 0, "poi_kuliner": 0, "poi_peribadatan": 0, "poi_kesehatan": 0, "poi_pendidikan": 0, "poi_perkantoran": 0, "poi_pariwisata": 0, "poi_perdagangan": 0, "poi_transportasi": 0, "penduduk": 140, "densitas_poi": 0.0, "densitas_penduduk": 1347.2, "skor_poi": 0.0, "skor_penduduk": 0.061, "skor_aktivitas": 0.03, "kelas_aktivitas": "Sangat Rendah" }, "geometry": { "type": "Polygon", "coordinates": [ [ [ 110.385603937310549, -7.834154423845895 ], [ 110.384034240443611, -7.833247620944973 ], [ 110.382461885812262, -7.834149832170167 ], [ 110.382459220318395, -7.835958851496833 ], [ 110.384028923015862, -7.836865660672768 ], [ 110.385601285376694, -7.835963444245659 ], [ 110.385603937310549, -7.834154423845895 ] ] ] } },
{ "type": "Feature", "properties": { "hex_id": 6, "luas_km2": 0.1039, "poi_total": 1, "poi_kuliner": 0, "poi_peribadatan": 0, "poi_kesehatan": 1, "poi_pendidikan": 0, "poi_perkantoran": 0, "poi_pariwisata": 0, "poi_perdagangan": 0, "poi_transportasi": 0, "penduduk": 378, "densitas_poi": 9.62, "densitas_penduduk": 3637.3, "skor_poi": 0.031, "skor_penduduk": 0.165, "skor_aktivitas": 0.098, "kelas_aktivitas": "Sangat Rendah" }, "geometry": { "type": "Polygon", "coordinates": [ [ [ 110.388745990702915, -7.834158992102986 ], [ 110.387176286111327, -7.833252200376216 ], [ 110.385603937310549, -7.834154423845895 ], [ 110.385601285376694, -7.835963444245659 ], [ 110.387170995803672, -7.836870242244728 ], [ 110.388743352329129, -7.835968013570372 ], [ 110.388745990702915, -7.834158992102986 ] ] ] } },
{ "type": "Feature", "properties": { "hex_id": 7, "luas_km2": 0.1039, "poi_total": 7, "poi_kuliner": 2, "poi_peribadatan": 0, "poi_kesehatan": 1, "poi_pendidikan": 3, "poi_perkantoran": 0, "poi_pariwisata": 1, "poi_perdagangan": 0, "poi_transportasi": 0, "penduduk": 866, "densitas_poi": 67.36, "densitas_penduduk": 8333.1, "skor_poi": 0.219, "skor_penduduk": 0.377, "skor_aktivitas": 0.298, "kelas_aktivitas": "Rendah" }, "geometry": { "type": "Polygon", "coordinates": [ [ [ 110.391888045979698, -7.834163536941369 ], [ 110.39031833366829, -7.833256756391522 ], [ 110.388745990702915, -7.834158992102986 ], [ 110.388743352329129, -7.835968013570372 ], [ 110.390313070480801, -7.836874800389806 ], [ 110.391885421166009, -7.835972559470906 ], [ 110.391888045979698, -7.834163536941369 ] ] ] } },
{ "type": "Feature", "properties": { "hex_id": 8, "luas_km2": 0.1039, "poi_total": 0, "poi_kuliner": 0, "poi_peribadatan": 0, "poi_kesehatan": 0, "poi_pendidikan": 0, "poi_perkantoran": 0, "poi_pariwisata": 0, "poi_perdagangan": 0, "poi_transportasi": 0, "penduduk": 883, "densitas_poi": 0.0, "densitas_penduduk": 8496.7, "skor_poi": 0.0, "skor_penduduk": 0.385, "skor_aktivitas": 0.192, "kelas_aktivitas": "Sangat Rendah" }, "geometry": { "type": "Polygon", "coordinates": [ [ [ 110.395030103131191, -7.834168058360976 ], [ 110.393460383104795, -7.833261288990821 ], [ 110.391888045979698, -7.834163536941369 ], [ 110.391885421166009, -7.835972559470906 ], [ 110.393455147037557, -7.836879335107935 ], [ 110.395027491877656, -7.835977081947191 ], [ 110.395030103131191, -7.834168058360976 ] ] ] } },
{ "type": "Feature", "properties": { "hex_id": 9, "luas_km2": 0.1039, "poi_total": 0, "poi_kuliner": 0, "poi_peribadatan": 0, "poi_kesehatan": 0, "poi_pendidikan": 0, "poi_perkantoran": 0, "poi_pariwisata": 0, "poi_perdagangan": 0, "poi_transportasi": 0, "penduduk": 24, "densitas_poi": 0.0, "densitas_penduduk": 230.9, "skor_poi": 0.0, "skor_penduduk": 0.01, "skor_aktivitas": 0.005, "kelas_aktivitas": "Sangat Rendah" }, "geometry": { "type": "Polygon", "coordinates": [ [ [ 110.398172162147731, -7.834172556361743 ], [ 110.39660243441115, -7.833265798174047 ], [ 110.395030103131191, -7.834168058360976 ], [ 110.395027491877656, -7.835977081947191 ], [ 110.396597225464234, -7.836883846399044 ], [ 110.398169564454378, -7.83598158099916 ], [ 110.398172162147731, -7.834172556361743 ] ] ] } },
{ "type": "Feature", "properties": { "hex_id": 10, "luas_km2": 0.1039, "poi_total": 0, "poi_kuliner": 0, "poi_peribadatan": 0, "poi_kesehatan": 0, "poi_pendidikan": 0, "poi_perkantoran": 0, "poi_pariwisata": 0, "poi_perdagangan": 0, "poi_transportasi": 0, "penduduk": 14, "densitas_poi": 0.0, "densitas_penduduk": 134.7, "skor_poi": 0.0, "skor_penduduk": 0.006, "skor_aktivitas": 0.003, "kelas_aktivitas": "Sangat Rendah" }, "geometry": { "type": "Polygon", "coordinates": [ [ [ 110.401314223019625, -7.834177030943595 ], [ 110.399744487577678, -7.833270283941136 ], [ 110.398172162147745, -7.834172556361743 ], [ 110.398169564454378, -7.83598158099916 ], [ 110.399739305751169, -7.836888334263065 ], [ 110.401311638886483, -7.835986056626747 ], [ 110.401314223019625, -7.834177030943595 ] ] ] } },
{ "type": "Feature", "properties": { "hex_id": 11, "luas_km2": 0.1039, "poi_total": 0, "poi_kuliner": 0, "poi_peribadatan": 0, "poi_kesehatan": 0, "poi_pendidikan": 0, "poi_perkantoran": 0, "poi_pariwisata": 0, "poi_perdagangan": 0, "poi_transportasi": 0, "penduduk": 78, "densitas_poi": 0.0, "densitas_penduduk": 750.6, "skor_poi": 0.0, "skor_penduduk": 0.034, "skor_aktivitas": 0.017, "kelas_aktivitas": "Sangat Rendah" }, "geometry": { "type": "Polygon", "coordinates": [ [ [ 110.377752839689265, -7.831429373894459 ], [ 110.376183171841191, -7.830522543767484 ], [ 110.374610813302411, -7.831424725302583 ], [ 110.374608114872643, -7.833233742156311 ], [ 110.376177788536708, -7.834140578563063 ], [ 110.377750154814578, -7.833238391834952 ], [ 110.377752839689265, -7.831429373894459 ] ] ] } },
{ "type": "Feature", "properties": { "hex_id": 12, "luas_km2": 0.1039, "poi_total": 0, "poi_kuliner": 0, "poi_peribadatan": 0, "poi_kesehatan": 0, "poi_pendidikan": 0, "poi_perkantoran": 0, "poi_pariwisata": 0, "poi_perdagangan": 0, "poi_transportasi": 0, "penduduk": 21, "densitas_poi": 0.0, "densitas_penduduk": 202.1, "skor_poi": 0.0, "skor_penduduk": 0.009, "skor_aktivitas": 0.004, "kelas_aktivitas": "Sangat Rendah" }, "geometry": { "type": "Polygon", "coordinates": [ [ [ 110.380894867994371, -7.831433999076078 ], [ 110.379325192412026, -7.830527180112227 ], [ 110.377752839689265, -7.831429373894459 ], [ 110.377750154814578, -7.833238391834952 ], [ 110.379319836217761, -7.834145217075865 ], [ 110.380892196674793, -7.833243018097862 ], [ 110.380894867994371, -7.831433999076078 ] ] ] } },
{ "type": "Feature", "properties": { "hex_id": 13, "luas_km2": 0.1039, "poi_total": 1, "poi_kuliner": 0, "poi_peribadatan": 0, "poi_kesehatan": 0, "poi_pendidikan": 1, "poi_perkantoran": 0, "poi_pariwisata": 0, "poi_perdagangan": 0, "poi_transportasi": 0, "penduduk": 224, "densitas_poi": 9.62, "densitas_penduduk": 2155.4, "skor_poi": 0.031, "skor_penduduk": 0.098, "skor_aktivitas": 0.064, "kelas_aktivitas": "Sangat Rendah" }, "geometry": { "type": "Polygon", "coordinates": [ [ [ 110.387178930320545, -7.831443179208263 ], [ 110.385609239284179, -7.830536382578981 ], [ 110.384036898208009, -7.831438600847368 ], [ 110.384034240443611, -7.833247620944973 ], [ 110.385603937310549, -7.834154423845895 ], [ 110.387176286111327, -7.833252200376216 ], [ 110.387178930320545, -7.831443179208263 ] ] ] } },
{ "type": "Feature", "properties": { "hex_id": 14, "luas_km2": 0.1039, "poi_total": 8, "poi_kuliner": 0, "poi_peribadatan": 0, "poi_kesehatan": 2, "poi_pendidikan": 3, "poi_perkantoran": 0, "poi_pariwisata": 0, "poi_perdagangan": 3, "poi_transportasi": 0, "penduduk": 913, "densitas_poi": 76.98, "densitas_penduduk": 8785.3, "skor_poi": 0.25, "skor_penduduk": 0.398, "skor_aktivitas": 0.324, "kelas_aktivitas": "Rendah" }, "geometry": { "type": "Polygon", "coordinates": [ [ [ 110.390320964322257, -7.831447734158696 ], [ 110.3887512655661, -7.83054094870085 ], [ 110.387178930320545, -7.831443179208263 ], [ 110.387176286111327, -7.833252200376216 ], [ 110.388745990702915, -7.834158992102986 ], [ 110.39031833366829, -7.833256756391522 ], [ 110.390320964322257, -7.831447734158696 ] ] ] } },
{ "type": "Feature", "properties": { "hex_id": 15, "luas_km2": 0.1039, "poi_total": 9, "poi_kuliner": 1, "poi_peribadatan": 1, "poi_kesehatan": 4, "poi_pendidikan": 0, "poi_perkantoran": 2, "poi_pariwisata": 1, "poi_perdagangan": 0, "poi_transportasi": 0, "penduduk": 913, "densitas_poi": 86.6, "densitas_penduduk": 8785.3, "skor_poi": 0.281, "skor_penduduk": 0.398, "skor_aktivitas": 0.34, "kelas_aktivitas": "Rendah" }, "geometry": { "type": "Polygon", "coordinates": [ [ [ 110.393463000203468, -7.831452265698593 ], [ 110.391893293732366, -7.830545491414959 ], [ 110.390320964322257, -7.831447734158696 ], [ 110.39031833366829, -7.833256756391522 ], [ 110.391888045979698, -7.834163536941369 ], [ 110.393460383104795, -7.833261288990821 ], [ 110.393463000203468, -7.831452265698593 ] ] ] } },
{ "type": "Feature", "properties": { "hex_id": 16, "luas_km2": 0.1039, "poi_total": 2, "poi_kuliner": 0, "poi_peribadatan": 0, "poi_kesehatan": 0, "poi_pendidikan": 1, "poi_perkantoran": 0, "poi_pariwisata": 1, "poi_perdagangan": 0, "poi_transportasi": 0, "penduduk": 447, "densitas_poi": 19.25, "densitas_penduduk": 4301.3, "skor_poi": 0.062, "skor_penduduk": 0.195, "skor_aktivitas": 0.128, "kelas_aktivitas": "Sangat Rendah" }, "geometry": { "type": "Polygon", "coordinates": [ [ [ 110.396605037954515, -7.831456773827896 ], [ 110.395035323773271, -7.83055001072124 ], [ 110.393463000203468, -7.831452265698593 ], [ 110.393460383104795, -7.833261288990821 ], [ 110.395030103131191, -7.834168058360976 ], [ 110.39660243441115, -7.833265798174047 ], [ 110.396605037954515, -7.831456773827896 ] ] ] } },
{ "type": "Feature", "properties": { "hex_id": 17, "luas_km2": 0.1039, "poi_total": 7, "poi_kuliner": 1, "poi_peribadatan": 2, "poi_kesehatan": 0, "poi_pendidikan": 2, "poi_perkantoran": 0, "poi_pariwisata": 2, "poi_perdagangan": 0, "poi_transportasi": 0, "penduduk": 875, "densitas_poi": 67.36, "densitas_penduduk": 8419.7, "skor_poi": 0.219, "skor_penduduk": 0.381, "skor_aktivitas": 0.3, "kelas_aktivitas": "Rendah" }, "geometry": { "type": "Polygon", "coordinates": [ [ [ 110.399747077565678, -7.831461258546527 ], [ 110.398177355679124, -7.830554506619622 ], [ 110.396605037954515, -7.831456773827896 ], [ 110.39660243441115, -7.833265798174047 ], [ 110.398172162147745, -7.834172556361743 ], [ 110.399744487577678, -7.833270283941136 ], [ 110.399747077565678, -7.831461258546527 ] ] ] } },
{ "type": "Feature", "properties": { "hex_id": 18, "luas_km2": 0.1039, "poi_total": 5, "poi_kuliner": 0, "poi_peribadatan": 3, "poi_kesehatan": 2, "poi_pendidikan": 0, "poi_perkantoran": 0, "poi_pariwisata": 0, "poi_perdagangan": 0, "poi_transportasi": 0, "penduduk": 617, "densitas_poi": 48.11, "densitas_penduduk": 5937.1, "skor_poi": 0.156, "skor_penduduk": 0.269, "skor_aktivitas": 0.213, "kelas_aktivitas": "Sangat Rendah" }, "geometry": { "type": "Polygon", "coordinates": [ [ [ 110.402889119027307, -7.831465719854428 ], [ 110.401319389440246, -7.83055897911004 ], [ 110.399747077565678, -7.831461258546527 ], [ 110.399744487577678, -7.833270283941136 ], [ 110.401314223019625, -7.834177030943595 ], [ 110.4028865425947, -7.833274746292017 ], [ 110.402889119027307, -7.831465719854428 ] ] ] } },
{ "type": "Feature", "properties": { "hex_id": 19, "luas_km2": 0.1039, "poi_total": 1, "poi_kuliner": 0, "poi_peribadatan": 0, "poi_kesehatan": 0, "poi_pendidikan": 0, "poi_perkantoran": 1, "poi_pariwisata": 0, "poi_perdagangan": 0, "poi_transportasi": 0, "penduduk": 274, "densitas_poi": 9.62, "densitas_penduduk": 2636.6, "skor_poi": 0.031, "skor_penduduk": 0.119, "skor_aktivitas": 0.075, "kelas_aktivitas": "Sangat Rendah" }, "geometry": { "type": "Polygon", "coordinates": [ [ [ 110.406031162329697, -7.831470157751523 ], [ 110.404461425046961, -7.830563428192426 ], [ 110.402889119027307, -7.831465719854428 ], [ 110.4028865425947, -7.833274746292017 ], [ 110.404456285737183, -7.834181482106475 ], [ 110.40602859945254, -7.833279185226623 ], [ 110.406031162329697, -7.831470157751523 ] ] ] } },
{ "type": "Feature", "properties": { "hex_id": 20, "luas_km2": 0.1039, "poi_total": 0, "poi_kuliner": 0, "poi_peribadatan": 0, "poi_kesehatan": 0, "poi_pendidikan": 0, "poi_perkantoran": 0, "poi_pariwisata": 0, "poi_perdagangan": 0, "poi_transportasi": 0, "penduduk": 281, "densitas_poi": 0.0, "densitas_penduduk": 2703.9, "skor_poi": 0.0, "skor_penduduk": 0.122, "skor_aktivitas": 0.061, "kelas_aktivitas": "Sangat Rendah" }, "geometry": { "type": "Polygon", "coordinates": [ [ [ 110.376185862531884, -7.828713526136031 ], [ 110.374616208234045, -7.82780669112781 ], [ 110.373043857434325, -7.828708867473291 ], [ 110.373041153193412, -7.830517884015254 ], [ 110.374610813302411, -7.831424725302583 ], [ 110.376183171841191, -7.830522543767484 ], [ 110.376185862531884, -7.828713526136031 ] ] ] } },
{ "type": "Feature", "properties": { "hex_id": 21, "luas_km2": 0.1039, "poi_total": 3, "poi_kuliner": 0, "poi_peribadatan": 1, "poi_kesehatan": 0, "poi_pendidikan": 2, "poi_perkantoran": 0, "poi_pariwisata": 0, "poi_perdagangan": 0, "poi_transportasi": 0, "penduduk": 801, "densitas_poi": 28.87, "densitas_penduduk": 7707.6, "skor_poi": 0.094, "skor_penduduk": 0.349, "skor_aktivitas": 0.221, "kelas_aktivitas": "Sangat Rendah" }, "geometry": { "type": "Polygon", "coordinates": [ [ [ 110.379327869552469, -7.828718161396761 ], [ 110.377758207520429, -7.827811337546177 ], [ 110.376185862531884, -7.828713526136031 ], [ 110.376183171841191, -7.830522543767484 ], [ 110.377752839689265, -7.831429373894459 ], [ 110.379325192412026, -7.830527180112227 ], [ 110.379327869552469, -7.828718161396761 ] ] ] } },
{ "type": "Feature", "properties": { "hex_id": 22, "luas_km2": 0.1039, "poi_total": 0, "poi_kuliner": 0, "poi_peribadatan": 0, "poi_kesehatan": 0, "poi_pendidikan": 0, "poi_perkantoran": 0, "poi_pariwisata": 0, "poi_perdagangan": 0, "poi_transportasi": 0, "penduduk": 271, "densitas_poi": 0.0, "densitas_penduduk": 2607.7, "skor_poi": 0.0, "skor_penduduk": 0.118, "skor_aktivitas": 0.059, "kelas_aktivitas": "Sangat Rendah" }, "geometry": { "type": "Polygon", "coordinates": [ [ [ 110.382469878486404, -7.828722773255406 ], [ 110.380900208724952, -7.82781596056524 ], [ 110.379327869552469, -7.828718161396761 ], [ 110.379325192412026, -7.830527180112227 ], [ 110.380894867994371, -7.831433999076078 ], [ 110.382467214896252, -7.830531793049418 ], [ 110.382469878486404, -7.828722773255406 ] ] ] } },
{ "type": "Feature", "properties": { "hex_id": 23, "luas_km2": 0.1039, "poi_total": 1, "poi_kuliner": 0, "poi_peribadatan": 0, "poi_kesehatan": 1, "poi_pendidikan": 0, "poi_perkantoran": 0, "poi_pariwisata": 0, "poi_perdagangan": 0, "poi_transportasi": 0, "penduduk": 397, "densitas_poi": 9.62, "densitas_penduduk": 3820.1, "skor_poi": 0.031, "skor_penduduk": 0.173, "skor_aktivitas": 0.102, "kelas_aktivitas": "Sangat Rendah" }, "geometry": { "type": "Polygon", "coordinates": [ [ [ 110.385611889323982, -7.828727361711901 ], [ 110.384042211837979, -7.827820560184917 ], [ 110.382469878486404, -7.828722773255406 ], [ 110.382467214896252, -7.830531793049418 ], [ 110.384036898208009, -7.831438600847368 ], [ 110.385609239284179, -7.830536382578981 ], [ 110.385611889323982, -7.828727361711901 ] ] ] } },
{ "type": "Feature", "properties": { "hex_id": 24, "luas_km2": 0.1039, "poi_total": 5, "poi_kuliner": 0, "poi_peribadatan": 1, "poi_kesehatan": 0, "poi_pendidikan": 4, "poi_perkantoran": 0, "poi_pariwisata": 0, "poi_perdagangan": 0, "poi_transportasi": 0, "penduduk": 879, "densitas_poi": 48.11, "densitas_penduduk": 8458.2, "skor_poi": 0.156, "skor_penduduk": 0.383, "skor_aktivitas": 0.27, "kelas_aktivitas": "Rendah" }, "geometry": { "type": "Polygon", "coordinates": [ [ [ 110.388753902055527, -7.828731926766175 ], [ 110.387184216849775, -7.827825136405148 ], [ 110.385611889323982, -7.828727361711901 ], [ 110.385609239284179, -7.830536382578981 ], [ 110.387178930320545, -7.831443179208263 ], [ 110.3887512655661, -7.83054094870085 ], [ 110.388753902055527, -7.828731926766175 ] ] ] } },
{ "type": "Feature", "properties": { "hex_id": 25, "luas_km2": 0.1039, "poi_total": 8, "poi_kuliner": 4, "poi_peribadatan": 1, "poi_kesehatan": 0, "poi_pendidikan": 3, "poi_perkantoran": 0, "poi_pariwisata": 0, "poi_perdagangan": 0, "poi_transportasi": 0, "penduduk": 913, "densitas_poi": 76.98, "densitas_penduduk": 8785.3, "skor_poi": 0.25, "skor_penduduk": 0.398, "skor_aktivitas": 0.324, "kelas_aktivitas": "Rendah" }, "geometry": { "type": "Polygon", "coordinates": [ [ [ 110.391895916671373, -7.82873646841816 ], [ 110.390326223750691, -7.827829689225859 ], [ 110.388753902055527, -7.828731926766175 ], [ 110.3887512655661, -7.83054094870085 ], [ 110.390320964322257, -7.831447734158696 ], [ 110.391893293732366, -7.830545491414959 ], [ 110.391895916671373, -7.82873646841816 ] ] ] } },
{ "type": "Feature", "properties": { "hex_id": 26, "luas_km2": 0.1039, "poi_total": 3, "poi_kuliner": 0, "poi_peribadatan": 1, "poi_kesehatan": 1, "poi_pendidikan": 1, "poi_perkantoran": 0, "poi_pariwisata": 0, "poi_perdagangan": 0, "poi_transportasi": 0, "penduduk": 492, "densitas_poi": 28.87, "densitas_penduduk": 4734.3, "skor_poi": 0.094, "skor_penduduk": 0.214, "skor_aktivitas": 0.154, "kelas_aktivitas": "Sangat Rendah" }, "geometry": { "type": "Polygon", "coordinates": [ [ [ 110.395037933161802, -7.828740986667786 ], [ 110.393468232531035, -7.827834218646984 ], [ 110.391895916671373, -7.82873646841816 ], [ 110.391893293732366, -7.830545491414959 ], [ 110.393463000203468, -7.831452265698593 ], [ 110.395035323773271, -7.83055001072124 ], [ 110.395037933161802, -7.828740986667786 ] ] ] } },
{ "type": "Feature", "properties": { "hex_id": 27, "luas_km2": 0.1039, "poi_total": 0, "poi_kuliner": 0, "poi_peribadatan": 0, "poi_kesehatan": 0, "poi_pendidikan": 0, "poi_perkantoran": 0, "poi_pariwisata": 0, "poi_perdagangan": 0, "poi_transportasi": 0, "penduduk": 10, "densitas_poi": 0.0, "densitas_penduduk": 96.2, "skor_poi": 0.0, "skor_penduduk": 0.004, "skor_aktivitas": 0.002, "kelas_aktivitas": "Sangat Rendah" }, "geometry": { "type": "Polygon", "coordinates": [ [ [ 110.398179951517164, -7.828745481514991 ], [ 110.396610243181115, -7.827838724668455 ], [ 110.395037933161802, -7.828740986667786 ], [ 110.395035323773271, -7.83055001072124 ], [ 110.396605037954515, -7.831456773827896 ], [ 110.398177355679124, -7.830554506619622 ], [ 110.398179951517164, -7.828745481514991 ] ] ] } },
{ "type": "Feature", "properties": { "hex_id": 28, "luas_km2": 0.1039, "poi_total": 7, "poi_kuliner": 0, "poi_peribadatan": 3, "poi_kesehatan": 0, "poi_pendidikan": 2, "poi_perkantoran": 0, "poi_pariwisata": 0, "poi_perdagangan": 2, "poi_transportasi": 0, "penduduk": 979, "densitas_poi": 67.36, "densitas_penduduk": 9420.4, "skor_poi": 0.219, "skor_penduduk": 0.427, "skor_aktivitas": 0.323, "kelas_aktivitas": "Rendah" }, "geometry": { "type": "Polygon", "coordinates": [ [ [ 110.401321971727754, -7.828749952959707 ], [ 110.399752255691254, -7.827843207290205 ], [ 110.398179951517164, -7.828745481514991 ], [ 110.398177355679124, -7.830554506619622 ], [ 110.399747077565678, -7.831461258546527 ], [ 110.401319389440246, -7.83055897911004 ], [ 110.401321971727754, -7.828749952959707 ] ] ] } },
{ "type": "Feature", "properties": { "hex_id": 29, "luas_km2": 0.1039, "poi_total": 9, "poi_kuliner": 1, "poi_peribadatan": 3, "poi_kesehatan": 0, "poi_pendidikan": 5, "poi_perkantoran": 0, "poi_pariwisata": 0, "poi_perdagangan": 0, "poi_transportasi": 0, "penduduk": 1248, "densitas_poi": 86.6, "densitas_penduduk": 12008.9, "skor_poi": 0.281, "skor_penduduk": 0.544, "skor_aktivitas": 0.413, "kelas_aktivitas": "Sedang" }, "geometry": { "type": "Polygon", "coordinates": [ [ [ 110.404463993783892, -7.828754401001861 ], [ 110.40289427005176, -7.827847666512167 ], [ 110.401321971727754, -7.828749952959707 ], [ 110.401319389440246, -7.83055897911004 ], [ 110.402889119027307, -7.831465719854428 ], [ 110.404461425046961, -7.830563428192426 ], [ 110.404463993783892, -7.828754401001861 ] ] ] } },
{ "type": "Feature", "properties": { "hex_id": 30, "luas_km2": 0.1039, "poi_total": 0, "poi_kuliner": 0, "poi_peribadatan": 0, "poi_kesehatan": 0, "poi_pendidikan": 0, "poi_perkantoran": 0, "poi_pariwisata": 0, "poi_perdagangan": 0, "poi_transportasi": 0, "penduduk": 127, "densitas_poi": 0.0, "densitas_penduduk": 1222.1, "skor_poi": 0.0, "skor_penduduk": 0.055, "skor_aktivitas": 0.028, "kelas_aktivitas": "Sangat Rendah" }, "geometry": { "type": "Polygon", "coordinates": [ [ [ 110.407606017675903, -7.828758825641391 ], [ 110.406036286252956, -7.827852102334272 ], [ 110.404463993783892, -7.828754401001861 ], [ 110.404461425046961, -7.830563428192426 ], [ 110.406031162329697, -7.831470157751523 ], [ 110.40760346248959, -7.830567853866716 ], [ 110.407606017675903, -7.828758825641391 ] ] ] } },
{ "type": "Feature", "properties": { "hex_id": 31, "luas_km2": 0.1039, "poi_total": 0, "poi_kuliner": 0, "poi_peribadatan": 0, "poi_kesehatan": 0, "poi_pendidikan": 0, "poi_perkantoran": 0, "poi_pariwisata": 0, "poi_perdagangan": 0, "poi_transportasi": 0, "penduduk": 16, "densitas_poi": 0.0, "densitas_penduduk": 154.0, "skor_poi": 0.0, "skor_penduduk": 0.007, "skor_aktivitas": 0.004, "kelas_aktivitas": "Sangat Rendah" }, "geometry": { "type": "Polygon", "coordinates": [ [ [ 110.352625059069908, -7.825964501463773 ], [ 110.351055472591611, -7.82505758359161 ], [ 110.349483089022499, -7.825959668983953 ], [ 110.349480284158929, -7.827768677414007 ], [ 110.351049876409519, -7.828675601583595 ], [ 110.352622267751386, -7.827773511024343 ], [ 110.352625059069908, -7.825964501463773 ] ] ] } },
{ "type": "Feature", "properties": { "hex_id": 32, "luas_km2": 0.1039, "poi_total": 1, "poi_kuliner": 0, "poi_peribadatan": 0, "poi_kesehatan": 0, "poi_pendidikan": 0, "poi_perkantoran": 0, "poi_pariwisata": 0, "poi_perdagangan": 1, "poi_transportasi": 0, "penduduk": 156, "densitas_poi": 9.62, "densitas_penduduk": 1501.1, "skor_poi": 0.031, "skor_penduduk": 0.068, "skor_aktivitas": 0.05, "kelas_aktivitas": "Sangat Rendah" }, "geometry": { "type": "Polygon", "coordinates": [ [ [ 110.35576703111289, -7.825969310550319 ], [ 110.35419743686667, -7.825062403810913 ], [ 110.352625059069908, -7.825964501463773 ], [ 110.352622267751386, -7.827773511024343 ], [ 110.354191867774773, -7.828680424058463 ], [ 110.355764253339487, -7.827778321235935 ], [ 110.35576703111289, -7.825969310550319 ] ] ] } },
{ "type": "Feature", "properties": { "hex_id": 33, "luas_km2": 0.1039, "poi_total": 2, "poi_kuliner": 0, "poi_peribadatan": 2, "poi_kesehatan": 0, "poi_pendidikan": 0, "poi_perkantoran": 0, "poi_pariwisata": 0, "poi_perdagangan": 0, "poi_transportasi": 0, "penduduk": 224, "densitas_poi": 19.25, "densitas_penduduk": 2155.4, "skor_poi": 0.062, "skor_penduduk": 0.098, "skor_aktivitas": 0.08, "kelas_aktivitas": "Sangat Rendah" }, "geometry": { "type": "Polygon", "coordinates": [ [ [ 110.358909005141783, -7.825974096243518 ], [ 110.357339403132485, -7.825067200639641 ], [ 110.35576703111289, -7.825969310550319 ], [ 110.355764253339487, -7.827778321235935 ], [ 110.357333861130812, -7.828685223131815 ], [ 110.358906240913527, -7.827783108048709 ], [ 110.358909005141783, -7.825974096243518 ] ] ] } },
{ "type": "Feature", "properties": { "hex_id": 34, "luas_km2": 0.1039, "poi_total": 1, "poi_kuliner": 0, "poi_peribadatan": 0, "poi_kesehatan": 0, "poi_pendidikan": 1, "poi_perkantoran": 0, "poi_pariwisata": 0, "poi_perdagangan": 0, "poi_transportasi": 0, "penduduk": 39, "densitas_poi": 9.62, "densitas_penduduk": 375.3, "skor_poi": 0.031, "skor_penduduk": 0.017, "skor_aktivitas": 0.024, "kelas_aktivitas": "Sangat Rendah" }, "geometry": { "type": "Polygon", "coordinates": [ [ [ 110.362050981146908, -7.8259788585433 ], [ 110.360481371379322, -7.825071974077725 ], [ 110.358909005141783, -7.825974096243518 ], [ 110.358906240913527, -7.827783108048709 ], [ 110.360475856468, -7.828689998803577 ], [ 110.362048230463827, -7.827787871462593 ], [ 110.362050981146908, -7.8259788585433 ] ] ] } },
{ "type": "Feature", "properties": { "hex_id": 35, "luas_km2": 0.1039, "poi_total": 0, "poi_kuliner": 0, "poi_peribadatan": 0, "poi_kesehatan": 0, "poi_pendidikan": 0, "poi_perkantoran": 0, "poi_pariwisata": 0, "poi_perdagangan": 0, "poi_transportasi": 0, "penduduk": 94, "densitas_poi": 0.0, "densitas_penduduk": 904.5, "skor_poi": 0.0, "skor_penduduk": 0.041, "skor_aktivitas": 0.02, "kelas_aktivitas": "Sangat Rendah" }, "geometry": { "type": "Polygon", "coordinates": [ [ [ 110.365192959118559, -7.825983597449591 ], [ 110.363623341597531, -7.825076724125092 ], [ 110.362050981146908, -7.8259788585433 ], [ 110.362048230463827, -7.827787871462593 ], [ 110.363617853776617, -7.828694751073675 ], [ 110.365190221980725, -7.827792611477516 ], [ 110.365192959118559, -7.825983597449591 ] ] ] } },
{ "type": "Feature", "properties": { "hex_id": 36, "luas_km2": 0.1039, "poi_total": 3, "poi_kuliner": 1, "poi_peribadatan": 0, "poi_kesehatan": 2, "poi_pendidikan": 0, "poi_perkantoran": 0, "poi_pariwisata": 0, "poi_perdagangan": 0, "poi_transportasi": 0, "penduduk": 277, "densitas_poi": 28.87, "densitas_penduduk": 2665.4, "skor_poi": 0.094, "skor_penduduk": 0.121, "skor_aktivitas": 0.108, "kelas_aktivitas": "Sangat Rendah" }, "geometry": { "type": "Polygon", "coordinates": [ [ [ 110.368334939047074, -7.825988312962324 ], [ 110.366765313777407, -7.825081450781672 ], [ 110.365192959118559, -7.825983597449591 ], [ 110.365190221980725, -7.827792611477516 ], [ 110.366759853047, -7.82869947994204 ], [ 110.368332215454515, -7.827797328093407 ], [ 110.368334939047074, -7.825988312962324 ] ] ] } },
{ "type": "Feature", "properties": { "hex_id": 37, "luas_km2": 0.1039, "poi_total": 0, "poi_kuliner": 0, "poi_peribadatan": 0, "poi_kesehatan": 0, "poi_pendidikan": 0, "poi_perkantoran": 0, "poi_pariwisata": 0, "poi_perdagangan": 0, "poi_transportasi": 0, "penduduk": 51, "densitas_poi": 0.0, "densitas_penduduk": 490.7, "skor_poi": 0.0, "skor_penduduk": 0.022, "skor_aktivitas": 0.011, "kelas_aktivitas": "Sangat Rendah" }, "geometry": { "type": "Polygon", "coordinates": [ [ [ 110.371476920922746, -7.825993005081425 ], [ 110.369907287909285, -7.825086154047392 ], [ 110.368334939047074, -7.825988312962324 ], [ 110.368332215454515, -7.827797328093407 ], [ 110.369901854269472, -7.828704185408604 ], [ 110.371474210875519, -7.827802021310195 ], [ 110.371476920922746, -7.825993005081425 ] ] ] } },
{ "type": "Feature", "properties": { "hex_id": 38, "luas_km2": 0.1039, "poi_total": 0, "poi_kuliner": 0, "poi_peribadatan": 0, "poi_kesehatan": 0, "poi_pendidikan": 0, "poi_perkantoran": 0, "poi_pariwisata": 0, "poi_perdagangan": 0, "poi_transportasi": 0, "penduduk": 39, "densitas_poi": 0.0, "densitas_penduduk": 375.3, "skor_poi": 0.0, "skor_penduduk": 0.017, "skor_aktivitas": 0.008, "kelas_aktivitas": "Sangat Rendah" }, "geometry": { "type": "Polygon", "coordinates": [ [ [ 110.374618904735939, -7.825997673806832 ], [ 110.373049263983475, -7.825090833922183 ], [ 110.371476920922746, -7.825993005081425 ], [ 110.371474210875519, -7.827802021310195 ], [ 110.373043857434325, -7.828708867473291 ], [ 110.374616208234045, -7.82780669112781 ], [ 110.374618904735939, -7.825997673806832 ] ] ] } },
{ "type": "Feature", "properties": { "hex_id": 39, "luas_km2": 0.1039, "poi_total": 3, "poi_kuliner": 0, "poi_peribadatan": 1, "poi_kesehatan": 1, "poi_pendidikan": 1, "poi_perkantoran": 0, "poi_pariwisata": 0, "poi_perdagangan": 0, "poi_transportasi": 0, "penduduk": 655, "densitas_poi": 28.87, "densitas_penduduk": 6302.7, "skor_poi": 0.094, "skor_penduduk": 0.285, "skor_aktivitas": 0.19, "kelas_aktivitas": "Sangat Rendah" }, "geometry": { "type": "Polygon", "coordinates": [ [ [ 110.377760890476907, -7.826002319138467 ], [ 110.376191241990284, -7.825095490405978 ], [ 110.374618904735939, -7.825997673806832 ], [ 110.374616208234045, -7.82780669112781 ], [ 110.376185862531884, -7.828713526136031 ], [ 110.377758207520429, -7.827811337546177 ], [ 110.377760890476907, -7.826002319138467 ] ] ] } },
{ "type": "Feature", "properties": { "hex_id": 40, "luas_km2": 0.1039, "poi_total": 2, "poi_kuliner": 0, "poi_peribadatan": 1, "poi_kesehatan": 1, "poi_pendidikan": 0, "poi_perkantoran": 0, "poi_pariwisata": 0, "poi_perdagangan": 0, "poi_transportasi": 0, "penduduk": 913, "densitas_poi": 19.25, "densitas_penduduk": 8785.3, "skor_poi": 0.062, "skor_penduduk": 0.398, "skor_aktivitas": 0.23, "kelas_aktivitas": "Sangat Rendah" }, "geometry": { "type": "Polygon", "coordinates": [ [ [ 110.380902878136013, -7.826006941076258 ], [ 110.379333221920035, -7.825100123498704 ], [ 110.377760890476921, -7.826002319138467 ], [ 110.377758207520429, -7.827811337546177 ], [ 110.379327869552469, -7.828718161396761 ], [ 110.380900208724952, -7.82781596056524 ], [ 110.380902878136013, -7.826006941076258 ] ] ] } },
{ "type": "Feature", "properties": { "hex_id": 41, "luas_km2": 0.1039, "poi_total": 4, "poi_kuliner": 0, "poi_peribadatan": 3, "poi_kesehatan": 0, "poi_pendidikan": 1, "poi_perkantoran": 0, "poi_pariwisata": 0, "poi_perdagangan": 0, "poi_transportasi": 0, "penduduk": 913, "densitas_poi": 38.49, "densitas_penduduk": 8785.3, "skor_poi": 0.125, "skor_penduduk": 0.398, "skor_aktivitas": 0.262, "kelas_aktivitas": "Rendah" }, "geometry": { "type": "Polygon", "coordinates": [ [ [ 110.384044867703551, -7.826011539620145 ], [ 110.38247520376305, -7.825104733200289 ], [ 110.380902878136013, -7.826006941076258 ], [ 110.380900208724952, -7.82781596056524 ], [ 110.382469878486404, -7.828722773255406 ], [ 110.384042211837979, -7.827820560184917 ], [ 110.384044867703551, -7.826011539620145 ] ] ] } },
{ "type": "Feature", "properties": { "hex_id": 42, "luas_km2": 0.1039, "poi_total": 6, "poi_kuliner": 2, "poi_peribadatan": 1, "poi_kesehatan": 0, "poi_pendidikan": 3, "poi_perkantoran": 0, "poi_pariwisata": 0, "poi_perdagangan": 0, "poi_transportasi": 0, "penduduk": 913, "densitas_poi": 57.74, "densitas_penduduk": 8785.3, "skor_poi": 0.187, "skor_penduduk": 0.398, "skor_aktivitas": 0.292, "kelas_aktivitas": "Rendah" }, "geometry": { "type": "Polygon", "coordinates": [ [ [ 110.38718685916983, -7.826016114770055 ], [ 110.385617187509624, -7.825109319510672 ], [ 110.384044867703551, -7.826011539620145 ], [ 110.384042211837979, -7.827820560184917 ], [ 110.385611889323982, -7.828727361711901 ], [ 110.387184216849775, -7.827825136405148 ], [ 110.38718685916983, -7.826016114770055 ] ] ] } },
{ "type": "Feature", "properties": { "hex_id": 43, "luas_km2": 0.1039, "poi_total": 11, "poi_kuliner": 2, "poi_peribadatan": 1, "poi_kesehatan": 6, "poi_pendidikan": 2, "poi_perkantoran": 0, "poi_pariwisata": 0, "poi_perdagangan": 0, "poi_transportasi": 0, "penduduk": 913, "densitas_poi": 105.85, "densitas_penduduk": 8785.3, "skor_poi": 0.344, "skor_penduduk": 0.398, "skor_aktivitas": 0.371, "kelas_aktivitas": "Sedang" }, "geometry": { "type": "Polygon", "coordinates": [ [ [ 110.390328852525187, -7.82602066652592 ], [ 110.388759173150106, -7.825113882429779 ], [ 110.38718685916983, -7.826016114770055 ], [ 110.387184216849775, -7.827825136405148 ], [ 110.388753902055527, -7.828731926766175 ], [ 110.390326223750691, -7.827829689225859 ], [ 110.390328852525187, -7.82602066652592 ] ] ] } },
{ "type": "Feature", "properties": { "hex_id": 44, "luas_km2": 0.1039, "poi_total": 7, "poi_kuliner": 1, "poi_peribadatan": 2, "poi_kesehatan": 2, "poi_pendidikan": 2, "poi_perkantoran": 0, "poi_pariwisata": 0, "poi_perdagangan": 0, "poi_transportasi": 0, "penduduk": 982, "densitas_poi": 67.36, "densitas_penduduk": 9449.3, "skor_poi": 0.219, "skor_penduduk": 0.428, "skor_aktivitas": 0.324, "kelas_aktivitas": "Rendah" }, "geometry": { "type": "Polygon", "coordinates": [ [ [ 110.393470847759943, -7.826025194887666 ], [ 110.391901160674792, -7.825118421957542 ], [ 110.390328852525187, -7.82602066652592 ], [ 110.390326223750691, -7.827829689225859 ], [ 110.391895916671373, -7.82873646841816 ], [ 110.393468232531035, -7.827834218646984 ], [ 110.393470847759943, -7.826025194887666 ] ] ] } },
{ "type": "Feature", "properties": { "hex_id": 45, "luas_km2": 0.1039, "poi_total": 9, "poi_kuliner": 2, "poi_peribadatan": 2, "poi_kesehatan": 1, "poi_pendidikan": 3, "poi_perkantoran": 1, "poi_pariwisata": 0, "poi_perdagangan": 0, "poi_transportasi": 0, "penduduk": 776, "densitas_poi": 86.6, "densitas_penduduk": 7467.1, "skor_poi": 0.281, "skor_penduduk": 0.338, "skor_aktivitas": 0.31, "kelas_aktivitas": "Rendah" }, "geometry": { "type": "Polygon", "coordinates": [ [ [ 110.396612844864379, -7.826029699855239 ], [ 110.395043150074002, -7.825122938093894 ], [ 110.393470847759943, -7.826025194887666 ], [ 110.393468232531035, -7.827834218646984 ], [ 110.395037933161802, -7.828740986667786 ], [ 110.396610243181115, -7.827838724668455 ], [ 110.396612844864379, -7.826029699855239 ] ] ] } },
{ "type": "Feature", "properties": { "hex_id": 46, "luas_km2": 0.1039, "poi_total": 8, "poi_kuliner": 2, "poi_peribadatan": 2, "poi_kesehatan": 2, "poi_pendidikan": 1, "poi_perkantoran": 1, "poi_pariwisata": 0, "poi_perdagangan": 0, "poi_transportasi": 0, "penduduk": 951, "densitas_poi": 76.98, "densitas_penduduk": 9151.0, "skor_poi": 0.25, "skor_penduduk": 0.414, "skor_aktivitas": 0.332, "kelas_aktivitas": "Rendah" }, "geometry": { "type": "Polygon", "coordinates": [ [ [ 110.399754843828845, -7.82603418142856 ], [ 110.398185141338033, -7.825127430838765 ], [ 110.396612844864379, -7.826029699855239 ], [ 110.396610243181129, -7.827838724668455 ], [ 110.398179951517164, -7.828745481514991 ], [ 110.399752255691254, -7.827843207290205 ], [ 110.399754843828845, -7.82603418142856 ] ] ] } },
{ "type": "Feature", "properties": { "hex_id": 47, "luas_km2": 0.1039, "poi_total": 13, "poi_kuliner": 3, "poi_peribadatan": 6, "poi_kesehatan": 2, "poi_pendidikan": 2, "poi_perkantoran": 0, "poi_pariwisata": 0, "poi_perdagangan": 0, "poi_transportasi": 0, "penduduk": 1248, "densitas_poi": 125.09, "densitas_penduduk": 12008.9, "skor_poi": 0.406, "skor_penduduk": 0.544, "skor_aktivitas": 0.475, "kelas_aktivitas": "Tinggi" }, "geometry": { "type": "Polygon", "coordinates": [ [ [ 110.402896844643635, -7.826038639607565 ], [ 110.401327134457233, -7.825131900192095 ], [ 110.399754843828845, -7.82603418142856 ], [ 110.399752255691254, -7.827843207290205 ], [ 110.401321971727754, -7.828749952959707 ], [ 110.40289427005176, -7.827847666512167 ], [ 110.402896844643635, -7.826038639607565 ] ] ] } },
{ "type": "Feature", "properties": { "hex_id": 48, "luas_km2": 0.1039, "poi_total": 12, "poi_kuliner": 3, "poi_peribadatan": 2, "poi_kesehatan": 6, "poi_pendidikan": 1, "poi_perkantoran": 0, "poi_pariwisata": 0, "poi_perdagangan": 0, "poi_transportasi": 0, "penduduk": 808, "densitas_poi": 115.47, "densitas_penduduk": 7775.0, "skor_poi": 0.375, "skor_penduduk": 0.352, "skor_aktivitas": 0.364, "kelas_aktivitas": "Sedang" }, "geometry": { "type": "Polygon", "coordinates": [ [ [ 110.406038847299072, -7.826043074392187 ], [ 110.404469129421912, -7.825136346153813 ], [ 110.402896844643635, -7.826038639607565 ], [ 110.40289427005176, -7.827847666512167 ], [ 110.404463993783892, -7.828754401001861 ], [ 110.406036286252956, -7.827852102334272 ], [ 110.406038847299072, -7.826043074392187 ] ] ] } },
{ "type": "Feature", "properties": { "hex_id": 49, "luas_km2": 0.1039, "poi_total": 4, "poi_kuliner": 2, "poi_peribadatan": 2, "poi_kesehatan": 0, "poi_pendidikan": 0, "poi_perkantoran": 0, "poi_pariwisata": 0, "poi_perdagangan": 0, "poi_transportasi": 0, "penduduk": 1097, "densitas_poi": 38.49, "densitas_penduduk": 10555.9, "skor_poi": 0.125, "skor_penduduk": 0.478, "skor_aktivitas": 0.302, "kelas_aktivitas": "Rendah" }, "geometry": { "type": "Polygon", "coordinates": [ [ [ 110.354200220417269, -7.823253393453538 ], [ 110.352630639711336, -7.822346481875428 ], [ 110.351058269682454, -7.823248574362002 ], [ 110.351055472591611, -7.82505758359161 ], [ 110.352625059069908, -7.825964501463773 ], [ 110.35419743686667, -7.825062403810913 ], [ 110.354200220417269, -7.823253393453538 ] ] ] } },
{ "type": "Feature", "properties": { "hex_id": 50, "luas_km2": 0.1039, "poi_total": 8, "poi_kuliner": 2, "poi_peribadatan": 2, "poi_kesehatan": 1, "poi_pendidikan": 0, "poi_perkantoran": 0, "poi_pariwisata": 0, "poi_perdagangan": 3, "poi_transportasi": 0, "penduduk": 1413, "densitas_poi": 76.98, "densitas_penduduk": 13596.6, "skor_poi": 0.25, "skor_penduduk": 0.616, "skor_aktivitas": 0.433, "kelas_aktivitas": "Tinggi" }, "geometry": { "type": "Polygon", "coordinates": [ [ [ 110.357342173142783, -7.82325818915997 ], [ 110.355772584673787, -7.822351288711905 ], [ 110.354200220417269, -7.823253393453538 ], [ 110.35419743686667, -7.825062403810913 ], [ 110.35576703111289, -7.825969310550319 ], [ 110.357339403132485, -7.825067200639641 ], [ 110.357342173142783, -7.82325818915997 ] ] ] } },
{ "type": "Feature", "properties": { "hex_id": 51, "luas_km2": 0.1039, "poi_total": 6, "poi_kuliner": 2, "poi_peribadatan": 2, "poi_kesehatan": 1, "poi_pendidikan": 1, "poi_perkantoran": 0, "poi_pariwisata": 0, "poi_perdagangan": 0, "poi_transportasi": 0, "penduduk": 1242, "densitas_poi": 57.74, "densitas_penduduk": 11951.2, "skor_poi": 0.187, "skor_penduduk": 0.541, "skor_aktivitas": 0.364, "kelas_aktivitas": "Sedang" }, "geometry": { "type": "Polygon", "coordinates": [ [ [ 110.360484127849304, -7.823262961481229 ], [ 110.358914531622077, -7.822356072165986 ], [ 110.357342173142783, -7.82325818915997 ], [ 110.357339403132485, -7.825067200639641 ], [ 110.358909005141783, -7.825974096243518 ], [ 110.360481371379322, -7.825071974077725 ], [ 110.360484127849304, -7.823262961481229 ] ] ] } },
{ "type": "Feature", "properties": { "hex_id": 52, "luas_km2": 0.1039, "poi_total": 8, "poi_kuliner": 3, "poi_peribadatan": 1, "poi_kesehatan": 3, "poi_pendidikan": 1, "poi_perkantoran": 0, "poi_pariwisata": 0, "poi_perdagangan": 0, "poi_transportasi": 0, "penduduk": 1297, "densitas_poi": 76.98, "densitas_penduduk": 12480.4, "skor_poi": 0.25, "skor_penduduk": 0.565, "skor_aktivitas": 0.408, "kelas_aktivitas": "Sedang" }, "geometry": { "type": "Polygon", "coordinates": [ [ [ 110.363626084527141, -7.823267710417245 ], [ 110.362056480546499, -7.822360832237591 ], [ 110.360484127849304, -7.823262961481229 ], [ 110.360481371379322, -7.825071974077725 ], [ 110.362050981146908, -7.8259788585433 ], [ 110.363623341597531, -7.825076724125092 ], [ 110.363626084527141, -7.823267710417245 ] ] ] } },
{ "type": "Feature", "properties": { "hex_id": 53, "luas_km2": 0.1039, "poi_total": 13, "poi_kuliner": 3, "poi_peribadatan": 1, "poi_kesehatan": 6, "poi_pendidikan": 2, "poi_perkantoran": 1, "poi_pariwisata": 0, "poi_perdagangan": 0, "poi_transportasi": 0, "penduduk": 1362, "densitas_poi": 125.09, "densitas_penduduk": 13105.9, "skor_poi": 0.406, "skor_penduduk": 0.593, "skor_aktivitas": 0.5, "kelas_aktivitas": "Tinggi" }, "geometry": { "type": "Polygon", "coordinates": [ [ [ 110.366768043166601, -7.823272435967944 ], [ 110.365198431437364, -7.822365568926652 ], [ 110.363626084527141, -7.823267710417245 ], [ 110.363623341597531, -7.825076724125092 ], [ 110.365192959118559, -7.825983597449591 ], [ 110.366765313777407, -7.825081450781672 ], [ 110.366768043166601, -7.823272435967944 ] ] ] } },
{ "type": "Feature", "properties": { "hex_id": 54, "luas_km2": 0.1039, "poi_total": 9, "poi_kuliner": 5, "poi_peribadatan": 0, "poi_kesehatan": 2, "poi_pendidikan": 0, "poi_perkantoran": 1, "poi_pariwisata": 1, "poi_perdagangan": 0, "poi_transportasi": 0, "penduduk": 1316, "densitas_poi": 86.6, "densitas_penduduk": 12663.2, "skor_poi": 0.281, "skor_penduduk": 0.573, "skor_aktivitas": 0.427, "kelas_aktivitas": "Sedang" }, "geometry": { "type": "Polygon", "coordinates": [ [ [ 110.369910003758022, -7.823277138133258 ], [ 110.368340384285034, -7.822370282233098 ], [ 110.366768043166601, -7.823272435967944 ], [ 110.366765313777407, -7.825081450781672 ], [ 110.368334939047074, -7.825988312962324 ], [ 110.369907287909285, -7.825086154047392 ], [ 110.369910003758022, -7.823277138133258 ] ] ] } },
{ "type": "Feature", "properties": { "hex_id": 55, "luas_km2": 0.1039, "poi_total": 4, "poi_kuliner": 1, "poi_peribadatan": 1, "poi_kesehatan": 0, "poi_pendidikan": 2, "poi_perkantoran": 0, "poi_pariwisata": 0, "poi_perdagangan": 0, "poi_transportasi": 0, "penduduk": 1128, "densitas_poi": 38.49, "densitas_penduduk": 10854.2, "skor_poi": 0.125, "skor_penduduk": 0.492, "skor_aktivitas": 0.308, "kelas_aktivitas": "Rendah" }, "geometry": { "type": "Polygon", "coordinates": [ [ [ 110.373051966291712, -7.823281816913115 ], [ 110.371482339079762, -7.822374972156863 ], [ 110.369910003758022, -7.823277138133258 ], [ 110.369907287909285, -7.825086154047392 ], [ 110.371476920922746, -7.825993005081425 ], [ 110.373049263983475, -7.825090833922183 ], [ 110.373051966291712, -7.823281816913115 ] ] ] } },
{ "type": "Feature", "properties": { "hex_id": 56, "luas_km2": 0.1039, "poi_total": 4, "poi_kuliner": 1, "poi_peribadatan": 0, "poi_kesehatan": 0, "poi_pendidikan": 2, "poi_perkantoran": 0, "poi_pariwisata": 0, "poi_perdagangan": 1, "poi_transportasi": 0, "penduduk": 810, "densitas_poi": 38.49, "densitas_penduduk": 7794.2, "skor_poi": 0.125, "skor_penduduk": 0.353, "skor_aktivitas": 0.239, "kelas_aktivitas": "Rendah" }, "geometry": { "type": "Polygon", "coordinates": [ [ [ 110.376193930757992, -7.823286472307446 ], [ 110.374624295811913, -7.822379638697871 ], [ 110.373051966291712, -7.823281816913115 ], [ 110.373049263983475, -7.825090833922183 ], [ 110.374618904735939, -7.825997673806832 ], [ 110.37619124199027, -7.825095490405978 ], [ 110.376193930757992, -7.823286472307446 ] ] ] } },
{ "type": "Feature", "properties": { "hex_id": 57, "luas_km2": 0.1039, "poi_total": 10, "poi_kuliner": 2, "poi_peribadatan": 4, "poi_kesehatan": 4, "poi_pendidikan": 0, "poi_perkantoran": 0, "poi_pariwisata": 0, "poi_perdagangan": 0, "poi_transportasi": 0, "penduduk": 913, "densitas_poi": 96.23, "densitas_penduduk": 8785.3, "skor_poi": 0.312, "skor_penduduk": 0.398, "skor_aktivitas": 0.355, "kelas_aktivitas": "Rendah" }, "geometry": { "type": "Polygon", "coordinates": [ [ [ 110.379335897147172, -7.823291104316182 ], [ 110.37776625447178, -7.822384281856053 ], [ 110.376193930757992, -7.823286472307446 ], [ 110.376191241990284, -7.825095490405978 ], [ 110.377760890476907, -7.826002319138467 ], [ 110.379333221920035, -7.825100123498704 ], [ 110.379335897147172, -7.823291104316182 ] ] ] } },
{ "type": "Feature", "properties": { "hex_id": 58, "luas_km2": 0.1039, "poi_total": 13, "poi_kuliner": 5, "poi_peribadatan": 1, "poi_kesehatan": 3, "poi_pendidikan": 2, "poi_perkantoran": 2, "poi_pariwisata": 0, "poi_perdagangan": 0, "poi_transportasi": 0, "penduduk": 913, "densitas_poi": 125.09, "densitas_penduduk": 8785.3, "skor_poi": 0.406, "skor_penduduk": 0.398, "skor_aktivitas": 0.402, "kelas_aktivitas": "Sedang" }, "geometry": { "type": "Polygon", "coordinates": [ [ [ 110.382477865449573, -7.823295712939255 ], [ 110.380908215049701, -7.822388901631344 ], [ 110.379335897147172, -7.823291104316182 ], [ 110.379333221920035, -7.825100123498704 ], [ 110.380902878136013, -7.826006941076258 ], [ 110.38247520376305, -7.825104733200289 ], [ 110.382477865449573, -7.823295712939255 ] ] ] } },
{ "type": "Feature", "properties": { "hex_id": 59, "luas_km2": 0.1039, "poi_total": 15, "poi_kuliner": 3, "poi_peribadatan": 3, "poi_kesehatan": 5, "poi_pendidikan": 4, "poi_perkantoran": 0, "poi_pariwisata": 0, "poi_perdagangan": 0, "poi_transportasi": 0, "penduduk": 913, "densitas_poi": 144.34, "densitas_penduduk": 8785.3, "skor_poi": 0.469, "skor_penduduk": 0.398, "skor_aktivitas": 0.434, "kelas_aktivitas": "Tinggi" }, "geometry": { "type": "Polygon", "coordinates": [ [ [ 110.385619835655504, -7.823300298176592 ], [ 110.384050177535954, -7.822393498023672 ], [ 110.382477865449573, -7.823295712939255 ], [ 110.38247520376305, -7.825104733200289 ], [ 110.384044867703551, -7.826011539620145 ], [ 110.385617187509624, -7.825109319510672 ], [ 110.385619835655504, -7.823300298176592 ] ] ] } },
{ "type": "Feature", "properties": { "hex_id": 60, "luas_km2": 0.1039, "poi_total": 9, "poi_kuliner": 2, "poi_peribadatan": 3, "poi_kesehatan": 2, "poi_pendidikan": 1, "poi_perkantoran": 1, "poi_pariwisata": 0, "poi_perdagangan": 0, "poi_transportasi": 0, "penduduk": 913, "densitas_poi": 86.6, "densitas_penduduk": 8785.3, "skor_poi": 0.281, "skor_penduduk": 0.398, "skor_aktivitas": 0.34, "kelas_aktivitas": "Rendah" }, "geometry": { "type": "Polygon", "coordinates": [ [ [ 110.388761807755287, -7.823304860028129 ], [ 110.387192141920906, -7.822398071032967 ], [ 110.385619835655504, -7.823300298176592 ], [ 110.385617187509624, -7.825109319510672 ], [ 110.38718685916983, -7.826016114770055 ], [ 110.388759173150106, -7.825113882429779 ], [ 110.388761807755287, -7.823304860028129 ] ] ] } },
{ "type": "Feature", "properties": { "hex_id": 61, "luas_km2": 0.1039, "poi_total": 9, "poi_kuliner": 3, "poi_peribadatan": 3, "poi_kesehatan": 2, "poi_pendidikan": 1, "poi_perkantoran": 0, "poi_pariwisata": 0, "poi_perdagangan": 0, "poi_transportasi": 0, "penduduk": 1078, "densitas_poi": 86.6, "densitas_penduduk": 10373.1, "skor_poi": 0.281, "skor_penduduk": 0.47, "skor_aktivitas": 0.376, "kelas_aktivitas": "Sedang" }, "geometry": { "type": "Polygon", "coordinates": [ [ [ 110.391903781739231, -7.823309398493796 ], [ 110.390334108194821, -7.822402620659162 ], [ 110.388761807755287, -7.823304860028129 ], [ 110.388759173150106, -7.825113882429779 ], [ 110.390328852525187, -7.82602066652592 ], [ 110.391901160674777, -7.825118421957542 ], [ 110.391903781739231, -7.823309398493796 ] ] ] } },
{ "type": "Feature", "properties": { "hex_id": 62, "luas_km2": 0.1039, "poi_total": 6, "poi_kuliner": 0, "poi_peribadatan": 1, "poi_kesehatan": 0, "poi_pendidikan": 2, "poi_perkantoran": 0, "poi_pariwisata": 3, "poi_perdagangan": 0, "poi_transportasi": 0, "penduduk": 1073, "densitas_poi": 57.74, "densitas_penduduk": 10324.9, "skor_poi": 0.187, "skor_penduduk": 0.468, "skor_aktivitas": 0.328, "kelas_aktivitas": "Rendah" }, "geometry": { "type": "Polygon", "coordinates": [ [ [ 110.395045757597657, -7.823313913573523 ], [ 110.393476076348065, -7.822407146902192 ], [ 110.391903781739231, -7.823309398493796 ], [ 110.391901160674792, -7.825118421957542 ], [ 110.393470847759943, -7.826025194887666 ], [ 110.395043150074002, -7.825122938093894 ], [ 110.395045757597657, -7.823313913573523 ] ] ] } },
{ "type": "Feature", "properties": { "hex_id": 63, "luas_km2": 0.1039, "poi_total": 5, "poi_kuliner": 3, "poi_peribadatan": 1, "poi_kesehatan": 0, "poi_pendidikan": 1, "poi_perkantoran": 0, "poi_pariwisata": 0, "poi_perdagangan": 0, "poi_transportasi": 0, "penduduk": 1248, "densitas_poi": 48.11, "densitas_penduduk": 12008.9, "skor_poi": 0.156, "skor_penduduk": 0.544, "skor_aktivitas": 0.35, "kelas_aktivitas": "Rendah" }, "geometry": { "type": "Polygon", "coordinates": [ [ [ 110.398187735320889, -7.823318405267244 ], [ 110.396618046370918, -7.822411649761982 ], [ 110.395045757597657, -7.823313913573523 ], [ 110.395043150074002, -7.825122938093894 ], [ 110.396612844864379, -7.826029699855239 ], [ 110.398185141338033, -7.825127430838765 ], [ 110.398187735320889, -7.823318405267244 ] ] ] } },
{ "type": "Feature", "properties": { "hex_id": 64, "luas_km2": 0.1039, "poi_total": 12, "poi_kuliner": 0, "poi_peribadatan": 4, "poi_kesehatan": 1, "poi_pendidikan": 4, "poi_perkantoran": 2, "poi_pariwisata": 0, "poi_perdagangan": 0, "poi_transportasi": 1, "penduduk": 1248, "densitas_poi": 115.47, "densitas_penduduk": 12008.9, "skor_poi": 0.375, "skor_penduduk": 0.544, "skor_aktivitas": 0.46, "kelas_aktivitas": "Tinggi" }, "geometry": { "type": "Polygon", "coordinates": [ [ [ 110.401329714899234, -7.823322873574897 ], [ 110.399760018253701, -7.822416129238472 ], [ 110.398187735320889, -7.823318405267244 ], [ 110.398185141338033, -7.825127430838765 ], [ 110.399754843828845, -7.82603418142856 ], [ 110.401327134457233, -7.825131900192095 ], [ 110.401329714899234, -7.823322873574897 ] ] ] } },
{ "type": "Feature", "properties": { "hex_id": 65, "luas_km2": 0.1039, "poi_total": 2, "poi_kuliner": 0, "poi_peribadatan": 2, "poi_kesehatan": 0, "poi_pendidikan": 0, "poi_perkantoran": 0, "poi_pariwisata": 0, "poi_perdagangan": 0, "poi_transportasi": 0, "penduduk": 1229, "densitas_poi": 19.25, "densitas_penduduk": 11826.1, "skor_poi": 0.062, "skor_penduduk": 0.536, "skor_aktivitas": 0.299, "kelas_aktivitas": "Rendah" }, "geometry": { "type": "Polygon", "coordinates": [ [ [ 110.404471696323014, -7.823327318496405 ], [ 110.402901991986766, -7.82242058533159 ], [ 110.401329714899234, -7.823322873574897 ], [ 110.401327134457233, -7.825131900192095 ], [ 110.402896844643635, -7.826038639607565 ], [ 110.404469129421912, -7.825136346153813 ], [ 110.404471696323014, -7.823327318496405 ] ] ] } },
{ "type": "Feature", "properties": { "hex_id": 66, "luas_km2": 0.1039, "poi_total": 0, "poi_kuliner": 0, "poi_peribadatan": 0, "poi_kesehatan": 0, "poi_pendidikan": 0, "poi_perkantoran": 0, "poi_pariwisata": 0, "poi_perdagangan": 0, "poi_transportasi": 0, "penduduk": 111, "densitas_poi": 0.0, "densitas_penduduk": 1068.1, "skor_poi": 0.0, "skor_penduduk": 0.048, "skor_aktivitas": 0.024, "kelas_aktivitas": "Sangat Rendah" }, "geometry": { "type": "Polygon", "coordinates": [ [ [ 110.407613679582539, -7.823331740031709 ], [ 110.406043967560379, -7.822425018041276 ], [ 110.404471696323014, -7.823327318496405 ], [ 110.404469129421912, -7.825136346153813 ], [ 110.406038847299072, -7.826043074392187 ], [ 110.407611126222363, -7.825140768723852 ], [ 110.407613679582539, -7.823331740031709 ] ] ] } },
{ "type": "Feature", "properties": { "hex_id": 67, "luas_km2": 0.1039, "poi_total": 3, "poi_kuliner": 0, "poi_peribadatan": 2, "poi_kesehatan": 0, "poi_pendidikan": 1, "poi_perkantoran": 0, "poi_pariwisata": 0, "poi_perdagangan": 0, "poi_transportasi": 0, "penduduk": 658, "densitas_poi": 28.87, "densitas_penduduk": 6331.6, "skor_poi": 0.094, "skor_penduduk": 0.287, "skor_aktivitas": 0.19, "kelas_aktivitas": "Sangat Rendah" }, "geometry": { "type": "Polygon", "coordinates": [ [ [ 110.352633429034299, -7.820537471847728 ], [ 110.351063861863764, -7.819630555435736 ], [ 110.349491499602735, -7.820532642759412 ], [ 110.349488696744388, -7.82234165165662 ], [ 110.351058269682454, -7.823248574362002 ], [ 110.352630639711336, -7.822346481875428 ], [ 110.352633429034299, -7.820537471847728 ] ] ] } },
{ "type": "Feature", "properties": { "hex_id": 68, "luas_km2": 0.1039, "poi_total": 13, "poi_kuliner": 4, "poi_peribadatan": 3, "poi_kesehatan": 6, "poi_pendidikan": 0, "poi_perkantoran": 0, "poi_pariwisata": 0, "poi_perdagangan": 0, "poi_transportasi": 0, "penduduk": 1416, "densitas_poi": 125.09, "densitas_penduduk": 13625.5, "skor_poi": 0.406, "skor_penduduk": 0.617, "skor_aktivitas": 0.512, "kelas_aktivitas": "Tinggi" }, "geometry": { "type": "Polygon", "coordinates": [ [ [ 110.355775360461323, -7.820542277559187 ], [ 110.354205785527782, -7.819635372271757 ], [ 110.352633429034299, -7.820537471847728 ], [ 110.352630639711336, -7.822346481875428 ], [ 110.354200220417269, -7.823253393453538 ], [ 110.355772584673787, -7.822351288711905 ], [ 110.355775360461323, -7.820542277559187 ] ] ] } },
{ "type": "Feature", "properties": { "hex_id": 69, "luas_km2": 0.1039, "poi_total": 6, "poi_kuliner": 2, "poi_peribadatan": 1, "poi_kesehatan": 1, "poi_pendidikan": 1, "poi_perkantoran": 1, "poi_pariwisata": 0, "poi_perdagangan": 0, "poi_transportasi": 0, "penduduk": 1416, "densitas_poi": 57.74, "densitas_penduduk": 13625.5, "skor_poi": 0.187, "skor_penduduk": 0.617, "skor_aktivitas": 0.402, "kelas_aktivitas": "Sedang" }, "geometry": { "type": "Polygon", "coordinates": [ [ [ 110.358917293874143, -7.820547059893719 ], [ 110.357347711182413, -7.819640165733622 ], [ 110.355775360461323, -7.820542277559187 ], [ 110.355772584673787, -7.822351288711905 ], [ 110.357342173142783, -7.82325818915997 ], [ 110.358914531622077, -7.822356072165986 ], [ 110.358917293874143, -7.820547059893719 ] ] ] } },
{ "type": "Feature", "properties": { "hex_id": 70, "luas_km2": 0.1039, "poi_total": 12, "poi_kuliner": 3, "poi_peribadatan": 1, "poi_kesehatan": 5, "poi_pendidikan": 1, "poi_perkantoran": 2, "poi_pariwisata": 0, "poi_perdagangan": 0, "poi_transportasi": 0, "penduduk": 1416, "densitas_poi": 115.47, "densitas_penduduk": 13625.5, "skor_poi": 0.375, "skor_penduduk": 0.617, "skor_aktivitas": 0.496, "kelas_aktivitas": "Tinggi" }, "geometry": { "type": "Polygon", "coordinates": [ [ [ 110.362059229263068, -7.82055181885125 ], [ 110.360489638817953, -7.819644935821259 ], [ 110.358917293874143, -7.820547059893719 ], [ 110.358914531622077, -7.822356072165986 ], [ 110.360484127849304, -7.823262961481229 ], [ 110.362056480546499, -7.822360832237591 ], [ 110.362059229263068, -7.82055181885125 ] ] ] } },
{ "type": "Feature", "properties": { "hex_id": 71, "luas_km2": 0.1039, "poi_total": 5, "poi_kuliner": 3, "poi_peribadatan": 1, "poi_kesehatan": 0, "poi_pendidikan": 1, "poi_perkantoran": 0, "poi_pariwisata": 0, "poi_perdagangan": 0, "poi_transportasi": 0, "penduduk": 1416, "densitas_poi": 48.11, "densitas_penduduk": 13625.5, "skor_poi": 0.156, "skor_penduduk": 0.617, "skor_aktivitas": 0.386, "kelas_aktivitas": "Sedang" }, "geometry": { "type": "Polygon", "coordinates": [ [ [ 110.365201166618391, -7.820556554431708 ], [ 110.363631568424722, -7.819649682534598 ], [ 110.362059229263068, -7.82055181885125 ], [ 110.362056480546499, -7.822360832237591 ], [ 110.363626084527141, -7.823267710417245 ], [ 110.365198431437364, -7.822365568926652 ], [ 110.365201166618391, -7.820556554431708 ] ] ] } },
{ "type": "Feature", "properties": { "hex_id": 72, "luas_km2": 0.1039, "poi_total": 17, "poi_kuliner": 8, "poi_peribadatan": 2, "poi_kesehatan": 6, "poi_pendidikan": 1, "poi_perkantoran": 0, "poi_pariwisata": 0, "poi_perdagangan": 0, "poi_transportasi": 0, "penduduk": 1414, "densitas_poi": 163.58, "densitas_penduduk": 13606.2, "skor_poi": 0.531, "skor_penduduk": 0.616, "skor_aktivitas": 0.574, "kelas_aktivitas": "Sangat Tinggi" }, "geometry": { "type": "Polygon", "coordinates": [ [ [ 110.36834310593045, -7.820561266635027 ], [ 110.366773499993059, -7.819654405873566 ], [ 110.365201166618391, -7.820556554431708 ], [ 110.365198431437364, -7.822365568926652 ], [ 110.366768043166601, -7.823272435967944 ], [ 110.368340384285034, -7.822370282233098 ], [ 110.36834310593045, -7.820561266635027 ] ] ] } },
{ "type": "Feature", "properties": { "hex_id": 73, "luas_km2": 0.1039, "poi_total": 9, "poi_kuliner": 1, "poi_peribadatan": 4, "poi_kesehatan": 3, "poi_pendidikan": 1, "poi_perkantoran": 0, "poi_pariwisata": 0, "poi_perdagangan": 0, "poi_transportasi": 0, "penduduk": 1393, "densitas_poi": 86.6, "densitas_penduduk": 13404.1, "skor_poi": 0.281, "skor_penduduk": 0.607, "skor_aktivitas": 0.444, "kelas_aktivitas": "Tinggi" }, "geometry": { "type": "Polygon", "coordinates": [ [ [ 110.371485047189552, -7.820565955461134 ], [ 110.369915433513256, -7.819659105838094 ], [ 110.36834310593045, -7.820561266635027 ], [ 110.368340384285034, -7.822370282233098 ], [ 110.369910003758022, -7.823277138133258 ], [ 110.371482339079762, -7.822374972156863 ], [ 110.371485047189552, -7.820565955461134 ] ] ] } },
{ "type": "Feature", "properties": { "hex_id": 74, "luas_km2": 0.1039, "poi_total": 8, "poi_kuliner": 3, "poi_peribadatan": 2, "poi_kesehatan": 2, "poi_pendidikan": 1, "poi_perkantoran": 0, "poi_pariwisata": 0, "poi_perdagangan": 0, "poi_transportasi": 0, "penduduk": 1393, "densitas_poi": 76.98, "densitas_penduduk": 13404.1, "skor_poi": 0.25, "skor_penduduk": 0.607, "skor_aktivitas": 0.428, "kelas_aktivitas": "Sedang" }, "geometry": { "type": "Polygon", "coordinates": [ [ [ 110.374626990386048, -7.820570620909957 ], [ 110.373057368975651, -7.819663782428112 ], [ 110.371485047189552, -7.820565955461134 ], [ 110.371482339079762, -7.822374972156863 ], [ 110.373051966291712, -7.823281816913115 ], [ 110.374624295811913, -7.822379638697871 ], [ 110.374626990386048, -7.820570620909957 ] ] ] } },
{ "type": "Feature", "properties": { "hex_id": 75, "luas_km2": 0.1039, "poi_total": 7, "poi_kuliner": 1, "poi_peribadatan": 2, "poi_kesehatan": 1, "poi_pendidikan": 0, "poi_perkantoran": 3, "poi_pariwisata": 0, "poi_perdagangan": 0, "poi_transportasi": 0, "penduduk": 1106, "densitas_poi": 67.36, "densitas_penduduk": 10642.5, "skor_poi": 0.219, "skor_penduduk": 0.482, "skor_aktivitas": 0.35, "kelas_aktivitas": "Rendah" }, "geometry": { "type": "Polygon", "coordinates": [ [ [ 110.37776893551019, -7.82057526298143 ], [ 110.376199306370538, -7.819668435643548 ], [ 110.374626990386048, -7.820570620909957 ], [ 110.374624295811913, -7.822379638697871 ], [ 110.376193930757992, -7.823286472307446 ], [ 110.37776625447178, -7.822384281856053 ], [ 110.37776893551019, -7.82057526298143 ] ] ] } },
{ "type": "Feature", "properties": { "hex_id": 76, "luas_km2": 0.1039, "poi_total": 2, "poi_kuliner": 0, "poi_peribadatan": 0, "poi_kesehatan": 1, "poi_pendidikan": 1, "poi_perkantoran": 0, "poi_pariwisata": 0, "poi_perdagangan": 0, "poi_transportasi": 0, "penduduk": 913, "densitas_poi": 19.25, "densitas_penduduk": 8785.3, "skor_poi": 0.062, "skor_penduduk": 0.398, "skor_aktivitas": 0.23, "kelas_aktivitas": "Sangat Rendah" }, "geometry": { "type": "Polygon", "coordinates": [ [ [ 110.380910882552357, -7.82057988167548 ], [ 110.379341245688252, -7.819673065484334 ], [ 110.37776893551019, -7.82057526298143 ], [ 110.37776625447178, -7.822384281856053 ], [ 110.379335897147172, -7.823291104316182 ], [ 110.380908215049701, -7.822388901631344 ], [ 110.380910882552357, -7.82057988167548 ] ] ] } },
{ "type": "Feature", "properties": { "hex_id": 77, "luas_km2": 0.1039, "poi_total": 10, "poi_kuliner": 1, "poi_peribadatan": 2, "poi_kesehatan": 1, "poi_pendidikan": 5, "poi_perkantoran": 1, "poi_pariwisata": 0, "poi_perdagangan": 0, "poi_transportasi": 0, "penduduk": 913, "densitas_poi": 96.23, "densitas_penduduk": 8785.3, "skor_poi": 0.312, "skor_penduduk": 0.398, "skor_aktivitas": 0.355, "kelas_aktivitas": "Rendah" }, "geometry": { "type": "Polygon", "coordinates": [ [ [ 110.384052831502828, -7.820584476992038 ], [ 110.382483186919103, -7.819677671950402 ], [ 110.380910882552357, -7.82057988167548 ], [ 110.380908215049701, -7.822388901631344 ], [ 110.382477865449573, -7.823295712939255 ], [ 110.384050177535954, -7.822393498023672 ], [ 110.384052831502828, -7.820584476992038 ] ] ] } },
{ "type": "Feature", "properties": { "hex_id": 78, "luas_km2": 0.1039, "poi_total": 5, "poi_kuliner": 0, "poi_peribadatan": 2, "poi_kesehatan": 0, "poi_pendidikan": 2, "poi_perkantoran": 0, "poi_pariwisata": 1, "poi_perdagangan": 0, "poi_transportasi": 0, "penduduk": 913, "densitas_poi": 48.11, "densitas_penduduk": 8785.3, "skor_poi": 0.156, "skor_penduduk": 0.398, "skor_aktivitas": 0.277, "kelas_aktivitas": "Rendah" }, "geometry": { "type": "Polygon", "coordinates": [ [ [ 110.387194782351926, -7.820589048931042 ], [ 110.385625130053413, -7.819682255041679 ], [ 110.384052831502828, -7.820584476992038 ], [ 110.384050177535954, -7.822393498023672 ], [ 110.385619835655504, -7.823300298176592 ], [ 110.387192141920906, -7.822398071032967 ], [ 110.387194782351926, -7.820589048931042 ] ] ] } },
{ "type": "Feature", "properties": { "hex_id": 79, "luas_km2": 0.1039, "poi_total": 6, "poi_kuliner": 0, "poi_peribadatan": 2, "poi_kesehatan": 2, "poi_pendidikan": 2, "poi_perkantoran": 0, "poi_pariwisata": 0, "poi_perdagangan": 0, "poi_transportasi": 0, "penduduk": 913, "densitas_poi": 57.74, "densitas_penduduk": 8785.3, "skor_poi": 0.187, "skor_penduduk": 0.398, "skor_aktivitas": 0.292, "kelas_aktivitas": "Rendah" }, "geometry": { "type": "Polygon", "coordinates": [ [ [ 110.390336735089988, -7.820593597492418 ], [ 110.388767075081475, -7.819686814758101 ], [ 110.387194782351926, -7.820589048931042 ], [ 110.387192141920906, -7.822398071032967 ], [ 110.388761807755287, -7.823304860028129 ], [ 110.390334108194821, -7.822402620659162 ], [ 110.390336735089988, -7.820593597492418 ] ] ] } },
{ "type": "Feature", "properties": { "hex_id": 80, "luas_km2": 0.1039, "poi_total": 8, "poi_kuliner": 2, "poi_peribadatan": 4, "poi_kesehatan": 0, "poi_pendidikan": 1, "poi_perkantoran": 1, "poi_pariwisata": 0, "poi_perdagangan": 0, "poi_transportasi": 0, "penduduk": 919, "densitas_poi": 76.98, "densitas_penduduk": 8843.1, "skor_poi": 0.25, "skor_penduduk": 0.4, "skor_aktivitas": 0.325, "kelas_aktivitas": "Rendah" }, "geometry": { "type": "Polygon", "coordinates": [ [ [ 110.393478689707308, -7.820598122676098 ], [ 110.391909021993641, -7.819691351099597 ], [ 110.390336735089988, -7.820593597492418 ], [ 110.390334108194821, -7.822402620659162 ], [ 110.391903781739231, -7.823309398493796 ], [ 110.393476076348065, -7.822407146902192 ], [ 110.393478689707308, -7.820598122676098 ] ] ] } },
{ "type": "Feature", "properties": { "hex_id": 81, "luas_km2": 0.1039, "poi_total": 9, "poi_kuliner": 0, "poi_peribadatan": 4, "poi_kesehatan": 2, "poi_pendidikan": 2, "poi_perkantoran": 0, "poi_pariwisata": 1, "poi_perdagangan": 0, "poi_transportasi": 0, "penduduk": 1171, "densitas_poi": 86.6, "densitas_penduduk": 11268.0, "skor_poi": 0.281, "skor_penduduk": 0.51, "skor_aktivitas": 0.396, "kelas_aktivitas": "Sedang" }, "geometry": { "type": "Polygon", "coordinates": [ [ [ 110.396620646194208, -7.820602624482015 ], [ 110.395050970780204, -7.819695864066103 ], [ 110.393478689707308, -7.820598122676098 ], [ 110.393476076348065, -7.822407146902192 ], [ 110.395045757597657, -7.823313913573523 ], [ 110.396618046370918, -7.822411649761982 ], [ 110.396620646194208, -7.820602624482015 ] ] ] } },
{ "type": "Feature", "properties": { "hex_id": 82, "luas_km2": 0.1039, "poi_total": 11, "poi_kuliner": 2, "poi_peribadatan": 4, "poi_kesehatan": 1, "poi_pendidikan": 3, "poi_perkantoran": 1, "poi_pariwisata": 0, "poi_perdagangan": 0, "poi_transportasi": 0, "penduduk": 1248, "densitas_poi": 105.85, "densitas_penduduk": 12008.9, "skor_poi": 0.344, "skor_penduduk": 0.544, "skor_aktivitas": 0.444, "kelas_aktivitas": "Tinggi" }, "geometry": { "type": "Polygon", "coordinates": [ [ [ 110.39976260454101, -7.820607102910103 ], [ 110.398192921431487, -7.819700353657546 ], [ 110.396620646194208, -7.820602624482015 ], [ 110.396618046370918, -7.822411649761982 ], [ 110.398187735320889, -7.823318405267244 ], [ 110.399760018253701, -7.822416129238472 ], [ 110.39976260454101, -7.820607102910103 ] ] ] } },
{ "type": "Feature", "properties": { "hex_id": 83, "luas_km2": 0.1039, "poi_total": 10, "poi_kuliner": 2, "poi_peribadatan": 2, "poi_kesehatan": 3, "poi_pendidikan": 2, "poi_perkantoran": 1, "poi_pariwisata": 0, "poi_perdagangan": 0, "poi_transportasi": 0, "penduduk": 1209, "densitas_poi": 96.23, "densitas_penduduk": 11633.6, "skor_poi": 0.312, "skor_penduduk": 0.527, "skor_aktivitas": 0.42, "kelas_aktivitas": "Sedang" }, "geometry": { "type": "Polygon", "coordinates": [ [ [ 110.402904564738023, -7.820611557960292 ], [ 110.401334873937813, -7.819704819873864 ], [ 110.39976260454101, -7.820607102910103 ], [ 110.399760018253701, -7.822416129238472 ], [ 110.401329714899234, -7.823322873574897 ], [ 110.402901991986766, -7.82242058533159 ], [ 110.402904564738023, -7.820611557960292 ] ] ] } },
{ "type": "Feature", "properties": { "hex_id": 84, "luas_km2": 0.1039, "poi_total": 1, "poi_kuliner": 0, "poi_peribadatan": 0, "poi_kesehatan": 0, "poi_pendidikan": 1, "poi_perkantoran": 0, "poi_pariwisata": 0, "poi_perdagangan": 0, "poi_transportasi": 0, "penduduk": 212, "densitas_poi": 9.62, "densitas_penduduk": 2040.0, "skor_poi": 0.031, "skor_penduduk": 0.092, "skor_aktivitas": 0.062, "kelas_aktivitas": "Sangat Rendah" }, "geometry": { "type": "Polygon", "coordinates": [ [ [ 110.406046526775569, -7.82061598963252 ], [ 110.404476828289489, -7.819709262714986 ], [ 110.402904564738023, -7.820611557960292 ], [ 110.402901991986766, -7.82242058533159 ], [ 110.404471696323014, -7.823327318496405 ], [ 110.406043967560379, -7.822425018041276 ], [ 110.406046526775569, -7.82061598963252 ] ] ] } },
{ "type": "Feature", "properties": { "hex_id": 85, "luas_km2": 0.1039, "poi_total": 0, "poi_kuliner": 0, "poi_peribadatan": 0, "poi_kesehatan": 0, "poi_pendidikan": 0, "poi_perkantoran": 0, "poi_pariwisata": 0, "poi_perdagangan": 0, "poi_transportasi": 0, "penduduk": 1, "densitas_poi": 0.0, "densitas_penduduk": 9.6, "skor_poi": 0.0, "skor_penduduk": 0.0, "skor_aktivitas": 0.0, "kelas_aktivitas": "Sangat Rendah" }, "geometry": { "type": "Polygon", "coordinates": [ [ [ 110.351066656954259, -7.817821545739146 ], [ 110.349497103314278, -7.816914624498086 ], [ 110.347924748821043, -7.817816706662251 ], [ 110.347921940200024, -7.819625715225629 ], [ 110.349491499602735, -7.820532642759412 ], [ 110.351063861863764, -7.819630555435736 ], [ 110.351066656954259, -7.817821545739146 ] ] ] } },
{ "type": "Feature", "properties": { "hex_id": 86, "luas_km2": 0.1039, "poi_total": 6, "poi_kuliner": 0, "poi_peribadatan": 4, "poi_kesehatan": 1, "poi_pendidikan": 1, "poi_perkantoran": 0, "poi_pariwisata": 0, "poi_perdagangan": 0, "poi_transportasi": 0, "penduduk": 1365, "densitas_poi": 57.74, "densitas_penduduk": 13134.7, "skor_poi": 0.187, "skor_penduduk": 0.595, "skor_aktivitas": 0.391, "kelas_aktivitas": "Sedang" }, "geometry": { "type": "Polygon", "coordinates": [ [ [ 110.354208567087724, -7.817826361447425 ], [ 110.352639005684765, -7.816919451325448 ], [ 110.351066656954259, -7.817821545739146 ], [ 110.351063861863764, -7.819630555435736 ], [ 110.352633429034299, -7.820537471847728 ], [ 110.354205785527782, -7.819635372271757 ], [ 110.354208567087724, -7.817826361447425 ] ] ] } },
{ "type": "Feature", "properties": { "hex_id": 87, "luas_km2": 0.1039, "poi_total": 20, "poi_kuliner": 0, "poi_peribadatan": 4, "poi_kesehatan": 7, "poi_pendidikan": 7, "poi_perkantoran": 2, "poi_pariwisata": 0, "poi_perdagangan": 0, "poi_transportasi": 0, "penduduk": 1416, "densitas_poi": 192.45, "densitas_penduduk": 13625.5, "skor_poi": 0.625, "skor_penduduk": 0.617, "skor_aktivitas": 0.621, "kelas_aktivitas": "Sangat Tinggi" }, "geometry": { "type": "Polygon", "coordinates": [ [ [ 110.35735047921176, -7.817831153787021 ], [ 110.35578091005064, -7.816924254786893 ], [ 110.354208567087724, -7.817826361447425 ], [ 110.354205785527782, -7.819635372271757 ], [ 110.355775360461323, -7.820542277559187 ], [ 110.357347711182413, -7.819640165733622 ], [ 110.35735047921176, -7.817831153787021 ] ] ] } },
{ "type": "Feature", "properties": { "hex_id": 88, "luas_km2": 0.1039, "poi_total": 17, "poi_kuliner": 5, "poi_peribadatan": 5, "poi_kesehatan": 1, "poi_pendidikan": 5, "poi_perkantoran": 1, "poi_pariwisata": 0, "poi_perdagangan": 0, "poi_transportasi": 0, "penduduk": 1416, "densitas_poi": 163.58, "densitas_penduduk": 13625.5, "skor_poi": 0.531, "skor_penduduk": 0.617, "skor_aktivitas": 0.574, "kelas_aktivitas": "Sangat Tinggi" }, "geometry": { "type": "Polygon", "coordinates": [ [ [ 110.360492393316648, -7.817835922757863 ], [ 110.358922816402199, -7.816929034882357 ], [ 110.35735047921176, -7.817831153787021 ], [ 110.357347711182413, -7.819640165733622 ], [ 110.358917293874143, -7.820547059893719 ], [ 110.360489638817953, -7.819644935821259 ], [ 110.360492393316648, -7.817835922757863 ] ] ] } },
{ "type": "Feature", "properties": { "hex_id": 89, "luas_km2": 0.1039, "poi_total": 19, "poi_kuliner": 5, "poi_peribadatan": 3, "poi_kesehatan": 8, "poi_pendidikan": 2, "poi_perkantoran": 1, "poi_pariwisata": 0, "poi_perdagangan": 0, "poi_transportasi": 0, "penduduk": 1416, "densitas_poi": 182.83, "densitas_penduduk": 13625.5, "skor_poi": 0.594, "skor_penduduk": 0.617, "skor_aktivitas": 0.605, "kelas_aktivitas": "Sangat Tinggi" }, "geometry": { "type": "Polygon", "coordinates": [ [ [ 110.363634309392737, -7.817840668359879 ], [ 110.362064724729791, -7.816933791611769 ], [ 110.360492393316648, -7.817835922757863 ], [ 110.360489638817953, -7.819644935821259 ], [ 110.362059229263068, -7.82055181885125 ], [ 110.363631568424722, -7.819649682534598 ], [ 110.363634309392737, -7.817840668359879 ] ] ] } },
{ "type": "Feature", "properties": { "hex_id": 90, "luas_km2": 0.1039, "poi_total": 12, "poi_kuliner": 6, "poi_peribadatan": 3, "poi_kesehatan": 2, "poi_pendidikan": 0, "poi_perkantoran": 1, "poi_pariwisata": 0, "poi_perdagangan": 0, "poi_transportasi": 0, "penduduk": 1416, "densitas_poi": 115.47, "densitas_penduduk": 13625.5, "skor_poi": 0.375, "skor_penduduk": 0.617, "skor_aktivitas": 0.496, "kelas_aktivitas": "Tinggi" }, "geometry": { "type": "Polygon", "coordinates": [ [ [ 110.366776227430336, -7.817845390592994 ], [ 110.365206635023696, -7.816938524975051 ], [ 110.363634309392737, -7.817840668359879 ], [ 110.363631568424722, -7.819649682534598 ], [ 110.365201166618391, -7.820556554431708 ], [ 110.366773499993059, -7.819654405873566 ], [ 110.366776227430336, -7.817845390592994 ] ] ] } },
{ "type": "Feature", "properties": { "hex_id": 91, "luas_km2": 0.1039, "poi_total": 17, "poi_kuliner": 8, "poi_peribadatan": 2, "poi_kesehatan": 4, "poi_pendidikan": 2, "poi_perkantoran": 0, "poi_pariwisata": 0, "poi_perdagangan": 1, "poi_transportasi": 0, "penduduk": 1402, "densitas_poi": 163.58, "densitas_penduduk": 13490.8, "skor_poi": 0.531, "skor_penduduk": 0.611, "skor_aktivitas": 0.571, "kelas_aktivitas": "Sangat Tinggi" }, "geometry": { "type": "Polygon", "coordinates": [ [ [ 110.369918147419781, -7.817850089457142 ], [ 110.368348547274266, -7.816943234972138 ], [ 110.366776227430336, -7.817845390592994 ], [ 110.366773499993059, -7.819654405873566 ], [ 110.36834310593045, -7.820561266635027 ], [ 110.369915433513256, -7.819659105838094 ], [ 110.369918147419781, -7.817850089457142 ] ] ] } },
{ "type": "Feature", "properties": { "hex_id": 92, "luas_km2": 0.1039, "poi_total": 12, "poi_kuliner": 5, "poi_peribadatan": 1, "poi_kesehatan": 2, "poi_pendidikan": 2, "poi_perkantoran": 0, "poi_pariwisata": 2, "poi_perdagangan": 0, "poi_transportasi": 0, "penduduk": 1393, "densitas_poi": 115.47, "densitas_penduduk": 13404.1, "skor_poi": 0.375, "skor_penduduk": 0.607, "skor_aktivitas": 0.491, "kelas_aktivitas": "Tinggi" }, "geometry": { "type": "Polygon", "coordinates": [ [ [ 110.373060069351354, -7.817854764952251 ], [ 110.371490461471794, -7.816947921602959 ], [ 110.369918147419781, -7.817850089457142 ], [ 110.369915433513256, -7.819659105838094 ], [ 110.371485047189552, -7.820565955461134 ], [ 110.373057368975651, -7.819663782428112 ], [ 110.373060069351354, -7.817854764952251 ] ] ] } },
{ "type": "Feature", "properties": { "hex_id": 93, "luas_km2": 0.1039, "poi_total": 11, "poi_kuliner": 0, "poi_peribadatan": 5, "poi_kesehatan": 1, "poi_pendidikan": 1, "poi_perkantoran": 3, "poi_pariwisata": 1, "poi_perdagangan": 0, "poi_transportasi": 0, "penduduk": 1361, "densitas_poi": 105.85, "densitas_penduduk": 13096.2, "skor_poi": 0.344, "skor_penduduk": 0.593, "skor_aktivitas": 0.468, "kelas_aktivitas": "Tinggi" }, "geometry": { "type": "Polygon", "coordinates": [ [ [ 110.376201993215389, -7.817859417078256 ], [ 110.374632377606602, -7.816952584867442 ], [ 110.373060069351354, -7.817854764952251 ], [ 110.373057368975651, -7.819663782428112 ], [ 110.374626990386048, -7.820570620909957 ], [ 110.376199306370538, -7.819668435643548 ], [ 110.376201993215389, -7.817859417078256 ] ] ] } },
{ "type": "Feature", "properties": { "hex_id": 94, "luas_km2": 0.1039, "poi_total": 2, "poi_kuliner": 0, "poi_peribadatan": 1, "poi_kesehatan": 0, "poi_pendidikan": 1, "poi_perkantoran": 0, "poi_pariwisata": 0, "poi_perdagangan": 0, "poi_transportasi": 0, "penduduk": 913, "densitas_poi": 19.25, "densitas_penduduk": 8785.3, "skor_poi": 0.062, "skor_penduduk": 0.398, "skor_aktivitas": 0.23, "kelas_aktivitas": "Sangat Rendah" }, "geometry": { "type": "Polygon", "coordinates": [ [ [ 110.379343919002224, -7.817864045835079 ], [ 110.377774295669028, -7.816957224765517 ], [ 110.376201993215389, -7.817859417078256 ], [ 110.376199306370538, -7.819668435643548 ], [ 110.37776893551019, -7.82057526298143 ], [ 110.379341245688252, -7.819673065484334 ], [ 110.379343919002224, -7.817864045835079 ] ] ] } },
{ "type": "Feature", "properties": { "hex_id": 95, "luas_km2": 0.1039, "poi_total": 5, "poi_kuliner": 1, "poi_peribadatan": 1, "poi_kesehatan": 2, "poi_pendidikan": 1, "poi_perkantoran": 0, "poi_pariwisata": 0, "poi_perdagangan": 0, "poi_transportasi": 0, "penduduk": 913, "densitas_poi": 48.11, "densitas_penduduk": 8785.3, "skor_poi": 0.156, "skor_penduduk": 0.398, "skor_aktivitas": 0.277, "kelas_aktivitas": "Rendah" }, "geometry": { "type": "Polygon", "coordinates": [ [ [ 110.382485846702139, -7.817868651222657 ], [ 110.38091621564935, -7.816961841297117 ], [ 110.379343919002224, -7.817864045835079 ], [ 110.379341245688252, -7.819673065484334 ], [ 110.380910882552357, -7.82057988167548 ], [ 110.382483186919103, -7.819677671950402 ], [ 110.382485846702139, -7.817868651222657 ] ] ] } },
{ "type": "Feature", "properties": { "hex_id": 96, "luas_km2": 0.1039, "poi_total": 6, "poi_kuliner": 1, "poi_peribadatan": 1, "poi_kesehatan": 1, "poi_pendidikan": 2, "poi_perkantoran": 1, "poi_pariwisata": 0, "poi_perdagangan": 0, "poi_transportasi": 0, "penduduk": 913, "densitas_poi": 57.74, "densitas_penduduk": 8785.3, "skor_poi": 0.187, "skor_penduduk": 0.398, "skor_aktivitas": 0.292, "kelas_aktivitas": "Rendah" }, "geometry": { "type": "Polygon", "coordinates": [ [ [ 110.385627776305469, -7.817873233240919 ], [ 110.384058137537934, -7.816966434462172 ], [ 110.382485846702139, -7.817868651222657 ], [ 110.382483186919103, -7.819677671950402 ], [ 110.384052831502828, -7.820584476992038 ], [ 110.385625130053413, -7.819682255041679 ], [ 110.385627776305469, -7.817873233240919 ] ] ] } },
{ "type": "Feature", "properties": { "hex_id": 97, "luas_km2": 0.1039, "poi_total": 3, "poi_kuliner": 0, "poi_peribadatan": 2, "poi_kesehatan": 0, "poi_pendidikan": 1, "poi_perkantoran": 0, "poi_pariwisata": 0, "poi_perdagangan": 0, "poi_transportasi": 0, "penduduk": 913, "densitas_poi": 28.87, "densitas_penduduk": 8785.3, "skor_poi": 0.094, "skor_penduduk": 0.398, "skor_aktivitas": 0.246, "kelas_aktivitas": "Rendah" }, "geometry": { "type": "Polygon", "coordinates": [ [ [ 110.388769707802524, -7.817877791889797 ], [ 110.387200061325046, -7.816971004260616 ], [ 110.385627776305469, -7.817873233240919 ], [ 110.385625130053413, -7.819682255041679 ], [ 110.387194782351926, -7.820589048931042 ], [ 110.388767075081475, -7.819686814758101 ], [ 110.388769707802524, -7.817877791889797 ] ] ] } },
{ "type": "Feature", "properties": { "hex_id": 98, "luas_km2": 0.1039, "poi_total": 11, "poi_kuliner": 2, "poi_peribadatan": 4, "poi_kesehatan": 1, "poi_pendidikan": 1, "poi_perkantoran": 2, "poi_pariwisata": 1, "poi_perdagangan": 0, "poi_transportasi": 0, "penduduk": 913, "densitas_poi": 105.85, "densitas_penduduk": 8785.3, "skor_poi": 0.344, "skor_penduduk": 0.398, "skor_aktivitas": 0.371, "kelas_aktivitas": "Sedang" }, "geometry": { "type": "Polygon", "coordinates": [ [ [ 110.391911641183626, -7.817882327169222 ], [ 110.390341987001037, -7.816975550692374 ], [ 110.388769707802524, -7.817877791889797 ], [ 110.388767075081475, -7.819686814758101 ], [ 110.390336735089988, -7.820593597492418 ], [ 110.391909021993641, -7.819691351099597 ], [ 110.391911641183626, -7.817882327169222 ] ] ] } },
{ "type": "Feature", "properties": { "hex_id": 99, "luas_km2": 0.1039, "poi_total": 9, "poi_kuliner": 1, "poi_peribadatan": 2, "poi_kesehatan": 1, "poi_pendidikan": 3, "poi_perkantoran": 1, "poi_pariwisata": 1, "poi_perdagangan": 0, "poi_transportasi": 0, "penduduk": 995, "densitas_poi": 86.6, "densitas_penduduk": 9574.4, "skor_poi": 0.281, "skor_penduduk": 0.434, "skor_aktivitas": 0.358, "kelas_aktivitas": "Sedang" }, "geometry": { "type": "Polygon", "coordinates": [ [ [ 110.395053576439111, -7.817886839079129 ], [ 110.393483914556214, -7.816980073757383 ], [ 110.391911641183626, -7.817882327169222 ], [ 110.391909021993641, -7.819691351099597 ], [ 110.393478689707308, -7.820598122676098 ], [ 110.395050970780204, -7.819695864066103 ], [ 110.395053576439111, -7.817886839079129 ] ] ] } },
{ "type": "Feature", "properties": { "hex_id": 100, "luas_km2": 0.1039, "poi_total": 12, "poi_kuliner": 2, "poi_peribadatan": 3, "poi_kesehatan": 3, "poi_pendidikan": 2, "poi_perkantoran": 2, "poi_pariwisata": 0, "poi_perdagangan": 0, "poi_transportasi": 0, "penduduk": 1248, "densitas_poi": 115.47, "densitas_penduduk": 12008.9, "skor_poi": 0.375, "skor_penduduk": 0.544, "skor_aktivitas": 0.46, "kelas_aktivitas": "Tinggi" }, "geometry": { "type": "Polygon", "coordinates": [ [ [ 110.398195513559273, -7.817891327619446 ], [ 110.3966258439809, -7.816984573455578 ], [ 110.395053576439111, -7.817886839079129 ], [ 110.395050970780204, -7.819695864066103 ], [ 110.396620646194208, -7.820602624482015 ], [ 110.398192921431487, -7.819700353657546 ], [ 110.398195513559273, -7.817891327619446 ] ] ] } },
{ "type": "Feature", "properties": { "hex_id": 101, "luas_km2": 0.1039, "poi_total": 9, "poi_kuliner": 0, "poi_peribadatan": 1, "poi_kesehatan": 4, "poi_pendidikan": 3, "poi_perkantoran": 1, "poi_pariwisata": 0, "poi_perdagangan": 0, "poi_transportasi": 0, "penduduk": 1248, "densitas_poi": 86.6, "densitas_penduduk": 12008.9, "skor_poi": 0.281, "skor_penduduk": 0.544, "skor_aktivitas": 0.413, "kelas_aktivitas": "Sedang" }, "geometry": { "type": "Polygon", "coordinates": [ [ [ 110.40133745253442, -7.817895792790108 ], [ 110.399767775265403, -7.816989049786883 ], [ 110.398195513559273, -7.817891327619446 ], [ 110.398192921431487, -7.819700353657546 ], [ 110.39976260454101, -7.820607102910103 ], [ 110.401334873937813, -7.819704819873864 ], [ 110.40133745253442, -7.817895792790108 ] ] ] } },
{ "type": "Feature", "properties": { "hex_id": 102, "luas_km2": 0.1039, "poi_total": 4, "poi_kuliner": 1, "poi_peribadatan": 2, "poi_kesehatan": 1, "poi_pendidikan": 0, "poi_perkantoran": 0, "poi_pariwisata": 0, "poi_perdagangan": 0, "poi_transportasi": 0, "penduduk": 296, "densitas_poi": 38.49, "densitas_penduduk": 2848.3, "skor_poi": 0.125, "skor_penduduk": 0.129, "skor_aktivitas": 0.127, "kelas_aktivitas": "Sangat Rendah" }, "geometry": { "type": "Polygon", "coordinates": [ [ [ 110.40447939335489, -7.817900234591053 ], [ 110.402909708400031, -7.81699350275124 ], [ 110.40133745253442, -7.817895792790108 ], [ 110.401334873937813, -7.819704819873864 ], [ 110.402904564738023, -7.820611557960292 ], [ 110.404476828289489, -7.819709262714986 ], [ 110.40447939335489, -7.817900234591053 ] ] ] } },
{ "type": "Feature", "properties": { "hex_id": 103, "luas_km2": 0.1039, "poi_total": 0, "poi_kuliner": 0, "poi_peribadatan": 0, "poi_kesehatan": 0, "poi_pendidikan": 0, "poi_perkantoran": 0, "poi_pariwisata": 0, "poi_perdagangan": 0, "poi_transportasi": 0, "penduduk": 204, "densitas_poi": 0.0, "densitas_penduduk": 1963.0, "skor_poi": 0.0, "skor_penduduk": 0.089, "skor_aktivitas": 0.044, "kelas_aktivitas": "Sangat Rendah" }, "geometry": { "type": "Polygon", "coordinates": [ [ [ 110.352641793012296, -7.815110440830938 ], [ 110.351072245135057, -7.814203525879226 ], [ 110.349499904167516, -7.815105615134039 ], [ 110.349497103314278, -7.816914624498086 ], [ 110.351066656954259, -7.817821545739146 ], [ 110.352639005684765, -7.816919451325448 ], [ 110.352641793012296, -7.815110440830938 ] ] ] } },
{ "type": "Feature", "properties": { "hex_id": 104, "luas_km2": 0.1039, "poi_total": 8, "poi_kuliner": 1, "poi_peribadatan": 1, "poi_kesehatan": 2, "poi_pendidikan": 3, "poi_perkantoran": 0, "poi_pariwisata": 0, "poi_perdagangan": 1, "poi_transportasi": 0, "penduduk": 1416, "densitas_poi": 76.98, "densitas_penduduk": 13625.5, "skor_poi": 0.25, "skor_penduduk": 0.617, "skor_aktivitas": 0.434, "kelas_aktivitas": "Tinggi" }, "geometry": { "type": "Polygon", "coordinates": [ [ [ 110.355783683852437, -7.815115243167392 ], [ 110.35421412821708, -7.814208339332051 ], [ 110.352641793012296, -7.815110440830938 ], [ 110.352639005684765, -7.816919451325448 ], [ 110.354208567087724, -7.817826361447425 ], [ 110.35578091005064, -7.816924254786893 ], [ 110.355783683852437, -7.815115243167392 ] ] ] } },
{ "type": "Feature", "properties": { "hex_id": 105, "luas_km2": 0.1039, "poi_total": 12, "poi_kuliner": 1, "poi_peribadatan": 2, "poi_kesehatan": 3, "poi_pendidikan": 5, "poi_perkantoran": 0, "poi_pariwisata": 1, "poi_perdagangan": 0, "poi_transportasi": 0, "penduduk": 1416, "densitas_poi": 115.47, "densitas_penduduk": 13625.5, "skor_poi": 0.375, "skor_penduduk": 0.617, "skor_aktivitas": 0.496, "kelas_aktivitas": "Tinggi" }, "geometry": { "type": "Polygon", "coordinates": [ [ [ 110.358925576678217, -7.815120022143336 ], [ 110.357356013289575, -7.814213129427138 ], [ 110.355783683852437, -7.815115243167392 ], [ 110.35578091005064, -7.816924254786893 ], [ 110.35735047921176, -7.817831153787021 ], [ 110.358922816402199, -7.816929034882357 ], [ 110.358925576678217, -7.815120022143336 ] ] ] } },
{ "type": "Feature", "properties": { "hex_id": 106, "luas_km2": 0.1039, "poi_total": 5, "poi_kuliner": 0, "poi_peribadatan": 2, "poi_kesehatan": 1, "poi_pendidikan": 2, "poi_perkantoran": 0, "poi_pariwisata": 0, "poi_perdagangan": 0, "poi_transportasi": 0, "penduduk": 1416, "densitas_poi": 48.11, "densitas_penduduk": 13625.5, "skor_poi": 0.156, "skor_penduduk": 0.617, "skor_aktivitas": 0.386, "kelas_aktivitas": "Sedang" }, "geometry": { "type": "Polygon", "coordinates": [ [ [ 110.362067471479975, -7.8151247777587 ], [ 110.360497900342864, -7.81421789616441 ], [ 110.358925576678217, -7.815120022143336 ], [ 110.358922816402199, -7.816929034882357 ], [ 110.360492393316648, -7.817835922757863 ], [ 110.362064724729791, -7.816933791611769 ], [ 110.362067471479975, -7.8151247777587 ] ] ] } },
{ "type": "Feature", "properties": { "hex_id": 107, "luas_km2": 0.1039, "poi_total": 17, "poi_kuliner": 2, "poi_peribadatan": 2, "poi_kesehatan": 8, "poi_pendidikan": 3, "poi_perkantoran": 2, "poi_pariwisata": 0, "poi_perdagangan": 0, "poi_transportasi": 0, "penduduk": 1416, "densitas_poi": 163.58, "densitas_penduduk": 13625.5, "skor_poi": 0.531, "skor_penduduk": 0.617, "skor_aktivitas": 0.574, "kelas_aktivitas": "Sangat Tinggi" }, "geometry": { "type": "Polygon", "coordinates": [ [ [ 110.365209368248017, -7.815129510013407 ], [ 110.363639789367269, -7.814222639543805 ], [ 110.362067471479975, -7.8151247777587 ], [ 110.362064724729791, -7.816933791611769 ], [ 110.363634309392737, -7.817840668359879 ], [ 110.365206635023696, -7.816938524975051 ], [ 110.365209368248017, -7.815129510013407 ] ] ] } },
{ "type": "Feature", "properties": { "hex_id": 108, "luas_km2": 0.1039, "poi_total": 6, "poi_kuliner": 2, "poi_peribadatan": 1, "poi_kesehatan": 1, "poi_pendidikan": 2, "poi_perkantoran": 0, "poi_pariwisata": 0, "poi_perdagangan": 0, "poi_transportasi": 0, "penduduk": 1416, "densitas_poi": 57.74, "densitas_penduduk": 13625.5, "skor_poi": 0.187, "skor_penduduk": 0.617, "skor_aktivitas": 0.402, "kelas_aktivitas": "Sedang" }, "geometry": { "type": "Polygon", "coordinates": [ [ [ 110.368351266972681, -7.815134218907394 ], [ 110.3667816803531, -7.814227359565244 ], [ 110.365209368248017, -7.815129510013407 ], [ 110.365206635023696, -7.816938524975051 ], [ 110.366776227430336, -7.817845390592994 ], [ 110.368348547274266, -7.816943234972138 ], [ 110.368351266972681, -7.815134218907394 ] ] ] } },
{ "type": "Feature", "properties": { "hex_id": 109, "luas_km2": 0.1039, "poi_total": 8, "poi_kuliner": 3, "poi_peribadatan": 2, "poi_kesehatan": 0, "poi_pendidikan": 3, "poi_perkantoran": 0, "poi_pariwisata": 0, "poi_perdagangan": 0, "poi_transportasi": 0, "penduduk": 1393, "densitas_poi": 76.98, "densitas_penduduk": 13404.1, "skor_poi": 0.25, "skor_penduduk": 0.607, "skor_aktivitas": 0.428, "kelas_aktivitas": "Sedang" }, "geometry": { "type": "Polygon", "coordinates": [ [ [ 110.371493167644275, -7.815138904440586 ], [ 110.369923573290677, -7.814232056228661 ], [ 110.368351266972681, -7.815134218907394 ], [ 110.368348547274266, -7.816943234972138 ], [ 110.369918147419781, -7.817850089457142 ], [ 110.371490461471794, -7.816947921602959 ], [ 110.371493167644275, -7.815138904440586 ] ] ] } },
{ "type": "Feature", "properties": { "hex_id": 110, "luas_km2": 0.1039, "poi_total": 13, "poi_kuliner": 4, "poi_peribadatan": 2, "poi_kesehatan": 4, "poi_pendidikan": 1, "poi_perkantoran": 1, "poi_pariwisata": 1, "poi_perdagangan": 0, "poi_transportasi": 0, "penduduk": 1393, "densitas_poi": 125.09, "densitas_penduduk": 13404.1, "skor_poi": 0.406, "skor_penduduk": 0.607, "skor_aktivitas": 0.506, "kelas_aktivitas": "Tinggi" }, "geometry": { "type": "Polygon", "coordinates": [ [ [ 110.374635070253092, -7.815143566612909 ], [ 110.373065468170324, -7.814236729533985 ], [ 110.371493167644275, -7.815138904440586 ], [ 110.371490461471794, -7.816947921602959 ], [ 110.373060069351354, -7.817854764952251 ], [ 110.374632377606602, -7.816952584867442 ], [ 110.374635070253092, -7.815143566612909 ] ] ] } },
{ "type": "Feature", "properties": { "hex_id": 111, "luas_km2": 0.1039, "poi_total": 11, "poi_kuliner": 7, "poi_peribadatan": 1, "poi_kesehatan": 1, "poi_pendidikan": 0, "poi_perkantoran": 2, "poi_pariwisata": 0, "poi_perdagangan": 0, "poi_transportasi": 0, "penduduk": 1138, "densitas_poi": 105.85, "densitas_penduduk": 10950.4, "skor_poi": 0.344, "skor_penduduk": 0.496, "skor_aktivitas": 0.42, "kelas_aktivitas": "Sedang" }, "geometry": { "type": "Polygon", "coordinates": [ [ [ 110.377776974789484, -7.815148205424303 ], [ 110.376207364982349, -7.814241379481146 ], [ 110.374635070253092, -7.815143566612909 ], [ 110.374632377606602, -7.816952584867442 ], [ 110.376201993215389, -7.817859417078256 ], [ 110.377774295669028, -7.816957224765517 ], [ 110.377776974789484, -7.815148205424303 ] ] ] } },
{ "type": "Feature", "properties": { "hex_id": 112, "luas_km2": 0.1039, "poi_total": 10, "poi_kuliner": 2, "poi_peribadatan": 2, "poi_kesehatan": 4, "poi_pendidikan": 0, "poi_perkantoran": 1, "poi_pariwisata": 0, "poi_perdagangan": 1, "poi_transportasi": 0, "penduduk": 913, "densitas_poi": 96.23, "densitas_penduduk": 8785.3, "skor_poi": 0.312, "skor_penduduk": 0.398, "skor_aktivitas": 0.355, "kelas_aktivitas": "Rendah" }, "geometry": { "type": "Polygon", "coordinates": [ [ [ 110.380918881243744, -7.815152820874689 ], [ 110.37934926371706, -7.814246006070075 ], [ 110.377776974789484, -7.815148205424303 ], [ 110.377774295669028, -7.816957224765517 ], [ 110.379343919002224, -7.817864045835079 ], [ 110.38091621564935, -7.816961841297117 ], [ 110.380918881243744, -7.815152820874689 ] ] ] } },
{ "type": "Feature", "properties": { "hex_id": 113, "luas_km2": 0.1039, "poi_total": 17, "poi_kuliner": 5, "poi_peribadatan": 2, "poi_kesehatan": 9, "poi_pendidikan": 1, "poi_perkantoran": 0, "poi_pariwisata": 0, "poi_perdagangan": 0, "poi_transportasi": 0, "penduduk": 914, "densitas_poi": 163.58, "densitas_penduduk": 8795.0, "skor_poi": 0.531, "skor_penduduk": 0.398, "skor_aktivitas": 0.464, "kelas_aktivitas": "Tinggi" }, "geometry": { "type": "Polygon", "coordinates": [ [ [ 110.384060789606195, -7.815157412964006 ], [ 110.382491164364794, -7.814250609300699 ], [ 110.380918881243744, -7.815152820874689 ], [ 110.380916215649364, -7.816961841297117 ], [ 110.382485846702139, -7.817868651222657 ], [ 110.384058137537934, -7.816966434462172 ], [ 110.384060789606195, -7.815157412964006 ] ] ] } },
{ "type": "Feature", "properties": { "hex_id": 114, "luas_km2": 0.1039, "poi_total": 11, "poi_kuliner": 3, "poi_peribadatan": 3, "poi_kesehatan": 3, "poi_pendidikan": 1, "poi_perkantoran": 1, "poi_pariwisata": 0, "poi_perdagangan": 0, "poi_transportasi": 0, "penduduk": 913, "densitas_poi": 105.85, "densitas_penduduk": 8785.3, "skor_poi": 0.344, "skor_penduduk": 0.398, "skor_aktivitas": 0.371, "kelas_aktivitas": "Sedang" }, "geometry": { "type": "Polygon", "coordinates": [ [ [ 110.387202699867174, -7.815161981692181 ], [ 110.385633066915872, -7.814255189172955 ], [ 110.384060789606195, -7.815157412964006 ], [ 110.384058137537934, -7.816966434462172 ], [ 110.385627776305469, -7.817873233240919 ], [ 110.387200061325046, -7.816971004260616 ], [ 110.387202699867174, -7.815161981692181 ] ] ] } },
{ "type": "Feature", "properties": { "hex_id": 115, "luas_km2": 0.1039, "poi_total": 12, "poi_kuliner": 1, "poi_peribadatan": 2, "poi_kesehatan": 4, "poi_pendidikan": 4, "poi_perkantoran": 1, "poi_pariwisata": 0, "poi_perdagangan": 0, "poi_transportasi": 0, "penduduk": 913, "densitas_poi": 115.47, "densitas_penduduk": 8785.3, "skor_poi": 0.375, "skor_penduduk": 0.398, "skor_aktivitas": 0.386, "kelas_aktivitas": "Sedang" }, "geometry": { "type": "Polygon", "coordinates": [ [ [ 110.390344612016975, -7.815166527059145 ], [ 110.38877497136059, -7.814259745686772 ], [ 110.387202699867174, -7.815161981692181 ], [ 110.387200061325046, -7.816971004260616 ], [ 110.388769707802524, -7.817877791889797 ], [ 110.390341987001037, -7.816975550692374 ], [ 110.390344612016975, -7.815166527059145 ] ] ] } },
{ "type": "Feature", "properties": { "hex_id": 116, "luas_km2": 0.1039, "poi_total": 5, "poi_kuliner": 1, "poi_peribadatan": 2, "poi_kesehatan": 2, "poi_pendidikan": 0, "poi_perkantoran": 0, "poi_pariwisata": 0, "poi_perdagangan": 0, "poi_transportasi": 0, "penduduk": 987, "densitas_poi": 48.11, "densitas_penduduk": 9497.4, "skor_poi": 0.156, "skor_penduduk": 0.43, "skor_aktivitas": 0.293, "kelas_aktivitas": "Rendah" }, "geometry": { "type": "Polygon", "coordinates": [ [ [ 110.393486526045919, -7.815171049064834 ], [ 110.391916877689283, -7.814264278842081 ], [ 110.390344612016975, -7.815166527059145 ], [ 110.390341987001037, -7.816975550692374 ], [ 110.391911641183626, -7.817882327169222 ], [ 110.393483914556214, -7.816980073757383 ], [ 110.393486526045919, -7.815171049064834 ] ] ] } },
{ "type": "Feature", "properties": { "hex_id": 117, "luas_km2": 0.1039, "poi_total": 8, "poi_kuliner": 0, "poi_peribadatan": 5, "poi_kesehatan": 0, "poi_pendidikan": 2, "poi_perkantoran": 1, "poi_pariwisata": 0, "poi_perdagangan": 0, "poi_transportasi": 0, "penduduk": 1239, "densitas_poi": 76.98, "densitas_penduduk": 11922.3, "skor_poi": 0.25, "skor_penduduk": 0.54, "skor_aktivitas": 0.395, "kelas_aktivitas": "Sedang" }, "geometry": { "type": "Polygon", "coordinates": [ [ [ 110.39662844194433, -7.815175547709177 ], [ 110.39505878589226, -7.814268788638813 ], [ 110.393486526045919, -7.815171049064834 ], [ 110.393483914556214, -7.816980073757383 ], [ 110.395053576439111, -7.817886839079129 ], [ 110.3966258439809, -7.816984573455578 ], [ 110.39662844194433, -7.815175547709177 ] ] ] } },
{ "type": "Feature", "properties": { "hex_id": 118, "luas_km2": 0.1039, "poi_total": 11, "poi_kuliner": 2, "poi_peribadatan": 4, "poi_kesehatan": 3, "poi_pendidikan": 1, "poi_perkantoran": 1, "poi_pariwisata": 0, "poi_perdagangan": 0, "poi_transportasi": 0, "penduduk": 1248, "densitas_poi": 105.85, "densitas_penduduk": 12008.9, "skor_poi": 0.344, "skor_penduduk": 0.544, "skor_aktivitas": 0.444, "kelas_aktivitas": "Tinggi" }, "geometry": { "type": "Polygon", "coordinates": [ [ [ 110.399770359702529, -7.815180022992108 ], [ 110.398200695959844, -7.814273275076907 ], [ 110.39662844194433, -7.815175547709177 ], [ 110.3966258439809, -7.816984573455578 ], [ 110.398195513559273, -7.817891327619446 ], [ 110.399767775265403, -7.816989049786883 ], [ 110.399770359702529, -7.815180022992108 ] ] ] } },
{ "type": "Feature", "properties": { "hex_id": 119, "luas_km2": 0.1039, "poi_total": 10, "poi_kuliner": 1, "poi_peribadatan": 5, "poi_kesehatan": 0, "poi_pendidikan": 2, "poi_perkantoran": 2, "poi_pariwisata": 0, "poi_perdagangan": 0, "poi_transportasi": 0, "penduduk": 922, "densitas_poi": 96.23, "densitas_penduduk": 8871.9, "skor_poi": 0.312, "skor_penduduk": 0.402, "skor_aktivitas": 0.357, "kelas_aktivitas": "Sedang" }, "geometry": { "type": "Polygon", "coordinates": [ [ [ 110.402912279310826, -7.815184474913559 ], [ 110.401342607882341, -7.814277738156291 ], [ 110.399770359702529, -7.815180022992108 ], [ 110.399767775265403, -7.816989049786883 ], [ 110.40133745253442, -7.817895792790108 ], [ 110.402909708400031, -7.81699350275124 ], [ 110.402912279310826, -7.815184474913559 ] ] ] } },
{ "type": "Feature", "properties": { "hex_id": 120, "luas_km2": 0.1039, "poi_total": 1, "poi_kuliner": 0, "poi_peribadatan": 1, "poi_kesehatan": 0, "poi_pendidikan": 0, "poi_perkantoran": 0, "poi_pariwisata": 0, "poi_perdagangan": 0, "poi_transportasi": 0, "penduduk": 347, "densitas_poi": 9.62, "densitas_penduduk": 3339.0, "skor_poi": 0.031, "skor_penduduk": 0.151, "skor_aktivitas": 0.091, "kelas_aktivitas": "Sangat Rendah" }, "geometry": { "type": "Polygon", "coordinates": [ [ [ 110.347933170664334, -7.812389680038664 ], [ 110.346363644070834, -7.811482749153934 ], [ 110.344791305113105, -7.812384821009235 ], [ 110.344788484981166, -7.814193828900649 ], [ 110.346358017327731, -7.815100766076778 ], [ 110.347930364053184, -7.814198689068737 ], [ 110.347933170664334, -7.812389680038664 ] ] ] } },
{ "type": "Feature", "properties": { "hex_id": 121, "luas_km2": 0.1039, "poi_total": 6, "poi_kuliner": 1, "poi_peribadatan": 2, "poi_kesehatan": 1, "poi_pendidikan": 1, "poi_perkantoran": 1, "poi_pariwisata": 0, "poi_perdagangan": 0, "poi_transportasi": 0, "penduduk": 707, "densitas_poi": 57.74, "densitas_penduduk": 6803.1, "skor_poi": 0.187, "skor_penduduk": 0.308, "skor_aktivitas": 0.248, "kelas_aktivitas": "Rendah" }, "geometry": { "type": "Polygon", "coordinates": [ [ [ 110.35107503822536, -7.812394515715967 ], [ 110.349505503868983, -7.811487595939352 ], [ 110.347933170664334, -7.812389680038664 ], [ 110.347930364053184, -7.814198689068737 ], [ 110.349499904167516, -7.815105615134039 ], [ 110.351072245135057, -7.814203525879226 ], [ 110.35107503822536, -7.812394515715967 ] ] ] } },
{ "type": "Feature", "properties": { "hex_id": 122, "luas_km2": 0.1039, "poi_total": 9, "poi_kuliner": 1, "poi_peribadatan": 4, "poi_kesehatan": 1, "poi_pendidikan": 2, "poi_perkantoran": 1, "poi_pariwisata": 0, "poi_perdagangan": 0, "poi_transportasi": 0, "penduduk": 1415, "densitas_poi": 86.6, "densitas_penduduk": 13615.8, "skor_poi": 0.281, "skor_penduduk": 0.617, "skor_aktivitas": 0.449, "kelas_aktivitas": "Tinggi" }, "geometry": { "type": "Polygon", "coordinates": [ [ [ 110.354216907786508, -7.812399328041079 ], [ 110.352647365672055, -7.811492419375347 ], [ 110.35107503822536, -7.812394515715967 ], [ 110.351072245135057, -7.814203525879226 ], [ 110.352641793012296, -7.815110440830938 ], [ 110.35421412821708, -7.814208339332051 ], [ 110.354216907786508, -7.812399328041079 ] ] ] } },
{ "type": "Feature", "properties": { "hex_id": 123, "luas_km2": 0.1039, "poi_total": 12, "poi_kuliner": 1, "poi_peribadatan": 4, "poi_kesehatan": 5, "poi_pendidikan": 2, "poi_perkantoran": 0, "poi_pariwisata": 0, "poi_perdagangan": 0, "poi_transportasi": 0, "penduduk": 1415, "densitas_poi": 115.47, "densitas_penduduk": 13615.8, "skor_poi": 0.375, "skor_penduduk": 0.617, "skor_aktivitas": 0.496, "kelas_aktivitas": "Tinggi" }, "geometry": { "type": "Polygon", "coordinates": [ [ [ 110.357358779338085, -7.812404117013923 ], [ 110.355789229470375, -7.811497219461847 ], [ 110.354216907786508, -7.812399328041079 ], [ 110.35421412821708, -7.814208339332051 ], [ 110.355783683852437, -7.815115243167392 ], [ 110.357356013289575, -7.814213129427138 ], [ 110.357358779338085, -7.812404117013923 ] ] ] } },
{ "type": "Feature", "properties": { "hex_id": 124, "luas_km2": 0.1039, "poi_total": 17, "poi_kuliner": 4, "poi_peribadatan": 3, "poi_kesehatan": 6, "poi_pendidikan": 3, "poi_perkantoran": 1, "poi_pariwisata": 0, "poi_perdagangan": 0, "poi_transportasi": 0, "penduduk": 1414, "densitas_poi": 163.58, "densitas_penduduk": 13606.2, "skor_poi": 0.531, "skor_penduduk": 0.616, "skor_aktivitas": 0.574, "kelas_aktivitas": "Sangat Tinggi" }, "geometry": { "type": "Polygon", "coordinates": [ [ [ 110.360500652870414, -7.812408882634428 ], [ 110.358931095254277, -7.811501996198783 ], [ 110.357358779338085, -7.812404117013923 ], [ 110.357356013289575, -7.814213129427138 ], [ 110.358925576678217, -7.815120022143336 ], [ 110.360497900342864, -7.81421789616441 ], [ 110.360500652870414, -7.812408882634428 ] ] ] } },
{ "type": "Feature", "properties": { "hex_id": 125, "luas_km2": 0.1039, "poi_total": 20, "poi_kuliner": 4, "poi_peribadatan": 2, "poi_kesehatan": 6, "poi_pendidikan": 6, "poi_perkantoran": 1, "poi_pariwisata": 0, "poi_perdagangan": 1, "poi_transportasi": 0, "penduduk": 1414, "densitas_poi": 192.45, "densitas_penduduk": 13606.2, "skor_poi": 0.625, "skor_penduduk": 0.616, "skor_aktivitas": 0.62, "kelas_aktivitas": "Sangat Tinggi" }, "geometry": { "type": "Polygon", "coordinates": [ [ [ 110.363642528373816, -7.812413624902525 ], [ 110.362072963014072, -7.811506749586079 ], [ 110.360500652870414, -7.812408882634428 ], [ 110.360497900342864, -7.81421789616441 ], [ 110.362067471479975, -7.8151247777587 ], [ 110.363639789367269, -7.814222639543805 ], [ 110.363642528373816, -7.812413624902525 ] ] ] } },
{ "type": "Feature", "properties": { "hex_id": 126, "luas_km2": 0.1039, "poi_total": 10, "poi_kuliner": 6, "poi_peribadatan": 1, "poi_kesehatan": 2, "poi_pendidikan": 1, "poi_perkantoran": 0, "poi_pariwisata": 0, "poi_perdagangan": 0, "poi_transportasi": 0, "penduduk": 1413, "densitas_poi": 96.23, "densitas_penduduk": 13596.6, "skor_poi": 0.312, "skor_penduduk": 0.616, "skor_aktivitas": 0.464, "kelas_aktivitas": "Tinggi" }, "geometry": { "type": "Polygon", "coordinates": [ [ [ 110.366784405838601, -7.81241834381814 ], [ 110.365214832740079, -7.811511479623666 ], [ 110.363642528373816, -7.812413624902525 ], [ 110.363639789367269, -7.814222639543805 ], [ 110.365209368248017, -7.815129510013407 ], [ 110.3667816803531, -7.814227359565244 ], [ 110.366784405838601, -7.81241834381814 ] ] ] } },
{ "type": "Feature", "properties": { "hex_id": 127, "luas_km2": 0.1039, "poi_total": 20, "poi_kuliner": 9, "poi_peribadatan": 1, "poi_kesehatan": 6, "poi_pendidikan": 3, "poi_perkantoran": 0, "poi_pariwisata": 0, "poi_perdagangan": 1, "poi_transportasi": 0, "penduduk": 1406, "densitas_poi": 192.45, "densitas_penduduk": 13529.2, "skor_poi": 0.625, "skor_penduduk": 0.613, "skor_aktivitas": 0.619, "kelas_aktivitas": "Sangat Tinggi" }, "geometry": { "type": "Polygon", "coordinates": [ [ [ 110.36992628525509, -7.812423039381205 ], [ 110.368356704422609, -7.811516186311477 ], [ 110.366784405838601, -7.81241834381814 ], [ 110.3667816803531, -7.814227359565244 ], [ 110.368351266972681, -7.815134218907394 ], [ 110.369923573290677, -7.814232056228661 ], [ 110.36992628525509, -7.812423039381205 ] ] ] } },
{ "type": "Feature", "properties": { "hex_id": 128, "luas_km2": 0.1039, "poi_total": 10, "poi_kuliner": 1, "poi_peribadatan": 2, "poi_kesehatan": 4, "poi_pendidikan": 1, "poi_perkantoran": 2, "poi_pariwisata": 0, "poi_perdagangan": 0, "poi_transportasi": 0, "penduduk": 1393, "densitas_poi": 96.23, "densitas_penduduk": 13404.1, "skor_poi": 0.312, "skor_penduduk": 0.607, "skor_aktivitas": 0.46, "kelas_aktivitas": "Tinggi" }, "geometry": { "type": "Polygon", "coordinates": [ [ [ 110.373068166613592, -7.812427711591648 ], [ 110.37149857805197, -7.811520869649434 ], [ 110.36992628525509, -7.812423039381205 ], [ 110.369923573290677, -7.814232056228661 ], [ 110.371493167644275, -7.815138904440586 ], [ 110.373065468170324, -7.814236729533985 ], [ 110.373068166613592, -7.812427711591648 ] ] ] } },
{ "type": "Feature", "properties": { "hex_id": 129, "luas_km2": 0.1039, "poi_total": 7, "poi_kuliner": 3, "poi_peribadatan": 2, "poi_kesehatan": 0, "poi_pendidikan": 2, "poi_perkantoran": 0, "poi_pariwisata": 0, "poi_perdagangan": 0, "poi_transportasi": 0, "penduduk": 1393, "densitas_poi": 67.36, "densitas_penduduk": 13404.1, "skor_poi": 0.219, "skor_penduduk": 0.607, "skor_aktivitas": 0.413, "kelas_aktivitas": "Sedang" }, "geometry": { "type": "Polygon", "coordinates": [ [ [ 110.376210049904458, -7.812432360449401 ], [ 110.374640453618497, -7.811525529637471 ], [ 110.373068166613592, -7.812427711591648 ], [ 110.373065468170324, -7.814236729533985 ], [ 110.374635070253092, -7.815143566612909 ], [ 110.376207364982349, -7.814241379481146 ], [ 110.376210049904458, -7.812432360449401 ] ] ] } },
{ "type": "Feature", "properties": { "hex_id": 130, "luas_km2": 0.1039, "poi_total": 10, "poi_kuliner": 4, "poi_peribadatan": 2, "poi_kesehatan": 3, "poi_pendidikan": 0, "poi_perkantoran": 1, "poi_pariwisata": 0, "poi_perdagangan": 0, "poi_transportasi": 0, "penduduk": 1268, "densitas_poi": 96.23, "densitas_penduduk": 12201.3, "skor_poi": 0.312, "skor_penduduk": 0.553, "skor_aktivitas": 0.432, "kelas_aktivitas": "Sedang" }, "geometry": { "type": "Polygon", "coordinates": [ [ [ 110.379351935117967, -7.812436985954394 ], [ 110.377782331112527, -7.811530166275523 ], [ 110.376210049904458, -7.812432360449401 ], [ 110.376207364982349, -7.814241379481146 ], [ 110.377776974789484, -7.815148205424303 ], [ 110.37934926371706, -7.814246006070075 ], [ 110.379351935117967, -7.812436985954394 ] ] ] } },
{ "type": "Feature", "properties": { "hex_id": 131, "luas_km2": 0.1039, "poi_total": 7, "poi_kuliner": 2, "poi_peribadatan": 3, "poi_kesehatan": 1, "poi_pendidikan": 0, "poi_perkantoran": 1, "poi_pariwisata": 0, "poi_perdagangan": 0, "poi_transportasi": 0, "penduduk": 1217, "densitas_poi": 67.36, "densitas_penduduk": 11710.6, "skor_poi": 0.219, "skor_penduduk": 0.53, "skor_aktivitas": 0.374, "kelas_aktivitas": "Sedang" }, "geometry": { "type": "Polygon", "coordinates": [ [ [ 110.382493822244456, -7.812441588106559 ], [ 110.380924210524313, -7.811534779563511 ], [ 110.379351935117967, -7.812436985954394 ], [ 110.37934926371706, -7.814246006070075 ], [ 110.380918881243744, -7.815152820874689 ], [ 110.382491164364794, -7.814250609300699 ], [ 110.382493822244456, -7.812441588106559 ] ] ] } },
{ "type": "Feature", "properties": { "hex_id": 132, "luas_km2": 0.1039, "poi_total": 4, "poi_kuliner": 0, "poi_peribadatan": 0, "poi_kesehatan": 0, "poi_pendidikan": 4, "poi_perkantoran": 0, "poi_pariwisata": 0, "poi_perdagangan": 0, "poi_transportasi": 0, "penduduk": 913, "densitas_poi": 38.49, "densitas_penduduk": 8785.3, "skor_poi": 0.125, "skor_penduduk": 0.398, "skor_aktivitas": 0.262, "kelas_aktivitas": "Rendah" }, "geometry": { "type": "Polygon", "coordinates": [ [ [ 110.385635711274233, -7.812446166905824 ], [ 110.384066091844247, -7.811539369501372 ], [ 110.382493822244456, -7.812441588106559 ], [ 110.382491164364794, -7.814250609300699 ], [ 110.384060789606195, -7.815157412964006 ], [ 110.385633066915872, -7.814255189172955 ], [ 110.385635711274233, -7.812446166905824 ] ] ] } },
{ "type": "Feature", "properties": { "hex_id": 133, "luas_km2": 0.1039, "poi_total": 14, "poi_kuliner": 7, "poi_peribadatan": 1, "poi_kesehatan": 5, "poi_pendidikan": 1, "poi_perkantoran": 0, "poi_pariwisata": 0, "poi_perdagangan": 0, "poi_transportasi": 0, "penduduk": 913, "densitas_poi": 134.72, "densitas_penduduk": 8785.3, "skor_poi": 0.437, "skor_penduduk": 0.398, "skor_aktivitas": 0.418, "kelas_aktivitas": "Sedang" }, "geometry": { "type": "Polygon", "coordinates": [ [ [ 110.388777602197621, -7.812450722352123 ], [ 110.387207975062594, -7.811543936089041 ], [ 110.385635711274247, -7.812446166905824 ], [ 110.385633066915872, -7.814255189172955 ], [ 110.387202699867174, -7.815161981692181 ], [ 110.38877497136059, -7.814259745686772 ], [ 110.388777602197621, -7.812450722352123 ] ] ] } },
{ "type": "Feature", "properties": { "hex_id": 134, "luas_km2": 0.1039, "poi_total": 6, "poi_kuliner": 1, "poi_peribadatan": 1, "poi_kesehatan": 3, "poi_pendidikan": 1, "poi_perkantoran": 0, "poi_pariwisata": 0, "poi_perdagangan": 0, "poi_transportasi": 0, "penduduk": 913, "densitas_poi": 57.74, "densitas_penduduk": 8785.3, "skor_poi": 0.187, "skor_penduduk": 0.398, "skor_aktivitas": 0.292, "kelas_aktivitas": "Rendah" }, "geometry": { "type": "Polygon", "coordinates": [ [ [ 110.391919495004956, -7.812455254445388 ], [ 110.390349860169707, -7.811548479326444 ], [ 110.388777602197621, -7.812450722352123 ], [ 110.38877497136059, -7.814259745686772 ], [ 110.390344612016975, -7.815166527059145 ], [ 110.391916877689283, -7.814264278842081 ], [ 110.391919495004956, -7.812455254445388 ] ] ] } },
{ "type": "Feature", "properties": { "hex_id": 135, "luas_km2": 0.1039, "poi_total": 6, "poi_kuliner": 1, "poi_peribadatan": 2, "poi_kesehatan": 2, "poi_pendidikan": 0, "poi_perkantoran": 0, "poi_pariwisata": 1, "poi_perdagangan": 0, "poi_transportasi": 0, "penduduk": 1067, "densitas_poi": 57.74, "densitas_penduduk": 10267.2, "skor_poi": 0.187, "skor_penduduk": 0.465, "skor_aktivitas": 0.326, "kelas_aktivitas": "Rendah" }, "geometry": { "type": "Polygon", "coordinates": [ [ [ 110.395061389686518, -7.81245976318555 ], [ 110.393491747155878, -7.811552999213515 ], [ 110.391919495004956, -7.812455254445388 ], [ 110.391916877689283, -7.814264278842081 ], [ 110.393486526045919, -7.815171049064834 ], [ 110.39505878589226, -7.814268788638813 ], [ 110.395061389686518, -7.81245976318555 ] ] ] } },
{ "type": "Feature", "properties": { "hex_id": 136, "luas_km2": 0.1039, "poi_total": 10, "poi_kuliner": 3, "poi_peribadatan": 3, "poi_kesehatan": 1, "poi_pendidikan": 1, "poi_perkantoran": 2, "poi_pariwisata": 0, "poi_perdagangan": 0, "poi_transportasi": 0, "penduduk": 1248, "densitas_poi": 96.23, "densitas_penduduk": 12008.9, "skor_poi": 0.312, "skor_penduduk": 0.544, "skor_aktivitas": 0.428, "kelas_aktivitas": "Sedang" }, "geometry": { "type": "Polygon", "coordinates": [ [ [ 110.398203286232658, -7.812464248572542 ], [ 110.396633636011416, -7.811557495750187 ], [ 110.395061389686518, -7.81245976318555 ], [ 110.39505878589226, -7.814268788638813 ], [ 110.39662844194433, -7.815175547709177 ], [ 110.398200695959844, -7.814273275076907 ], [ 110.398203286232658, -7.812464248572542 ] ] ] } },
{ "type": "Feature", "properties": { "hex_id": 137, "luas_km2": 0.1039, "poi_total": 5, "poi_kuliner": 2, "poi_peribadatan": 2, "poi_kesehatan": 0, "poi_pendidikan": 0, "poi_perkantoran": 1, "poi_pariwisata": 0, "poi_perdagangan": 0, "poi_transportasi": 0, "penduduk": 1248, "densitas_poi": 48.11, "densitas_penduduk": 12008.9, "skor_poi": 0.156, "skor_penduduk": 0.544, "skor_aktivitas": 0.35, "kelas_aktivitas": "Rendah" }, "geometry": { "type": "Polygon", "coordinates": [ [ [ 110.401345184633655, -7.812468710606298 ], [ 110.399775526726671, -7.811561968936391 ], [ 110.398203286232658, -7.812464248572542 ], [ 110.398200695959844, -7.814273275076907 ], [ 110.399770359702529, -7.815180022992108 ], [ 110.401342607882341, -7.814277738156291 ], [ 110.401345184633655, -7.812468710606298 ] ] ] } },
{ "type": "Feature", "properties": { "hex_id": 138, "luas_km2": 0.1039, "poi_total": 2, "poi_kuliner": 0, "poi_peribadatan": 0, "poi_kesehatan": 1, "poi_pendidikan": 0, "poi_perkantoran": 1, "poi_pariwisata": 0, "poi_perdagangan": 0, "poi_transportasi": 0, "penduduk": 220, "densitas_poi": 19.25, "densitas_penduduk": 2117.0, "skor_poi": 0.062, "skor_penduduk": 0.096, "skor_aktivitas": 0.079, "kelas_aktivitas": "Sangat Rendah" }, "geometry": { "type": "Polygon", "coordinates": [ [ [ 110.404487084879861, -7.812473149286748 ], [ 110.402917419291967, -7.811566418772061 ], [ 110.401345184633655, -7.812468710606298 ], [ 110.401342607882341, -7.814277738156291 ], [ 110.402912279310826, -7.815184474913559 ], [ 110.404484521650062, -7.814282177876896 ], [ 110.404487084879861, -7.812473149286748 ] ] ] } },
{ "type": "Feature", "properties": { "hex_id": 139, "luas_km2": 0.1039, "poi_total": 0, "poi_kuliner": 0, "poi_peribadatan": 0, "poi_kesehatan": 0, "poi_pendidikan": 0, "poi_perkantoran": 0, "poi_pariwisata": 0, "poi_perdagangan": 0, "poi_transportasi": 0, "penduduk": 244, "densitas_poi": 0.0, "densitas_penduduk": 2347.9, "skor_poi": 0.0, "skor_penduduk": 0.106, "skor_aktivitas": 0.053, "kelas_aktivitas": "Sangat Rendah" }, "geometry": { "type": "Polygon", "coordinates": [ [ [ 110.346366456435064, -7.809673740459272 ], [ 110.344796943357508, -7.808766804759933 ], [ 110.343224612167475, -7.809668871465884 ], [ 110.343221786287302, -7.811477879019165 ], [ 110.344791305113105, -7.812384821009235 ], [ 110.346363644070834, -7.811482749153934 ], [ 110.346366456435064, -7.809673740459272 ] ] ] } },
{ "type": "Feature", "properties": { "hex_id": 140, "luas_km2": 0.1039, "poi_total": 11, "poi_kuliner": 3, "poi_peribadatan": 1, "poi_kesehatan": 2, "poi_pendidikan": 2, "poi_perkantoran": 3, "poi_pariwisata": 0, "poi_perdagangan": 0, "poi_transportasi": 0, "penduduk": 1688, "densitas_poi": 105.85, "densitas_penduduk": 16242.8, "skor_poi": 0.344, "skor_penduduk": 0.736, "skor_aktivitas": 0.54, "kelas_aktivitas": "Tinggi" }, "geometry": { "type": "Polygon", "coordinates": [ [ [ 110.349508302717226, -7.809678586108783 ], [ 110.347938781876834, -7.80877166151207 ], [ 110.346366456435064, -7.809673740459272 ], [ 110.346363644070834, -7.811482749153934 ], [ 110.347933170664334, -7.812389680038664 ], [ 110.349505503868983, -7.811487595939352 ], [ 110.349508302717226, -7.809678586108783 ] ] ] } },
{ "type": "Feature", "properties": { "hex_id": 141, "luas_km2": 0.1039, "poi_total": 12, "poi_kuliner": 3, "poi_peribadatan": 5, "poi_kesehatan": 0, "poi_pendidikan": 2, "poi_perkantoran": 2, "poi_pariwisata": 0, "poi_perdagangan": 0, "poi_transportasi": 0, "penduduk": 1647, "densitas_poi": 115.47, "densitas_penduduk": 15848.3, "skor_poi": 0.375, "skor_penduduk": 0.718, "skor_aktivitas": 0.546, "kelas_aktivitas": "Sangat Tinggi" }, "geometry": { "type": "Polygon", "coordinates": [ [ [ 110.352650151004283, -7.809683408414342 ], [ 110.351080622405874, -7.808776494923032 ], [ 110.349508302717226, -7.809678586108783 ], [ 110.349505503868983, -7.811487595939352 ], [ 110.35107503822536, -7.812394515715967 ], [ 110.352647365672055, -7.811492419375347 ], [ 110.352650151004283, -7.809683408414342 ] ] ] } },
{ "type": "Feature", "properties": { "hex_id": 142, "luas_km2": 0.1039, "poi_total": 13, "poi_kuliner": 3, "poi_peribadatan": 4, "poi_kesehatan": 1, "poi_pendidikan": 4, "poi_perkantoran": 0, "poi_pariwisata": 0, "poi_perdagangan": 0, "poi_transportasi": 1, "penduduk": 1416, "densitas_poi": 125.09, "densitas_penduduk": 13625.5, "skor_poi": 0.406, "skor_penduduk": 0.617, "skor_aktivitas": 0.512, "kelas_aktivitas": "Tinggi" }, "geometry": { "type": "Polygon", "coordinates": [ [ [ 110.355792001286574, -7.80968820737588 ], [ 110.354222464934935, -7.808781304992744 ], [ 110.352650151004283, -7.809683408414342 ], [ 110.352647365672055, -7.811492419375347 ], [ 110.354216907786508, -7.812399328041079 ], [ 110.355789229470375, -7.811497219461847 ], [ 110.355792001286574, -7.80968820737588 ] ] ] } },
{ "type": "Feature", "properties": { "hex_id": 143, "luas_km2": 0.1039, "poi_total": 11, "poi_kuliner": 4, "poi_peribadatan": 2, "poi_kesehatan": 2, "poi_pendidikan": 0, "poi_perkantoran": 2, "poi_pariwisata": 1, "poi_perdagangan": 0, "poi_transportasi": 0, "penduduk": 1413, "densitas_poi": 105.85, "densitas_penduduk": 13596.6, "skor_poi": 0.344, "skor_penduduk": 0.616, "skor_aktivitas": 0.48, "kelas_aktivitas": "Tinggi" }, "geometry": { "type": "Polygon", "coordinates": [ [ [ 110.358933853554362, -7.809692982993319 ], [ 110.357364309454354, -7.808786091721132 ], [ 110.355792001286574, -7.80968820737588 ], [ 110.355789229470389, -7.811497219461847 ], [ 110.357358779338085, -7.812404117013923 ], [ 110.358931095254277, -7.811501996198783 ], [ 110.358933853554362, -7.809692982993319 ] ] ] } },
{ "type": "Feature", "properties": { "hex_id": 144, "luas_km2": 0.1039, "poi_total": 10, "poi_kuliner": 0, "poi_peribadatan": 3, "poi_kesehatan": 0, "poi_pendidikan": 3, "poi_perkantoran": 2, "poi_pariwisata": 2, "poi_perdagangan": 0, "poi_transportasi": 0, "penduduk": 1413, "densitas_poi": 96.23, "densitas_penduduk": 13596.6, "skor_poi": 0.312, "skor_penduduk": 0.616, "skor_aktivitas": 0.464, "kelas_aktivitas": "Tinggi" }, "geometry": { "type": "Polygon", "coordinates": [ [ [ 110.362075707798027, -7.809697735266598 ], [ 110.360506155954454, -7.808790855108124 ], [ 110.358933853554362, -7.809692982993319 ], [ 110.358931095254277, -7.811501996198783 ], [ 110.360500652870414, -7.812408882634428 ], [ 110.362072963014072, -7.811506749586079 ], [ 110.362075707798027, -7.809697735266598 ] ] ] } },
{ "type": "Feature", "properties": { "hex_id": 145, "luas_km2": 0.1039, "poi_total": 11, "poi_kuliner": 8, "poi_peribadatan": 1, "poi_kesehatan": 0, "poi_pendidikan": 0, "poi_perkantoran": 1, "poi_pariwisata": 1, "poi_perdagangan": 0, "poi_transportasi": 0, "penduduk": 1413, "densitas_poi": 105.85, "densitas_penduduk": 13596.6, "skor_poi": 0.344, "skor_penduduk": 0.616, "skor_aktivitas": 0.48, "kelas_aktivitas": "Tinggi" }, "geometry": { "type": "Polygon", "coordinates": [ [ [ 110.365217564007835, -7.809702464195637 ], [ 110.363648004425528, -7.808795595153654 ], [ 110.362075707798027, -7.809697735266598 ], [ 110.362072963014072, -7.811506749586079 ], [ 110.363642528373816, -7.812413624902525 ], [ 110.365214832740079, -7.811511479623666 ], [ 110.365217564007835, -7.809702464195637 ] ] ] } },
{ "type": "Feature", "properties": { "hex_id": 146, "luas_km2": 0.1039, "poi_total": 8, "poi_kuliner": 4, "poi_peribadatan": 0, "poi_kesehatan": 2, "poi_pendidikan": 0, "poi_perkantoran": 1, "poi_pariwisata": 0, "poi_perdagangan": 1, "poi_transportasi": 0, "penduduk": 1413, "densitas_poi": 76.98, "densitas_penduduk": 13596.6, "skor_poi": 0.25, "skor_penduduk": 0.616, "skor_aktivitas": 0.433, "kelas_aktivitas": "Tinggi" }, "geometry": { "type": "Polygon", "coordinates": [ [ [ 110.368359422174137, -7.809707169780371 ], [ 110.366789854857899, -7.80880031185765 ], [ 110.365217564007835, -7.809702464195637 ], [ 110.365214832740079, -7.811511479623666 ], [ 110.366784405838601, -7.81241834381814 ], [ 110.368356704422609, -7.811516186311477 ], [ 110.368359422174137, -7.809707169780371 ] ] ] } },
{ "type": "Feature", "properties": { "hex_id": 147, "luas_km2": 0.1039, "poi_total": 14, "poi_kuliner": 3, "poi_peribadatan": 2, "poi_kesehatan": 3, "poi_pendidikan": 0, "poi_perkantoran": 6, "poi_pariwisata": 0, "poi_perdagangan": 0, "poi_transportasi": 0, "penduduk": 1395, "densitas_poi": 134.72, "densitas_penduduk": 13423.4, "skor_poi": 0.437, "skor_penduduk": 0.608, "skor_aktivitas": 0.522, "kelas_aktivitas": "Tinggi" }, "geometry": { "type": "Polygon", "coordinates": [ [ [ 110.371501282287241, -7.809711852020728 ], [ 110.369931707241903, -7.808805005220038 ], [ 110.368359422174137, -7.809707169780371 ], [ 110.368356704422609, -7.811516186311477 ], [ 110.36992628525509, -7.812423039381205 ], [ 110.37149857805197, -7.811520869649434 ], [ 110.371501282287241, -7.809711852020728 ] ] ] } },
{ "type": "Feature", "properties": { "hex_id": 148, "luas_km2": 0.1039, "poi_total": 9, "poi_kuliner": 3, "poi_peribadatan": 1, "poi_kesehatan": 1, "poi_pendidikan": 2, "poi_perkantoran": 0, "poi_pariwisata": 2, "poi_perdagangan": 0, "poi_transportasi": 0, "penduduk": 1393, "densitas_poi": 86.6, "densitas_penduduk": 13404.1, "skor_poi": 0.281, "skor_penduduk": 0.607, "skor_aktivitas": 0.444, "kelas_aktivitas": "Tinggi" }, "geometry": { "type": "Polygon", "coordinates": [ [ [ 110.374643144337469, -7.809716510916636 ], [ 110.37307356156785, -7.808809675240748 ], [ 110.371501282287241, -7.809711852020728 ], [ 110.37149857805197, -7.811520869649434 ], [ 110.373068166613592, -7.812427711591648 ], [ 110.374640453618497, -7.811525529637471 ], [ 110.374643144337469, -7.809716510916636 ] ] ] } },
{ "type": "Feature", "properties": { "hex_id": 149, "luas_km2": 0.1039, "poi_total": 16, "poi_kuliner": 4, "poi_peribadatan": 3, "poi_kesehatan": 5, "poi_pendidikan": 1, "poi_perkantoran": 3, "poi_pariwisata": 0, "poi_perdagangan": 0, "poi_transportasi": 0, "penduduk": 1393, "densitas_poi": 153.96, "densitas_penduduk": 13404.1, "skor_poi": 0.5, "skor_penduduk": 0.607, "skor_aktivitas": 0.554, "kelas_aktivitas": "Sangat Tinggi" }, "geometry": { "type": "Polygon", "coordinates": [ [ [ 110.377785008315129, -7.809721146468029 ], [ 110.376215417826046, -7.808814321919713 ], [ 110.374643144337469, -7.809716510916636 ], [ 110.374640453618497, -7.811525529637471 ], [ 110.376210049904458, -7.812432360449401 ], [ 110.377782331112527, -7.811530166275523 ], [ 110.377785008315129, -7.809721146468029 ] ] ] } },
{ "type": "Feature", "properties": { "hex_id": 150, "luas_km2": 0.1039, "poi_total": 3, "poi_kuliner": 2, "poi_peribadatan": 1, "poi_kesehatan": 0, "poi_pendidikan": 0, "poi_perkantoran": 0, "poi_pariwisata": 0, "poi_perdagangan": 0, "poi_transportasi": 0, "penduduk": 1254, "densitas_poi": 28.87, "densitas_penduduk": 12066.6, "skor_poi": 0.094, "skor_penduduk": 0.546, "skor_aktivitas": 0.32, "kelas_aktivitas": "Rendah" }, "geometry": { "type": "Polygon", "coordinates": [ [ [ 110.380926874210544, -7.809725758674833 ], [ 110.379357276006829, -7.808818945256863 ], [ 110.377785008315129, -7.809721146468029 ], [ 110.377782331112527, -7.811530166275523 ], [ 110.379351935117967, -7.812436985954394 ], [ 110.380924210524313, -7.811534779563511 ], [ 110.380926874210544, -7.809725758674833 ] ] ] } },
{ "type": "Feature", "properties": { "hex_id": 151, "luas_km2": 0.1039, "poi_total": 2, "poi_kuliner": 0, "poi_peribadatan": 1, "poi_kesehatan": 0, "poi_pendidikan": 1, "poi_perkantoran": 0, "poi_pariwisata": 0, "poi_perdagangan": 0, "poi_transportasi": 0, "penduduk": 913, "densitas_poi": 19.25, "densitas_penduduk": 8785.3, "skor_poi": 0.062, "skor_penduduk": 0.398, "skor_aktivitas": 0.23, "kelas_aktivitas": "Sangat Rendah" }, "geometry": { "type": "Polygon", "coordinates": [ [ [ 110.384068742014037, -7.809730347536982 ], [ 110.382499136100506, -7.808823545252129 ], [ 110.380926874210559, -7.809725758674833 ], [ 110.380924210524313, -7.811534779563511 ], [ 110.382493822244456, -7.812441588106559 ], [ 110.384066091844247, -7.811539369501372 ], [ 110.384068742014037, -7.809730347536982 ] ] ] } },
{ "type": "Feature", "properties": { "hex_id": 152, "luas_km2": 0.1039, "poi_total": 8, "poi_kuliner": 1, "poi_peribadatan": 2, "poi_kesehatan": 1, "poi_pendidikan": 2, "poi_perkantoran": 2, "poi_pariwisata": 0, "poi_perdagangan": 0, "poi_transportasi": 0, "penduduk": 913, "densitas_poi": 76.98, "densitas_penduduk": 8785.3, "skor_poi": 0.25, "skor_penduduk": 0.398, "skor_aktivitas": 0.324, "kelas_aktivitas": "Rendah" }, "geometry": { "type": "Polygon", "coordinates": [ [ [ 110.387210611715929, -7.809734913054409 ], [ 110.385640998097387, -7.80882812190544 ], [ 110.384068742014037, -7.809730347536982 ], [ 110.384066091844247, -7.811539369501372 ], [ 110.385635711274247, -7.812446166905824 ], [ 110.387207975062594, -7.811543936089041 ], [ 110.387210611715929, -7.809734913054409 ] ] ] } },
{ "type": "Feature", "properties": { "hex_id": 153, "luas_km2": 0.1039, "poi_total": 12, "poi_kuliner": 3, "poi_peribadatan": 3, "poi_kesehatan": 2, "poi_pendidikan": 0, "poi_perkantoran": 2, "poi_pariwisata": 2, "poi_perdagangan": 0, "poi_transportasi": 0, "penduduk": 913, "densitas_poi": 115.47, "densitas_penduduk": 8785.3, "skor_poi": 0.375, "skor_penduduk": 0.398, "skor_aktivitas": 0.386, "kelas_aktivitas": "Sedang" }, "geometry": { "type": "Polygon", "coordinates": [ [ [ 110.390352483306529, -7.809739455227045 ], [ 110.388782861987792, -7.80883267521673 ], [ 110.387210611715929, -7.809734913054409 ], [ 110.387207975062594, -7.811543936089041 ], [ 110.388777602197621, -7.812450722352123 ], [ 110.390349860169707, -7.811548479326444 ], [ 110.390352483306529, -7.809739455227045 ] ] ] } },
{ "type": "Feature", "properties": { "hex_id": 154, "luas_km2": 0.1039, "poi_total": 16, "poi_kuliner": 3, "poi_peribadatan": 3, "poi_kesehatan": 4, "poi_pendidikan": 3, "poi_perkantoran": 1, "poi_pariwisata": 2, "poi_perdagangan": 0, "poi_transportasi": 0, "penduduk": 913, "densitas_poi": 153.96, "densitas_penduduk": 8785.3, "skor_poi": 0.5, "skor_penduduk": 0.398, "skor_aktivitas": 0.449, "kelas_aktivitas": "Tinggi" }, "geometry": { "type": "Polygon", "coordinates": [ [ [ 110.393494356776145, -7.809743974054821 ], [ 110.391924727762074, -7.808837205185931 ], [ 110.390352483306529, -7.809739455227045 ], [ 110.390349860169707, -7.811548479326444 ], [ 110.391919495004956, -7.812455254445388 ], [ 110.393491747155878, -7.811552999213515 ], [ 110.393494356776145, -7.809743974054821 ] ] ] } },
{ "type": "Feature", "properties": { "hex_id": 155, "luas_km2": 0.1039, "poi_total": 5, "poi_kuliner": 0, "poi_peribadatan": 3, "poi_kesehatan": 0, "poi_pendidikan": 2, "poi_perkantoran": 0, "poi_pariwisata": 0, "poi_perdagangan": 0, "poi_transportasi": 0, "penduduk": 1155, "densitas_poi": 48.11, "densitas_penduduk": 11114.0, "skor_poi": 0.156, "skor_penduduk": 0.503, "skor_aktivitas": 0.33, "kelas_aktivitas": "Rendah" }, "geometry": { "type": "Polygon", "coordinates": [ [ [ 110.396636232115114, -7.809748469537667 ], [ 110.395066595410498, -7.808841711812972 ], [ 110.393494356776145, -7.809743974054821 ], [ 110.393491747155878, -7.811552999213515 ], [ 110.395061389686518, -7.81245976318555 ], [ 110.396633636011416, -7.811557495750187 ], [ 110.396636232115114, -7.809748469537667 ] ] ] } },
{ "type": "Feature", "properties": { "hex_id": 156, "luas_km2": 0.1039, "poi_total": 12, "poi_kuliner": 4, "poi_peribadatan": 1, "poi_kesehatan": 1, "poi_pendidikan": 2, "poi_perkantoran": 3, "poi_pariwisata": 1, "poi_perdagangan": 0, "poi_transportasi": 0, "penduduk": 1248, "densitas_poi": 115.47, "densitas_penduduk": 12008.9, "skor_poi": 0.375, "skor_penduduk": 0.544, "skor_aktivitas": 0.46, "kelas_aktivitas": "Tinggi" }, "geometry": { "type": "Polygon", "coordinates": [ [ [ 110.399778109313743, -7.809752941675522 ], [ 110.398208464923414, -7.808846195097791 ], [ 110.396636232115128, -7.809748469537667 ], [ 110.396633636011416, -7.811557495750187 ], [ 110.398203286232658, -7.812464248572542 ], [ 110.399775526726671, -7.811561968936391 ], [ 110.399778109313743, -7.809752941675522 ] ] ] } },
{ "type": "Feature", "properties": { "hex_id": 157, "luas_km2": 0.1039, "poi_total": 10, "poi_kuliner": 4, "poi_peribadatan": 1, "poi_kesehatan": 4, "poi_pendidikan": 1, "poi_perkantoran": 0, "poi_pariwisata": 0, "poi_perdagangan": 0, "poi_transportasi": 0, "penduduk": 968, "densitas_poi": 96.23, "densitas_penduduk": 9314.6, "skor_poi": 0.312, "skor_penduduk": 0.422, "skor_aktivitas": 0.367, "kelas_aktivitas": "Sedang" }, "geometry": { "type": "Polygon", "coordinates": [ [ [ 110.402919988362356, -7.809757390468311 ], [ 110.401350336291131, -7.808850655040319 ], [ 110.399778109313743, -7.809752941675522 ], [ 110.399775526726671, -7.811561968936391 ], [ 110.401345184633655, -7.812468710606298 ], [ 110.402917419291967, -7.811566418772061 ], [ 110.402919988362356, -7.809757390468311 ] ] ] } },
{ "type": "Feature", "properties": { "hex_id": 158, "luas_km2": 0.1039, "poi_total": 14, "poi_kuliner": 4, "poi_peribadatan": 1, "poi_kesehatan": 7, "poi_pendidikan": 0, "poi_perkantoran": 2, "poi_pariwisata": 0, "poi_perdagangan": 0, "poi_transportasi": 0, "penduduk": 1546, "densitas_poi": 134.72, "densitas_penduduk": 14876.4, "skor_poi": 0.437, "skor_penduduk": 0.674, "skor_aktivitas": 0.556, "kelas_aktivitas": "Sangat Tinggi" }, "geometry": { "type": "Polygon", "coordinates": [ [ [ 110.347941586478228, -7.806962652015621 ], [ 110.346372079148964, -7.806055722603642 ], [ 110.34479976147, -7.806957796402113 ], [ 110.344796943357508, -7.808766804759933 ], [ 110.346366456435064, -7.809673740459272 ], [ 110.347938781876834, -7.80877166151207 ], [ 110.347941586478228, -7.806962652015621 ] ] ] } },
{ "type": "Feature", "properties": { "hex_id": 159, "luas_km2": 0.1039, "poi_total": 12, "poi_kuliner": 1, "poi_peribadatan": 2, "poi_kesehatan": 6, "poi_pendidikan": 2, "poi_perkantoran": 1, "poi_pariwisata": 0, "poi_perdagangan": 0, "poi_transportasi": 0, "penduduk": 1688, "densitas_poi": 115.47, "densitas_penduduk": 16242.8, "skor_poi": 0.375, "skor_penduduk": 0.736, "skor_aktivitas": 0.556, "kelas_aktivitas": "Sangat Tinggi" }, "geometry": { "type": "Polygon", "coordinates": [ [ [ 110.351083413496099, -7.806967484293425 ], [ 110.349513898408858, -7.806060565981362 ], [ 110.347941586478228, -7.806962652015621 ], [ 110.347938781876834, -7.80877166151207 ], [ 110.349508302717226, -7.809678586108783 ], [ 110.351080622405874, -7.808776494923032 ], [ 110.351083413496099, -7.806967484293425 ] ] ] } },
{ "type": "Feature", "properties": { "hex_id": 160, "luas_km2": 0.1039, "poi_total": 8, "poi_kuliner": 1, "poi_peribadatan": 2, "poi_kesehatan": 0, "poi_pendidikan": 4, "poi_perkantoran": 1, "poi_pariwisata": 0, "poi_perdagangan": 0, "poi_transportasi": 0, "penduduk": 1705, "densitas_poi": 76.98, "densitas_penduduk": 16406.4, "skor_poi": 0.25, "skor_penduduk": 0.743, "skor_aktivitas": 0.496, "kelas_aktivitas": "Tinggi" }, "geometry": { "type": "Polygon", "coordinates": [ [ [ 110.354225242513976, -7.806972293235449 ], [ 110.352655719673564, -7.806065386026078 ], [ 110.351083413496099, -7.806967484293425 ], [ 110.351080622405874, -7.808776494923032 ], [ 110.352650151004283, -7.809683408414342 ], [ 110.354222464934935, -7.808781304992744 ], [ 110.354225242513976, -7.806972293235449 ] ] ] } },
{ "type": "Feature", "properties": { "hex_id": 161, "luas_km2": 0.1039, "poi_total": 15, "poi_kuliner": 3, "poi_peribadatan": 4, "poi_kesehatan": 3, "poi_pendidikan": 3, "poi_perkantoran": 0, "poi_pariwisata": 1, "poi_perdagangan": 1, "poi_transportasi": 0, "penduduk": 1797, "densitas_poi": 144.34, "densitas_penduduk": 17291.6, "skor_poi": 0.469, "skor_penduduk": 0.783, "skor_aktivitas": 0.626, "kelas_aktivitas": "Sangat Tinggi" }, "geometry": { "type": "Polygon", "coordinates": [ [ [ 110.357367073522155, -7.806977078841624 ], [ 110.355797542933402, -7.806070182737715 ], [ 110.354225242513976, -7.806972293235449 ], [ 110.354222464934935, -7.808781304992744 ], [ 110.355792001286574, -7.80968820737588 ], [ 110.357364309454354, -7.808786091721132 ], [ 110.357367073522155, -7.806977078841624 ] ] ] } },
{ "type": "Feature", "properties": { "hex_id": 162, "luas_km2": 0.1039, "poi_total": 18, "poi_kuliner": 3, "poi_peribadatan": 2, "poi_kesehatan": 5, "poi_pendidikan": 5, "poi_perkantoran": 1, "poi_pariwisata": 1, "poi_perdagangan": 1, "poi_transportasi": 0, "penduduk": 1413, "densitas_poi": 173.21, "densitas_penduduk": 13596.6, "skor_poi": 0.562, "skor_penduduk": 0.616, "skor_aktivitas": 0.589, "kelas_aktivitas": "Sangat Tinggi" }, "geometry": { "type": "Polygon", "coordinates": [ [ [ 110.360508906510958, -7.806981841111877 ], [ 110.35893936817871, -7.806074956116202 ], [ 110.357367073522155, -7.806977078841624 ], [ 110.357364309454354, -7.808786091721132 ], [ 110.358933853554362, -7.809692982993319 ], [ 110.360506155954454, -7.808790855108124 ], [ 110.360508906510958, -7.806981841111877 ] ] ] } },
{ "type": "Feature", "properties": { "hex_id": 163, "luas_km2": 0.1039, "poi_total": 6, "poi_kuliner": 1, "poi_peribadatan": 0, "poi_kesehatan": 1, "poi_pendidikan": 3, "poi_perkantoran": 1, "poi_pariwisata": 0, "poi_perdagangan": 0, "poi_transportasi": 0, "penduduk": 1413, "densitas_poi": 57.74, "densitas_penduduk": 13596.6, "skor_poi": 0.187, "skor_penduduk": 0.616, "skor_aktivitas": 0.401, "kelas_aktivitas": "Sedang" }, "geometry": { "type": "Polygon", "coordinates": [ [ [ 110.363650741470707, -7.806986580046138 ], [ 110.362081195399739, -7.806079706161468 ], [ 110.360508906510958, -7.806981841111877 ], [ 110.360506155954454, -7.808790855108124 ], [ 110.362075707798027, -7.809697735266598 ], [ 110.363648004425528, -7.808795595153654 ], [ 110.363650741470707, -7.806986580046138 ] ] ] } },
{ "type": "Feature", "properties": { "hex_id": 164, "luas_km2": 0.1039, "poi_total": 8, "poi_kuliner": 1, "poi_peribadatan": 3, "poi_kesehatan": 0, "poi_pendidikan": 0, "poi_perkantoran": 3, "poi_pariwisata": 1, "poi_perdagangan": 0, "poi_transportasi": 0, "penduduk": 1413, "densitas_poi": 76.98, "densitas_penduduk": 13596.6, "skor_poi": 0.25, "skor_penduduk": 0.616, "skor_aktivitas": 0.433, "kelas_aktivitas": "Tinggi" }, "geometry": { "type": "Polygon", "coordinates": [ [ [ 110.366792578391738, -7.806991295644332 ], [ 110.365223024586882, -7.806084432873441 ], [ 110.363650741470707, -7.806986580046138 ], [ 110.363648004425528, -7.808795595153654 ], [ 110.365217564007835, -7.809702464195637 ], [ 110.366789854857899, -7.80880031185765 ], [ 110.366792578391738, -7.806991295644332 ] ] ] } },
{ "type": "Feature", "properties": { "hex_id": 165, "luas_km2": 0.1039, "poi_total": 15, "poi_kuliner": 4, "poi_peribadatan": 5, "poi_kesehatan": 4, "poi_pendidikan": 2, "poi_perkantoran": 0, "poi_pariwisata": 0, "poi_perdagangan": 0, "poi_transportasi": 0, "penduduk": 1411, "densitas_poi": 144.34, "densitas_penduduk": 13577.4, "skor_poi": 0.469, "skor_penduduk": 0.615, "skor_aktivitas": 0.542, "kelas_aktivitas": "Tinggi" }, "geometry": { "type": "Polygon", "coordinates": [ [ [ 110.369934417264332, -7.806995987906396 ], [ 110.368364855730405, -7.806089136252053 ], [ 110.366792578391738, -7.806991295644332 ], [ 110.366789854857899, -7.80880031185765 ], [ 110.368359422174137, -7.809707169780371 ], [ 110.369931707241903, -7.808805005220038 ], [ 110.369934417264332, -7.806995987906396 ] ] ] } },
{ "type": "Feature", "properties": { "hex_id": 166, "luas_km2": 0.1039, "poi_total": 11, "poi_kuliner": 0, "poi_peribadatan": 3, "poi_kesehatan": 3, "poi_pendidikan": 1, "poi_perkantoran": 2, "poi_pariwisata": 2, "poi_perdagangan": 0, "poi_transportasi": 0, "penduduk": 1404, "densitas_poi": 105.85, "densitas_penduduk": 13510.0, "skor_poi": 0.344, "skor_penduduk": 0.612, "skor_aktivitas": 0.478, "kelas_aktivitas": "Tinggi" }, "geometry": { "type": "Polygon", "coordinates": [ [ [ 110.373076258078825, -7.807000656832254 ], [ 110.371506688820674, -7.806093816297233 ], [ 110.369934417264332, -7.806995987906396 ], [ 110.369931707241903, -7.808805005220038 ], [ 110.371501282287241, -7.809711852020728 ], [ 110.37307356156785, -7.808809675240748 ], [ 110.373076258078825, -7.807000656832254 ] ] ] } },
{ "type": "Feature", "properties": { "hex_id": 167, "luas_km2": 0.1039, "poi_total": 5, "poi_kuliner": 1, "poi_peribadatan": 3, "poi_kesehatan": 0, "poi_pendidikan": 0, "poi_perkantoran": 0, "poi_pariwisata": 1, "poi_perdagangan": 0, "poi_transportasi": 0, "penduduk": 1396, "densitas_poi": 48.11, "densitas_penduduk": 13433.0, "skor_poi": 0.156, "skor_penduduk": 0.608, "skor_aktivitas": 0.382, "kelas_aktivitas": "Sedang" }, "geometry": { "type": "Polygon", "coordinates": [ [ [ 110.37621810082554, -7.80700530242184 ], [ 110.374648523847966, -7.806098473008904 ], [ 110.373076258078825, -7.807000656832254 ], [ 110.37307356156785, -7.808809675240748 ], [ 110.374643144337469, -7.809716510916636 ], [ 110.376215417826046, -7.808814321919713 ], [ 110.37621810082554, -7.80700530242184 ] ] ] } },
{ "type": "Feature", "properties": { "hex_id": 168, "luas_km2": 0.1039, "poi_total": 18, "poi_kuliner": 6, "poi_peribadatan": 5, "poi_kesehatan": 4, "poi_pendidikan": 3, "poi_perkantoran": 0, "poi_pariwisata": 0, "poi_perdagangan": 0, "poi_transportasi": 0, "penduduk": 1374, "densitas_poi": 173.21, "densitas_penduduk": 13221.3, "skor_poi": 0.562, "skor_penduduk": 0.599, "skor_aktivitas": 0.58, "kelas_aktivitas": "Sangat Tinggi" }, "geometry": { "type": "Polygon", "coordinates": [ [ [ 110.379359945494798, -7.807009924675083 ], [ 110.377790360802607, -7.80610310638701 ], [ 110.37621810082554, -7.80700530242184 ], [ 110.376215417826046, -7.808814321919713 ], [ 110.377785008315129, -7.809721146468029 ], [ 110.379357276006829, -7.808818945256863 ], [ 110.379359945494798, -7.807009924675083 ] ] ] } },
{ "type": "Feature", "properties": { "hex_id": 169, "luas_km2": 0.1039, "poi_total": 6, "poi_kuliner": 1, "poi_peribadatan": 2, "poi_kesehatan": 2, "poi_pendidikan": 0, "poi_perkantoran": 1, "poi_pariwisata": 0, "poi_perdagangan": 0, "poi_transportasi": 0, "penduduk": 913, "densitas_poi": 57.74, "densitas_penduduk": 8785.3, "skor_poi": 0.187, "skor_penduduk": 0.398, "skor_aktivitas": 0.292, "kelas_aktivitas": "Rendah" }, "geometry": { "type": "Polygon", "coordinates": [ [ [ 110.382501792076894, -7.807014523591912 ], [ 110.380932199674945, -7.806107716431471 ], [ 110.379359945494798, -7.807009924675083 ], [ 110.379357276006829, -7.808818945256863 ], [ 110.380926874210544, -7.809725758674833 ], [ 110.382499136100492, -7.808823545252129 ], [ 110.382501792076894, -7.807014523591912 ] ] ] } },
{ "type": "Feature", "properties": { "hex_id": 170, "luas_km2": 0.1039, "poi_total": 2, "poi_kuliner": 0, "poi_peribadatan": 1, "poi_kesehatan": 1, "poi_pendidikan": 0, "poi_perkantoran": 0, "poi_pariwisata": 0, "poi_perdagangan": 0, "poi_transportasi": 0, "penduduk": 913, "densitas_poi": 19.25, "densitas_penduduk": 8785.3, "skor_poi": 0.062, "skor_penduduk": 0.398, "skor_aktivitas": 0.23, "kelas_aktivitas": "Sangat Rendah" }, "geometry": { "type": "Polygon", "coordinates": [ [ [ 110.385643640562179, -7.807019099172259 ], [ 110.384074040455261, -7.806112303142222 ], [ 110.382501792076894, -7.807014523591912 ], [ 110.382499136100506, -7.808823545252129 ], [ 110.384068742014037, -7.809730347536982 ], [ 110.385640998097387, -7.80882812190544 ], [ 110.385643640562179, -7.807019099172259 ] ] ] } },
{ "type": "Feature", "properties": { "hex_id": 171, "luas_km2": 0.1039, "poi_total": 11, "poi_kuliner": 7, "poi_peribadatan": 2, "poi_kesehatan": 1, "poi_pendidikan": 0, "poi_perkantoran": 1, "poi_pariwisata": 0, "poi_perdagangan": 0, "poi_transportasi": 0, "penduduk": 913, "densitas_poi": 105.85, "densitas_penduduk": 8785.3, "skor_poi": 0.344, "skor_penduduk": 0.398, "skor_aktivitas": 0.371, "kelas_aktivitas": "Sedang" }, "geometry": { "type": "Polygon", "coordinates": [ [ [ 110.388785490940947, -7.807023651416057 ], [ 110.387215883133891, -7.806116866519194 ], [ 110.385643640562179, -7.807019099172259 ], [ 110.385640998097387, -7.80882812190544 ], [ 110.387210611715929, -7.809734913054409 ], [ 110.388782861987792, -7.80883267521673 ], [ 110.388785490940947, -7.807023651416057 ] ] ] } },
{ "type": "Feature", "properties": { "hex_id": 172, "luas_km2": 0.1039, "poi_total": 11, "poi_kuliner": 6, "poi_peribadatan": 1, "poi_kesehatan": 2, "poi_pendidikan": 2, "poi_perkantoran": 0, "poi_pariwisata": 0, "poi_perdagangan": 0, "poi_transportasi": 0, "penduduk": 913, "densitas_poi": 105.85, "densitas_penduduk": 8785.3, "skor_poi": 0.344, "skor_penduduk": 0.398, "skor_aktivitas": 0.371, "kelas_aktivitas": "Sedang" }, "geometry": { "type": "Polygon", "coordinates": [ [ [ 110.391927343203534, -7.80702818032324 ], [ 110.390357727701158, -7.806121406562317 ], [ 110.388785490940947, -7.807023651416057 ], [ 110.388782861987792, -7.80883267521673 ], [ 110.390352483306529, -7.809739455227045 ], [ 110.391924727762074, -7.808837205185931 ], [ 110.391927343203534, -7.80702818032324 ] ] ] } },
{ "type": "Feature", "properties": { "hex_id": 173, "luas_km2": 0.1039, "poi_total": 12, "poi_kuliner": 1, "poi_peribadatan": 2, "poi_kesehatan": 1, "poi_pendidikan": 5, "poi_perkantoran": 0, "poi_pariwisata": 3, "poi_perdagangan": 0, "poi_transportasi": 0, "penduduk": 913, "densitas_poi": 115.47, "densitas_penduduk": 8785.3, "skor_poi": 0.375, "skor_penduduk": 0.398, "skor_aktivitas": 0.386, "kelas_aktivitas": "Sedang" }, "geometry": { "type": "Polygon", "coordinates": [ [ [ 110.395069197340234, -7.807032685893735 ], [ 110.39349957414737, -7.806125923271528 ], [ 110.391927343203534, -7.80702818032324 ], [ 110.391924727762074, -7.808837205185931 ], [ 110.393494356776145, -7.809743974054821 ], [ 110.395066595410498, -7.808841711812972 ], [ 110.395069197340234, -7.807032685893735 ] ] ] } },
{ "type": "Feature", "properties": { "hex_id": 174, "luas_km2": 0.1039, "poi_total": 0, "poi_kuliner": 0, "poi_peribadatan": 0, "poi_kesehatan": 0, "poi_pendidikan": 0, "poi_perkantoran": 0, "poi_pariwisata": 0, "poi_perdagangan": 0, "poi_transportasi": 0, "penduduk": 1134, "densitas_poi": 0.0, "densitas_penduduk": 10911.9, "skor_poi": 0.0, "skor_penduduk": 0.494, "skor_aktivitas": 0.247, "kelas_aktivitas": "Rendah" }, "geometry": { "type": "Polygon", "coordinates": [ [ [ 110.398211053341385, -7.80703716812748 ], [ 110.396641422462835, -7.806130416646758 ], [ 110.395069197340234, -7.807032685893735 ], [ 110.395066595410498, -7.808841711812972 ], [ 110.396636232115114, -7.809748469537667 ], [ 110.398208464923414, -7.808846195097791 ], [ 110.398211053341385, -7.80703716812748 ] ] ] } },
{ "type": "Feature", "properties": { "hex_id": 175, "luas_km2": 0.1039, "poi_total": 6, "poi_kuliner": 0, "poi_peribadatan": 2, "poi_kesehatan": 1, "poi_pendidikan": 0, "poi_perkantoran": 3, "poi_pariwisata": 0, "poi_perdagangan": 0, "poi_transportasi": 0, "penduduk": 1248, "densitas_poi": 57.74, "densitas_penduduk": 12008.9, "skor_poi": 0.187, "skor_penduduk": 0.544, "skor_aktivitas": 0.366, "kelas_aktivitas": "Sedang" }, "geometry": { "type": "Polygon", "coordinates": [ [ [ 110.401352911197307, -7.807041627024406 ], [ 110.399783272637904, -7.806134886687933 ], [ 110.398211053341385, -7.80703716812748 ], [ 110.398208464923414, -7.808846195097791 ], [ 110.399778109313743, -7.809752941675522 ], [ 110.401350336291131, -7.808850655040319 ], [ 110.401352911197307, -7.807041627024406 ] ] ] } },
{ "type": "Feature", "properties": { "hex_id": 176, "luas_km2": 0.1039, "poi_total": 1, "poi_kuliner": 1, "poi_peribadatan": 0, "poi_kesehatan": 0, "poi_pendidikan": 0, "poi_perkantoran": 0, "poi_pariwisata": 0, "poi_perdagangan": 0, "poi_transportasi": 0, "penduduk": 261, "densitas_poi": 9.62, "densitas_penduduk": 2511.5, "skor_poi": 0.031, "skor_penduduk": 0.114, "skor_aktivitas": 0.073, "kelas_aktivitas": "Sangat Rendah" }, "geometry": { "type": "Polygon", "coordinates": [ [ [ 110.404494770898296, -7.807046062584447 ], [ 110.402925124662872, -7.806139333394993 ], [ 110.401352911197307, -7.807041627024406 ], [ 110.401350336291131, -7.808850655040319 ], [ 110.402919988362356, -7.809757390468311 ], [ 110.404492209503985, -7.808855091640487 ], [ 110.404494770898296, -7.807046062584447 ] ] ] } },
{ "type": "Feature", "properties": { "hex_id": 177, "luas_km2": 0.1039, "poi_total": 2, "poi_kuliner": 0, "poi_peribadatan": 1, "poi_kesehatan": 0, "poi_pendidikan": 0, "poi_perkantoran": 0, "poi_pariwisata": 1, "poi_perdagangan": 0, "poi_transportasi": 0, "penduduk": 449, "densitas_poi": 19.25, "densitas_penduduk": 4320.5, "skor_poi": 0.062, "skor_penduduk": 0.196, "skor_aktivitas": 0.129, "kelas_aktivitas": "Sangat Rendah" }, "geometry": { "type": "Polygon", "coordinates": [ [ [ 110.346374889498662, -7.80424671344274 ], [ 110.344805395675664, -7.803339779220309 ], [ 110.343233085759508, -7.804241847873438 ], [ 110.343230261903557, -7.806050855892986 ], [ 110.34479976147, -7.806957796402113 ], [ 110.346372079148964, -7.806055722603642 ], [ 110.346374889498662, -7.80424671344274 ] ] ] } },
{ "type": "Feature", "properties": { "hex_id": 178, "luas_km2": 0.1039, "poi_total": 9, "poi_kuliner": 0, "poi_peribadatan": 1, "poi_kesehatan": 3, "poi_pendidikan": 4, "poi_perkantoran": 1, "poi_pariwisata": 0, "poi_perdagangan": 0, "poi_transportasi": 0, "penduduk": 1688, "densitas_poi": 86.6, "densitas_penduduk": 16242.8, "skor_poi": 0.281, "skor_penduduk": 0.736, "skor_aktivitas": 0.508, "kelas_aktivitas": "Tinggi" }, "geometry": { "type": "Polygon", "coordinates": [ [ [ 110.349516695252277, -7.804251555684584 ], [ 110.347947193671345, -7.803344632556588 ], [ 110.346374889498662, -7.80424671344274 ], [ 110.346372079148964, -7.806055722603642 ], [ 110.347941586478228, -7.806962652015621 ], [ 110.349513898408858, -7.806060565981362 ], [ 110.349516695252277, -7.804251555684584 ] ] ] } },
{ "type": "Feature", "properties": { "hex_id": 179, "luas_km2": 0.1039, "poi_total": 19, "poi_kuliner": 4, "poi_peribadatan": 3, "poi_kesehatan": 4, "poi_pendidikan": 6, "poi_perkantoran": 2, "poi_pariwisata": 0, "poi_perdagangan": 0, "poi_transportasi": 0, "penduduk": 1688, "densitas_poi": 182.83, "densitas_penduduk": 16242.8, "skor_poi": 0.594, "skor_penduduk": 0.736, "skor_aktivitas": 0.665, "kelas_aktivitas": "Sangat Tinggi" }, "geometry": { "type": "Polygon", "coordinates": [ [ [ 110.352658503010645, -7.80425637459889 ], [ 110.351088993676598, -7.803349462568101 ], [ 110.349516695252277, -7.804251555684584 ], [ 110.349513898408858, -7.806060565981362 ], [ 110.351083413496099, -7.806967484293425 ], [ 110.352655719673564, -7.806065386026078 ], [ 110.352658503010645, -7.80425637459889 ] ] ] } },
{ "type": "Feature", "properties": { "hex_id": 180, "luas_km2": 0.1039, "poi_total": 6, "poi_kuliner": 0, "poi_peribadatan": 3, "poi_kesehatan": 0, "poi_pendidikan": 1, "poi_perkantoran": 2, "poi_pariwisata": 0, "poi_perdagangan": 0, "poi_transportasi": 0, "penduduk": 1968, "densitas_poi": 57.74, "densitas_penduduk": 18937.1, "skor_poi": 0.187, "skor_penduduk": 0.858, "skor_aktivitas": 0.522, "kelas_aktivitas": "Tinggi" }, "geometry": { "type": "Polygon", "coordinates": [ [ [ 110.355800312764103, -7.804261170185591 ], [ 110.354230795681758, -7.803354269254782 ], [ 110.352658503010645, -7.80425637459889 ], [ 110.352655719673578, -7.806065386026078 ], [ 110.354225242513976, -7.806972293235449 ], [ 110.355797542933402, -7.806070182737715 ], [ 110.355800312764103, -7.804261170185591 ] ] ] } },
{ "type": "Feature", "properties": { "hex_id": 181, "luas_km2": 0.1039, "poi_total": 14, "poi_kuliner": 2, "poi_peribadatan": 6, "poi_kesehatan": 1, "poi_pendidikan": 3, "poi_perkantoran": 2, "poi_pariwisata": 0, "poi_perdagangan": 0, "poi_transportasi": 0, "penduduk": 1623, "densitas_poi": 134.72, "densitas_penduduk": 15617.3, "skor_poi": 0.437, "skor_penduduk": 0.707, "skor_aktivitas": 0.572, "kelas_aktivitas": "Sangat Tinggi" }, "geometry": { "type": "Polygon", "coordinates": [ [ [ 110.358942124502974, -7.804265942444616 ], [ 110.357372599677149, -7.803359052616553 ], [ 110.355800312764103, -7.804261170185591 ], [ 110.355797542933402, -7.806070182737715 ], [ 110.357367073522155, -7.806977078841624 ], [ 110.35893936817871, -7.806074956116202 ], [ 110.358942124502974, -7.804265942444616 ] ] ] } },
{ "type": "Feature", "properties": { "hex_id": 182, "luas_km2": 0.1039, "poi_total": 16, "poi_kuliner": 4, "poi_peribadatan": 6, "poi_kesehatan": 4, "poi_pendidikan": 2, "poi_perkantoran": 0, "poi_pariwisata": 0, "poi_perdagangan": 0, "poi_transportasi": 0, "penduduk": 1518, "densitas_poi": 153.96, "densitas_penduduk": 14607.0, "skor_poi": 0.5, "skor_penduduk": 0.661, "skor_aktivitas": 0.58, "kelas_aktivitas": "Sangat Tinggi" }, "geometry": { "type": "Polygon", "coordinates": [ [ [ 110.362083938217566, -7.804270691375888 ], [ 110.360514405653078, -7.803363812653353 ], [ 110.358942124502974, -7.804265942444616 ], [ 110.35893936817871, -7.806074956116202 ], [ 110.360508906510958, -7.806981841111877 ], [ 110.362081195399739, -7.806079706161468 ], [ 110.362083938217566, -7.804270691375888 ] ] ] } },
{ "type": "Feature", "properties": { "hex_id": 183, "luas_km2": 0.1039, "poi_total": 7, "poi_kuliner": 2, "poi_peribadatan": 2, "poi_kesehatan": 1, "poi_pendidikan": 1, "poi_perkantoran": 0, "poi_pariwisata": 1, "poi_perdagangan": 0, "poi_transportasi": 0, "penduduk": 1413, "densitas_poi": 67.36, "densitas_penduduk": 13596.6, "skor_poi": 0.219, "skor_penduduk": 0.616, "skor_aktivitas": 0.418, "kelas_aktivitas": "Sedang" }, "geometry": { "type": "Polygon", "coordinates": [ [ [ 110.365225753898187, -7.804275416979343 ], [ 110.363656213599867, -7.8033685493651 ], [ 110.362083938217566, -7.804270691375888 ], [ 110.362081195399739, -7.806079706161468 ], [ 110.363650741470707, -7.806986580046138 ], [ 110.365223024586882, -7.806084432873441 ], [ 110.365225753898187, -7.804275416979343 ] ] ] } },
{ "type": "Feature", "properties": { "hex_id": 184, "luas_km2": 0.1039, "poi_total": 14, "poi_kuliner": 4, "poi_peribadatan": 2, "poi_kesehatan": 3, "poi_pendidikan": 2, "poi_perkantoran": 1, "poi_pariwisata": 1, "poi_perdagangan": 1, "poi_transportasi": 0, "penduduk": 1413, "densitas_poi": 134.72, "densitas_penduduk": 13596.6, "skor_poi": 0.437, "skor_penduduk": 0.616, "skor_aktivitas": 0.526, "kelas_aktivitas": "Tinggi" }, "geometry": { "type": "Polygon", "coordinates": [ [ [ 110.368367571535188, -7.804280119254907 ], [ 110.36679802350784, -7.803373262751733 ], [ 110.365225753898187, -7.804275416979343 ], [ 110.365223024586882, -7.806084432873441 ], [ 110.366792578391738, -7.806991295644332 ], [ 110.368364855730405, -7.806089136252053 ], [ 110.368367571535188, -7.804280119254907 ] ] ] } },
{ "type": "Feature", "properties": { "hex_id": 185, "luas_km2": 0.1039, "poi_total": 11, "poi_kuliner": 1, "poi_peribadatan": 2, "poi_kesehatan": 4, "poi_pendidikan": 1, "poi_perkantoran": 1, "poi_pariwisata": 1, "poi_perdagangan": 1, "poi_transportasi": 0, "penduduk": 1414, "densitas_poi": 105.85, "densitas_penduduk": 13606.2, "skor_poi": 0.344, "skor_penduduk": 0.616, "skor_aktivitas": 0.48, "kelas_aktivitas": "Tinggi" }, "geometry": { "type": "Polygon", "coordinates": [ [ [ 110.371509391118863, -7.804284798202512 ], [ 110.369939835367305, -7.80337795281317 ], [ 110.368367571535188, -7.804280119254907 ], [ 110.368364855730405, -7.806089136252053 ], [ 110.369934417264332, -7.806995987906396 ], [ 110.371506688820674, -7.806093816297233 ], [ 110.371509391118863, -7.804284798202512 ] ] ] } },
{ "type": "Feature", "properties": { "hex_id": 186, "luas_km2": 0.1039, "poi_total": 14, "poi_kuliner": 0, "poi_peribadatan": 7, "poi_kesehatan": 0, "poi_pendidikan": 4, "poi_perkantoran": 3, "poi_pariwisata": 0, "poi_perdagangan": 0, "poi_transportasi": 0, "penduduk": 1407, "densitas_poi": 134.72, "densitas_penduduk": 13538.9, "skor_poi": 0.437, "skor_penduduk": 0.613, "skor_aktivitas": 0.525, "kelas_aktivitas": "Tinggi" }, "geometry": { "type": "Polygon", "coordinates": [ [ [ 110.374651212639534, -7.804289453822082 ], [ 110.373081649168583, -7.803382619549353 ], [ 110.371509391118863, -7.804284798202512 ], [ 110.371506688820674, -7.806093816297233 ], [ 110.373076258078825, -7.807000656832254 ], [ 110.374648523847966, -7.806098473008904 ], [ 110.374651212639534, -7.804289453822082 ] ] ] } },
{ "type": "Feature", "properties": { "hex_id": 187, "luas_km2": 0.1039, "poi_total": 8, "poi_kuliner": 2, "poi_peribadatan": 1, "poi_kesehatan": 1, "poi_pendidikan": 4, "poi_perkantoran": 0, "poi_pariwisata": 0, "poi_perdagangan": 0, "poi_transportasi": 0, "penduduk": 1455, "densitas_poi": 76.98, "densitas_penduduk": 14000.7, "skor_poi": 0.25, "skor_penduduk": 0.634, "skor_aktivitas": 0.442, "kelas_aktivitas": "Tinggi" }, "geometry": { "type": "Polygon", "coordinates": [ [ [ 110.377793036087525, -7.804294086113555 ], [ 110.376223464902012, -7.803387262960204 ], [ 110.374651212639534, -7.804289453822082 ], [ 110.374648523847966, -7.806098473008904 ], [ 110.37621810082554, -7.80700530242184 ], [ 110.377790360802607, -7.80610310638701 ], [ 110.377793036087525, -7.804294086113555 ] ] ] } },
{ "type": "Feature", "properties": { "hex_id": 188, "luas_km2": 0.1039, "poi_total": 9, "poi_kuliner": 1, "poi_peribadatan": 2, "poi_kesehatan": 0, "poi_pendidikan": 5, "poi_perkantoran": 0, "poi_pariwisata": 1, "poi_perdagangan": 0, "poi_transportasi": 0, "penduduk": 1323, "densitas_poi": 86.6, "densitas_penduduk": 12730.6, "skor_poi": 0.281, "skor_penduduk": 0.576, "skor_aktivitas": 0.428, "kelas_aktivitas": "Sedang" }, "geometry": { "type": "Polygon", "coordinates": [ [ [ 110.380934861453127, -7.804298695076858 ], [ 110.379365282557899, -7.803391883045656 ], [ 110.377793036087525, -7.804294086113555 ], [ 110.377790360802607, -7.80610310638701 ], [ 110.379359945494798, -7.807009924675083 ], [ 110.380932199674945, -7.806107716431471 ], [ 110.380934861453127, -7.804298695076858 ] ] ] } },
{ "type": "Feature", "properties": { "hex_id": 189, "luas_km2": 0.1039, "poi_total": 8, "poi_kuliner": 3, "poi_peribadatan": 1, "poi_kesehatan": 0, "poi_pendidikan": 1, "poi_perkantoran": 2, "poi_pariwisata": 1, "poi_perdagangan": 0, "poi_transportasi": 0, "penduduk": 924, "densitas_poi": 76.98, "densitas_penduduk": 8891.2, "skor_poi": 0.25, "skor_penduduk": 0.403, "skor_aktivitas": 0.326, "kelas_aktivitas": "Rendah" }, "geometry": { "type": "Polygon", "coordinates": [ [ [ 110.384076688726708, -7.804303280711923 ], [ 110.382507102126567, -7.803396479805639 ], [ 110.380934861453127, -7.804298695076858 ], [ 110.380932199674945, -7.806107716431471 ], [ 110.382501792076894, -7.807014523591912 ], [ 110.384074040455261, -7.806112303142222 ], [ 110.384076688726708, -7.804303280711923 ] ] ] } },
{ "type": "Feature", "properties": { "hex_id": 190, "luas_km2": 0.1039, "poi_total": 7, "poi_kuliner": 0, "poi_peribadatan": 2, "poi_kesehatan": 0, "poi_pendidikan": 2, "poi_perkantoran": 3, "poi_pariwisata": 0, "poi_perdagangan": 0, "poi_transportasi": 0, "penduduk": 913, "densitas_poi": 67.36, "densitas_penduduk": 8785.3, "skor_poi": 0.219, "skor_penduduk": 0.398, "skor_aktivitas": 0.308, "kelas_aktivitas": "Rendah" }, "geometry": { "type": "Polygon", "coordinates": [ [ [ 110.38721851789856, -7.804307843018681 ], [ 110.38564892359831, -7.803401053240087 ], [ 110.384076688726708, -7.804303280711923 ], [ 110.384074040455261, -7.806112303142222 ], [ 110.385643640562179, -7.807019099172259 ], [ 110.387215883133891, -7.806116866519194 ], [ 110.38721851789856, -7.804307843018681 ] ] ] } },
{ "type": "Feature", "properties": { "hex_id": 191, "luas_km2": 0.1039, "poi_total": 13, "poi_kuliner": 5, "poi_peribadatan": 5, "poi_kesehatan": 3, "poi_pendidikan": 0, "poi_perkantoran": 0, "poi_pariwisata": 0, "poi_perdagangan": 0, "poi_transportasi": 0, "penduduk": 913, "densitas_poi": 125.09, "densitas_penduduk": 8785.3, "skor_poi": 0.406, "skor_penduduk": 0.398, "skor_aktivitas": 0.402, "kelas_aktivitas": "Sedang" }, "geometry": { "type": "Polygon", "coordinates": [ [ [ 110.390360348958993, -7.804312381997063 ], [ 110.388790746963465, -7.80340560334893 ], [ 110.38721851789856, -7.804307843018681 ], [ 110.387215883133891, -7.806116866519194 ], [ 110.388785490940947, -7.807023651416057 ], [ 110.390357727701158, -7.806121406562317 ], [ 110.390360348958993, -7.804312381997063 ] ] ] } },
{ "type": "Feature", "properties": { "hex_id": 192, "luas_km2": 0.1039, "poi_total": 7, "poi_kuliner": 0, "poi_peribadatan": 2, "poi_kesehatan": 0, "poi_pendidikan": 3, "poi_perkantoran": 1, "poi_pariwisata": 1, "poi_perdagangan": 0, "poi_transportasi": 0, "penduduk": 913, "densitas_poi": 67.36, "densitas_penduduk": 8785.3, "skor_poi": 0.219, "skor_penduduk": 0.398, "skor_aktivitas": 0.308, "kelas_aktivitas": "Rendah" }, "geometry": { "type": "Polygon", "coordinates": [ [ [ 110.393502181898342, -7.804316897647003 ], [ 110.391932572212355, -7.803410130132103 ], [ 110.390360348958993, -7.804312381997063 ], [ 110.390357727701158, -7.806121406562317 ], [ 110.391927343203534, -7.80702818032324 ], [ 110.39349957414737, -7.806125923271528 ], [ 110.393502181898342, -7.804316897647003 ] ] ] } },
{ "type": "Feature", "properties": { "hex_id": 193, "luas_km2": 0.1039, "poi_total": 6, "poi_kuliner": 1, "poi_peribadatan": 2, "poi_kesehatan": 2, "poi_pendidikan": 0, "poi_perkantoran": 1, "poi_pariwisata": 0, "poi_perdagangan": 0, "poi_transportasi": 0, "penduduk": 913, "densitas_poi": 57.74, "densitas_penduduk": 8785.3, "skor_poi": 0.187, "skor_penduduk": 0.398, "skor_aktivitas": 0.292, "kelas_aktivitas": "Rendah" }, "geometry": { "type": "Polygon", "coordinates": [ [ [ 110.396644016706915, -7.804321389968435 ], [ 110.395074399335286, -7.803414633589533 ], [ 110.393502181898342, -7.804316897647003 ], [ 110.39349957414737, -7.806125923271528 ], [ 110.395069197340234, -7.807032685893735 ], [ 110.396641422462835, -7.806130416646758 ], [ 110.396644016706915, -7.804321389968435 ] ] ] } },
{ "type": "Feature", "properties": { "hex_id": 194, "luas_km2": 0.1039, "poi_total": 6, "poi_kuliner": 0, "poi_peribadatan": 2, "poi_kesehatan": 0, "poi_pendidikan": 1, "poi_perkantoran": 1, "poi_pariwisata": 2, "poi_perdagangan": 0, "poi_transportasi": 0, "penduduk": 1232, "densitas_poi": 57.74, "densitas_penduduk": 11854.9, "skor_poi": 0.187, "skor_penduduk": 0.537, "skor_aktivitas": 0.362, "kelas_aktivitas": "Sedang" }, "geometry": { "type": "Polygon", "coordinates": [ [ [ 110.399785853375022, -7.804325858961286 ], [ 110.398216228322596, -7.803419113721153 ], [ 110.396644016706915, -7.804321389968435 ], [ 110.396641422462835, -7.806130416646758 ], [ 110.398211053341385, -7.80703716812748 ], [ 110.399783272637904, -7.806134886687933 ], [ 110.399785853375022, -7.804325858961286 ] ] ] } },
{ "type": "Feature", "properties": { "hex_id": 195, "luas_km2": 0.1039, "poi_total": 8, "poi_kuliner": 2, "poi_peribadatan": 2, "poi_kesehatan": 3, "poi_pendidikan": 1, "poi_perkantoran": 0, "poi_pariwisata": 0, "poi_perdagangan": 0, "poi_transportasi": 0, "penduduk": 1011, "densitas_poi": 76.98, "densitas_penduduk": 9728.4, "skor_poi": 0.25, "skor_penduduk": 0.441, "skor_aktivitas": 0.346, "kelas_aktivitas": "Rendah" }, "geometry": { "type": "Polygon", "coordinates": [ [ [ 110.402927691892998, -7.804330304625495 ], [ 110.401358059164579, -7.8034235705269 ], [ 110.399785853375022, -7.804325858961286 ], [ 110.399783272637904, -7.806134886687933 ], [ 110.401352911197307, -7.807041627024406 ], [ 110.402925124662872, -7.806139333394993 ], [ 110.402927691892998, -7.804330304625495 ] ] ] } },
{ "type": "Feature", "properties": { "hex_id": 196, "luas_km2": 0.1039, "poi_total": 3, "poi_kuliner": 0, "poi_peribadatan": 1, "poi_kesehatan": 1, "poi_pendidikan": 1, "poi_perkantoran": 0, "poi_pariwisata": 0, "poi_perdagangan": 0, "poi_transportasi": 0, "penduduk": 582, "densitas_poi": 28.87, "densitas_penduduk": 5600.3, "skor_poi": 0.094, "skor_penduduk": 0.254, "skor_aktivitas": 0.174, "kelas_aktivitas": "Sangat Rendah" }, "geometry": { "type": "Polygon", "coordinates": [ [ [ 110.347949996263097, -7.801535622594074 ], [ 110.346380508183628, -7.800628694654957 ], [ 110.344808211768864, -7.801530770396398 ], [ 110.344805395675664, -7.803339779220309 ], [ 110.346374889498662, -7.80424671344274 ], [ 110.347947193671331, -7.803344632556588 ], [ 110.347949996263097, -7.801535622594074 ] ] ] } },
{ "type": "Feature", "properties": { "hex_id": 197, "luas_km2": 0.1039, "poi_total": 13, "poi_kuliner": 1, "poi_peribadatan": 4, "poi_kesehatan": 1, "poi_pendidikan": 3, "poi_perkantoran": 3, "poi_pariwisata": 1, "poi_perdagangan": 0, "poi_transportasi": 0, "penduduk": 1688, "densitas_poi": 125.09, "densitas_penduduk": 16242.8, "skor_poi": 0.406, "skor_penduduk": 0.736, "skor_aktivitas": 0.571, "kelas_aktivitas": "Sangat Tinggi" }, "geometry": { "type": "Polygon", "coordinates": [ [ [ 110.351091782766886, -7.801540451472457 ], [ 110.349522286934331, -7.800633534625065 ], [ 110.347949996263097, -7.801535622594074 ], [ 110.347947193671345, -7.803344632556588 ], [ 110.349516695252277, -7.804251555684584 ], [ 110.351088993676598, -7.803349462568101 ], [ 110.351091782766886, -7.801540451472457 ] ] ] } },
{ "type": "Feature", "properties": { "hex_id": 198, "luas_km2": 0.1039, "poi_total": 15, "poi_kuliner": 4, "poi_peribadatan": 3, "poi_kesehatan": 3, "poi_pendidikan": 3, "poi_perkantoran": 1, "poi_pariwisata": 1, "poi_perdagangan": 0, "poi_transportasi": 0, "penduduk": 1692, "densitas_poi": 144.34, "densitas_penduduk": 16281.3, "skor_poi": 0.469, "skor_penduduk": 0.737, "skor_aktivitas": 0.603, "kelas_aktivitas": "Sangat Tinggi" }, "geometry": { "type": "Polygon", "coordinates": [ [ [ 110.354233571270527, -7.801545257031478 ], [ 110.352664067689716, -7.800638351278585 ], [ 110.351091782766886, -7.801540451472457 ], [ 110.351088993676598, -7.803349462568101 ], [ 110.352658503010645, -7.80425637459889 ], [ 110.354230795681758, -7.803354269254782 ], [ 110.354233571270527, -7.801545257031478 ] ] ] } },
{ "type": "Feature", "properties": { "hex_id": 199, "luas_km2": 0.1039, "poi_total": 22, "poi_kuliner": 4, "poi_peribadatan": 5, "poi_kesehatan": 7, "poi_pendidikan": 3, "poi_perkantoran": 1, "poi_pariwisata": 1, "poi_perdagangan": 1, "poi_transportasi": 0, "penduduk": 2284, "densitas_poi": 211.7, "densitas_penduduk": 21977.8, "skor_poi": 0.688, "skor_penduduk": 0.995, "skor_aktivitas": 0.841, "kelas_aktivitas": "Sangat Tinggi" }, "geometry": { "type": "Polygon", "coordinates": [ [ [ 110.357375361764369, -7.801550039271067 ], [ 110.355805850440106, -7.80064314461544 ], [ 110.354233571270527, -7.801545257031478 ], [ 110.354230795681758, -7.803354269254782 ], [ 110.355800312764103, -7.804261170185591 ], [ 110.357372599677149, -7.803359052616553 ], [ 110.357375361764369, -7.801550039271067 ] ] ] } },
{ "type": "Feature", "properties": { "hex_id": 200, "luas_km2": 0.1039, "poi_total": 17, "poi_kuliner": 2, "poi_peribadatan": 5, "poi_kesehatan": 3, "poi_pendidikan": 7, "poi_perkantoran": 0, "poi_pariwisata": 0, "poi_perdagangan": 0, "poi_transportasi": 0, "penduduk": 2295, "densitas_poi": 163.58, "densitas_penduduk": 22083.6, "skor_poi": 0.531, "skor_penduduk": 1.0, "skor_aktivitas": 0.766, "kelas_aktivitas": "Sangat Tinggi" }, "geometry": { "type": "Polygon", "coordinates": [ [ [ 110.360517154238678, -7.80155479819115 ], [ 110.358947635175824, -7.800647914635562 ], [ 110.357375361764369, -7.801550039271067 ], [ 110.357372599677149, -7.803359052616553 ], [ 110.358942124502974, -7.804265942444616 ], [ 110.360514405653078, -7.803363812653353 ], [ 110.360517154238678, -7.80155479819115 ] ] ] } },
{ "type": "Feature", "properties": { "hex_id": 201, "luas_km2": 0.1039, "poi_total": 18, "poi_kuliner": 5, "poi_peribadatan": 8, "poi_kesehatan": 3, "poi_pendidikan": 1, "poi_perkantoran": 0, "poi_pariwisata": 0, "poi_perdagangan": 1, "poi_transportasi": 0, "penduduk": 1505, "densitas_poi": 173.21, "densitas_penduduk": 14481.9, "skor_poi": 0.562, "skor_penduduk": 0.656, "skor_aktivitas": 0.609, "kelas_aktivitas": "Sangat Tinggi" }, "geometry": { "type": "Polygon", "coordinates": [ [ [ 110.363658948683849, -7.801559533791657 ], [ 110.362089421887163, -7.800652661338883 ], [ 110.360517154238678, -7.80155479819115 ], [ 110.360514405653078, -7.803363812653353 ], [ 110.362083938217566, -7.804270691375888 ], [ 110.363656213599867, -7.8033685493651 ], [ 110.363658948683849, -7.801559533791657 ] ] ] } },
{ "type": "Feature", "properties": { "hex_id": 202, "luas_km2": 0.1039, "poi_total": 15, "poi_kuliner": 2, "poi_peribadatan": 3, "poi_kesehatan": 1, "poi_pendidikan": 4, "poi_perkantoran": 1, "poi_pariwisata": 4, "poi_perdagangan": 0, "poi_transportasi": 0, "penduduk": 1414, "densitas_poi": 144.34, "densitas_penduduk": 13606.2, "skor_poi": 0.469, "skor_penduduk": 0.616, "skor_aktivitas": 0.542, "kelas_aktivitas": "Tinggi" }, "geometry": { "type": "Polygon", "coordinates": [ [ [ 110.366800745090131, -7.801564246072516 ], [ 110.365231210564474, -7.800657384725323 ], [ 110.363658948683849, -7.801559533791657 ], [ 110.363656213599867, -7.8033685493651 ], [ 110.365225753898187, -7.804275416979343 ], [ 110.36679802350784, -7.803373262751733 ], [ 110.366800745090131, -7.801564246072516 ] ] ] } },
{ "type": "Feature", "properties": { "hex_id": 203, "luas_km2": 0.1039, "poi_total": 21, "poi_kuliner": 3, "poi_peribadatan": 9, "poi_kesehatan": 3, "poi_pendidikan": 5, "poi_perkantoran": 1, "poi_pariwisata": 0, "poi_perdagangan": 0, "poi_transportasi": 0, "penduduk": 1414, "densitas_poi": 202.07, "densitas_penduduk": 13606.2, "skor_poi": 0.656, "skor_penduduk": 0.616, "skor_aktivitas": 0.636, "kelas_aktivitas": "Sangat Tinggi" }, "geometry": { "type": "Polygon", "coordinates": [ [ [ 110.369942543447877, -7.801568935033659 ], [ 110.368373001198066, -7.80066208479482 ], [ 110.366800745090131, -7.801564246072516 ], [ 110.36679802350784, -7.803373262751733 ], [ 110.368367571535188, -7.804280119254907 ], [ 110.369939835367305, -7.80337795281317 ], [ 110.369942543447877, -7.801568935033659 ] ] ] } },
{ "type": "Feature", "properties": { "hex_id": 204, "luas_km2": 0.1039, "poi_total": 18, "poi_kuliner": 8, "poi_peribadatan": 5, "poi_kesehatan": 2, "poi_pendidikan": 3, "poi_perkantoran": 0, "poi_pariwisata": 0, "poi_perdagangan": 0, "poi_transportasi": 0, "penduduk": 1439, "densitas_poi": 173.21, "densitas_penduduk": 13846.8, "skor_poi": 0.562, "skor_penduduk": 0.627, "skor_aktivitas": 0.594, "kelas_aktivitas": "Sangat Tinggi" }, "geometry": { "type": "Polygon", "coordinates": [ [ [ 110.373084343747408, -7.801573600675015 ], [ 110.371514793778246, -7.800666761547299 ], [ 110.369942543447877, -7.801568935033659 ], [ 110.369939835367305, -7.80337795281317 ], [ 110.371509391118863, -7.804284798202512 ], [ 110.373081649168583, -7.803382619549353 ], [ 110.373084343747408, -7.801573600675015 ] ] ] } },
{ "type": "Feature", "properties": { "hex_id": 205, "luas_km2": 0.1039, "poi_total": 26, "poi_kuliner": 7, "poi_peribadatan": 1, "poi_kesehatan": 9, "poi_pendidikan": 1, "poi_perkantoran": 6, "poi_pariwisata": 2, "poi_perdagangan": 0, "poi_transportasi": 0, "penduduk": 1531, "densitas_poi": 250.19, "densitas_penduduk": 14732.1, "skor_poi": 0.812, "skor_penduduk": 0.667, "skor_aktivitas": 0.74, "kelas_aktivitas": "Sangat Tinggi" }, "geometry": { "type": "Polygon", "coordinates": [ [ [ 110.376226145979018, -7.801578242996511 ], [ 110.374656588295352, -7.800671414982693 ], [ 110.373084343747408, -7.801573600675015 ], [ 110.373081649168583, -7.803382619549353 ], [ 110.374651212639534, -7.804289453822082 ], [ 110.376223464902012, -7.803387262960204 ], [ 110.376226145979018, -7.801578242996511 ] ] ] } },
{ "type": "Feature", "properties": { "hex_id": 206, "luas_km2": 0.1039, "poi_total": 12, "poi_kuliner": 1, "poi_peribadatan": 2, "poi_kesehatan": 2, "poi_pendidikan": 2, "poi_perkantoran": 4, "poi_pariwisata": 0, "poi_perdagangan": 1, "poi_transportasi": 0, "penduduk": 1647, "densitas_poi": 115.47, "densitas_penduduk": 15848.3, "skor_poi": 0.375, "skor_penduduk": 0.718, "skor_aktivitas": 0.546, "kelas_aktivitas": "Sangat Tinggi" }, "geometry": { "type": "Polygon", "coordinates": [ [ [ 110.379367950133059, -7.801582861998081 ], [ 110.377798384739691, -7.800676045100933 ], [ 110.376226145979018, -7.801578242996511 ], [ 110.376223464902012, -7.803387262960204 ], [ 110.377793036087525, -7.804294086113555 ], [ 110.379365282557899, -7.803391883045656 ], [ 110.379367950133059, -7.801582861998081 ] ] ] } },
{ "type": "Feature", "properties": { "hex_id": 207, "luas_km2": 0.1039, "poi_total": 8, "poi_kuliner": 4, "poi_peribadatan": 0, "poi_kesehatan": 1, "poi_pendidikan": 3, "poi_perkantoran": 0, "poi_pariwisata": 0, "poi_perdagangan": 0, "poi_transportasi": 0, "penduduk": 1125, "densitas_poi": 76.98, "densitas_penduduk": 10825.3, "skor_poi": 0.25, "skor_penduduk": 0.49, "skor_aktivitas": 0.37, "kelas_aktivitas": "Sedang" }, "geometry": { "type": "Polygon", "coordinates": [ [ [ 110.382509756199823, -7.801587457679657 ], [ 110.380940183101572, -7.800680651901945 ], [ 110.379367950133059, -7.801582861998081 ], [ 110.379365282557899, -7.803391883045656 ], [ 110.380934861453127, -7.804298695076858 ], [ 110.382507102126553, -7.803396479805639 ], [ 110.382509756199823, -7.801587457679657 ] ] ] } },
{ "type": "Feature", "properties": { "hex_id": 208, "luas_km2": 0.1039, "poi_total": 9, "poi_kuliner": 3, "poi_peribadatan": 1, "poi_kesehatan": 2, "poi_pendidikan": 0, "poi_perkantoran": 3, "poi_pariwisata": 0, "poi_perdagangan": 0, "poi_transportasi": 0, "penduduk": 913, "densitas_poi": 86.6, "densitas_penduduk": 8785.3, "skor_poi": 0.281, "skor_penduduk": 0.398, "skor_aktivitas": 0.34, "kelas_aktivitas": "Rendah" }, "geometry": { "type": "Polygon", "coordinates": [ [ [ 110.385651564169649, -7.801592030041168 ], [ 110.384081983371345, -7.800685235385663 ], [ 110.382509756199823, -7.801587457679657 ], [ 110.382507102126567, -7.803396479805639 ], [ 110.384076688726708, -7.804303280711923 ], [ 110.38564892359831, -7.803401053240087 ], [ 110.385651564169649, -7.801592030041168 ] ] ] } },
{ "type": "Feature", "properties": { "hex_id": 209, "luas_km2": 0.1039, "poi_total": 12, "poi_kuliner": 5, "poi_peribadatan": 2, "poi_kesehatan": 4, "poi_pendidikan": 0, "poi_perkantoran": 1, "poi_pariwisata": 0, "poi_perdagangan": 0, "poi_transportasi": 0, "penduduk": 913, "densitas_poi": 115.47, "densitas_penduduk": 8785.3, "skor_poi": 0.375, "skor_penduduk": 0.398, "skor_aktivitas": 0.386, "kelas_aktivitas": "Sedang" }, "geometry": { "type": "Polygon", "coordinates": [ [ [ 110.388793374032844, -7.801596579082548 ], [ 110.387223785539305, -7.800689795552016 ], [ 110.385651564169649, -7.801592030041168 ], [ 110.38564892359831, -7.803401053240087 ], [ 110.38721851789856, -7.804307843018681 ], [ 110.388790746963465, -7.80340560334893 ], [ 110.388793374032844, -7.801596579082548 ] ] ] } },
{ "type": "Feature", "properties": { "hex_id": 210, "luas_km2": 0.1039, "poi_total": 22, "poi_kuliner": 6, "poi_peribadatan": 4, "poi_kesehatan": 5, "poi_pendidikan": 0, "poi_perkantoran": 7, "poi_pariwisata": 0, "poi_perdagangan": 0, "poi_transportasi": 0, "penduduk": 913, "densitas_poi": 211.7, "densitas_penduduk": 8785.3, "skor_poi": 0.688, "skor_penduduk": 0.398, "skor_aktivitas": 0.543, "kelas_aktivitas": "Tinggi" }, "geometry": { "type": "Polygon", "coordinates": [ [ [ 110.39193518577973, -7.801601104803725 ], [ 110.39036558959576, -7.800694332400944 ], [ 110.388793374032844, -7.801596579082548 ], [ 110.388790746963465, -7.80340560334893 ], [ 110.390360348958993, -7.804312381997063 ], [ 110.39193257221234, -7.803410130132103 ], [ 110.39193518577973, -7.801601104803725 ] ] ] } },
{ "type": "Feature", "properties": { "hex_id": 211, "luas_km2": 0.1039, "poi_total": 11, "poi_kuliner": 2, "poi_peribadatan": 3, "poi_kesehatan": 1, "poi_pendidikan": 1, "poi_perkantoran": 4, "poi_pariwisata": 0, "poi_perdagangan": 0, "poi_transportasi": 0, "penduduk": 913, "densitas_poi": 105.85, "densitas_penduduk": 8785.3, "skor_poi": 0.344, "skor_penduduk": 0.398, "skor_aktivitas": 0.371, "kelas_aktivitas": "Sedang" }, "geometry": { "type": "Polygon", "coordinates": [ [ [ 110.395076999400615, -7.801605607204634 ], [ 110.39350739553106, -7.800698845932371 ], [ 110.39193518577973, -7.801601104803725 ], [ 110.391932572212355, -7.803410130132103 ], [ 110.393502181898342, -7.804316897647003 ], [ 110.395074399335286, -7.803414633589533 ], [ 110.395076999400615, -7.801605607204634 ] ] ] } },
{ "type": "Feature", "properties": { "hex_id": 212, "luas_km2": 0.1039, "poi_total": 4, "poi_kuliner": 0, "poi_peribadatan": 0, "poi_kesehatan": 4, "poi_pendidikan": 0, "poi_perkantoran": 0, "poi_pariwisata": 0, "poi_perdagangan": 0, "poi_transportasi": 0, "penduduk": 901, "densitas_poi": 38.49, "densitas_penduduk": 8669.9, "skor_poi": 0.125, "skor_penduduk": 0.393, "skor_aktivitas": 0.259, "kelas_aktivitas": "Rendah" }, "geometry": { "type": "Polygon", "coordinates": [ [ [ 110.398218814885837, -7.801610086285208 ], [ 110.3966492033355, -7.800703336146232 ], [ 110.395076999400615, -7.801605607204634 ], [ 110.395074399335286, -7.803414633589533 ], [ 110.396644016706915, -7.804321389968435 ], [ 110.398216228322596, -7.803419113721153 ], [ 110.398218814885837, -7.801610086285208 ] ] ] } },
{ "type": "Feature", "properties": { "hex_id": 213, "luas_km2": 0.1039, "poi_total": 7, "poi_kuliner": 2, "poi_peribadatan": 1, "poi_kesehatan": 0, "poi_pendidikan": 2, "poi_perkantoran": 1, "poi_pariwisata": 0, "poi_perdagangan": 1, "poi_transportasi": 0, "penduduk": 715, "densitas_poi": 67.36, "densitas_penduduk": 6880.1, "skor_poi": 0.219, "skor_penduduk": 0.312, "skor_aktivitas": 0.266, "kelas_aktivitas": "Rendah" }, "geometry": { "type": "Polygon", "coordinates": [ [ [ 110.401360632225703, -7.801614542045381 ], [ 110.399791012999415, -7.80070780304246 ], [ 110.398218814885837, -7.801610086285208 ], [ 110.398216228322596, -7.803419113721153 ], [ 110.399785853375022, -7.804325858961286 ], [ 110.401358059164579, -7.8034235705269 ], [ 110.401360632225703, -7.801614542045381 ] ] ] } },
{ "type": "Feature", "properties": { "hex_id": 214, "luas_km2": 0.1039, "poi_total": 4, "poi_kuliner": 0, "poi_peribadatan": 0, "poi_kesehatan": 2, "poi_pendidikan": 1, "poi_perkantoran": 1, "poi_pariwisata": 0, "poi_perdagangan": 0, "poi_transportasi": 0, "penduduk": 166, "densitas_poi": 38.49, "densitas_penduduk": 1597.3, "skor_poi": 0.125, "skor_penduduk": 0.072, "skor_aktivitas": 0.098, "kelas_aktivitas": "Sangat Rendah" }, "geometry": { "type": "Polygon", "coordinates": [ [ [ 110.404502451410536, -7.801618974485083 ], [ 110.402932824513115, -7.800712246620991 ], [ 110.401360632225703, -7.801614542045381 ], [ 110.401358059164579, -7.8034235705269 ], [ 110.402927691892998, -7.804330304625495 ], [ 110.404499891851572, -7.803428004006709 ], [ 110.404502451410536, -7.801618974485083 ] ] ] } },
{ "type": "Feature", "properties": { "hex_id": 215, "luas_km2": 0.1039, "poi_total": 8, "poi_kuliner": 1, "poi_peribadatan": 3, "poi_kesehatan": 3, "poi_pendidikan": 1, "poi_perkantoran": 0, "poi_pariwisata": 0, "poi_perdagangan": 0, "poi_transportasi": 0, "penduduk": 814, "densitas_poi": 76.98, "densitas_penduduk": 7832.7, "skor_poi": 0.25, "skor_penduduk": 0.355, "skor_aktivitas": 0.302, "kelas_aktivitas": "Rendah" }, "geometry": { "type": "Polygon", "coordinates": [ [ [ 110.34952508177301, -7.798824523862398 ], [ 110.347955599437086, -7.797917602203227 ], [ 110.34638331651891, -7.79881968502814 ], [ 110.346380508183628, -7.800628694654957 ], [ 110.347949996263097, -7.801535622594074 ], [ 110.349522286934331, -7.800633534625065 ], [ 110.34952508177301, -7.798824523862398 ] ] ] } },
{ "type": "Feature", "properties": { "hex_id": 216, "luas_km2": 0.1039, "poi_total": 20, "poi_kuliner": 1, "poi_peribadatan": 4, "poi_kesehatan": 11, "poi_pendidikan": 4, "poi_perkantoran": 0, "poi_pariwisata": 0, "poi_perdagangan": 0, "poi_transportasi": 0, "penduduk": 1688, "densitas_poi": 192.45, "densitas_penduduk": 16242.8, "skor_poi": 0.625, "skor_penduduk": 0.736, "skor_aktivitas": 0.68, "kelas_aktivitas": "Sangat Tinggi" }, "geometry": { "type": "Polygon", "coordinates": [ [ [ 110.352666849031749, -7.798829339385538 ], [ 110.351097358947612, -7.797922428815379 ], [ 110.34952508177301, -7.798824523862398 ], [ 110.349522286934331, -7.800633534625065 ], [ 110.351091782766886, -7.801540451472457 ], [ 110.352664067689716, -7.800638351278585 ], [ 110.352666849031749, -7.798829339385538 ] ] ] } },
{ "type": "Feature", "properties": { "hex_id": 217, "luas_km2": 0.1039, "poi_total": 8, "poi_kuliner": 1, "poi_peribadatan": 3, "poi_kesehatan": 0, "poi_pendidikan": 2, "poi_perkantoran": 1, "poi_pariwisata": 0, "poi_perdagangan": 1, "poi_transportasi": 0, "penduduk": 1793, "densitas_poi": 76.98, "densitas_penduduk": 17253.2, "skor_poi": 0.25, "skor_penduduk": 0.781, "skor_aktivitas": 0.516, "kelas_aktivitas": "Tinggi" }, "geometry": { "type": "Polygon", "coordinates": [ [ [ 110.355808618285437, -7.798834131597485 ], [ 110.354239120457891, -7.797927232119111 ], [ 110.352666849031749, -7.798829339385538 ], [ 110.352664067689716, -7.800638351278585 ], [ 110.354233571270527, -7.801545257031478 ], [ 110.355805850440106, -7.80064314461544 ], [ 110.355808618285437, -7.798834131597485 ] ] ] } },
{ "type": "Feature", "properties": { "hex_id": 218, "luas_km2": 0.1039, "poi_total": 14, "poi_kuliner": 2, "poi_peribadatan": 2, "poi_kesehatan": 1, "poi_pendidikan": 9, "poi_perkantoran": 0, "poi_pariwisata": 0, "poi_perdagangan": 0, "poi_transportasi": 0, "penduduk": 2295, "densitas_poi": 134.72, "densitas_penduduk": 22083.6, "skor_poi": 0.437, "skor_penduduk": 1.0, "skor_aktivitas": 0.718, "kelas_aktivitas": "Sangat Tinggi" }, "geometry": { "type": "Polygon", "coordinates": [ [ [ 110.358950389524409, -7.798838900498169 ], [ 110.357380883958299, -7.797932012114354 ], [ 110.355808618285437, -7.798834131597485 ], [ 110.355805850440106, -7.80064314461544 ], [ 110.357375361764369, -7.801550039271067 ], [ 110.358947635175824, -7.800647914635562 ], [ 110.358950389524409, -7.798838900498169 ] ] ] } },
{ "type": "Feature", "properties": { "hex_id": 219, "luas_km2": 0.1039, "poi_total": 11, "poi_kuliner": 1, "poi_peribadatan": 3, "poi_kesehatan": 1, "poi_pendidikan": 3, "poi_perkantoran": 2, "poi_pariwisata": 0, "poi_perdagangan": 1, "poi_transportasi": 0, "penduduk": 2289, "densitas_poi": 105.85, "densitas_penduduk": 22025.9, "skor_poi": 0.344, "skor_penduduk": 0.997, "skor_aktivitas": 0.67, "kelas_aktivitas": "Sangat Tinggi" }, "geometry": { "type": "Polygon", "coordinates": [ [ [ 110.362092162738975, -7.798843646087525 ], [ 110.360522649439105, -7.797936768801036 ], [ 110.358950389524409, -7.798838900498169 ], [ 110.358947635175824, -7.800647914635562 ], [ 110.360517154238678, -7.80155479819115 ], [ 110.362089421887163, -7.800652661338883 ], [ 110.362092162738975, -7.798843646087525 ] ] ] } },
{ "type": "Feature", "properties": { "hex_id": 220, "luas_km2": 0.1039, "poi_total": 15, "poi_kuliner": 1, "poi_peribadatan": 3, "poi_kesehatan": 5, "poi_pendidikan": 2, "poi_perkantoran": 2, "poi_pariwisata": 2, "poi_perdagangan": 0, "poi_transportasi": 0, "penduduk": 1414, "densitas_poi": 144.34, "densitas_penduduk": 13606.2, "skor_poi": 0.469, "skor_penduduk": 0.616, "skor_aktivitas": 0.542, "kelas_aktivitas": "Tinggi" }, "geometry": { "type": "Polygon", "coordinates": [ [ [ 110.36523393791947, -7.798848368365476 ], [ 110.363664416890657, -7.797941502179088 ], [ 110.362092162738975, -7.798843646087525 ], [ 110.362089421887163, -7.800652661338883 ], [ 110.363658948683849, -7.801559533791657 ], [ 110.365231210564474, -7.800657384725323 ], [ 110.36523393791947, -7.798848368365476 ] ] ] } },
{ "type": "Feature", "properties": { "hex_id": 221, "luas_km2": 0.1039, "poi_total": 30, "poi_kuliner": 10, "poi_peribadatan": 4, "poi_kesehatan": 2, "poi_pendidikan": 0, "poi_perkantoran": 0, "poi_pariwisata": 8, "poi_perdagangan": 6, "poi_transportasi": 0, "penduduk": 1414, "densitas_poi": 288.68, "densitas_penduduk": 13606.2, "skor_poi": 0.937, "skor_penduduk": 0.616, "skor_aktivitas": 0.776, "kelas_aktivitas": "Sangat Tinggi" }, "geometry": { "type": "Polygon", "coordinates": [ [ [ 110.368375715056203, -7.79885306733195 ], [ 110.366806186303279, -7.797946212248435 ], [ 110.36523393791947, -7.798848368365476 ], [ 110.365231210564474, -7.800657384725323 ], [ 110.366800745090131, -7.801564246072516 ], [ 110.368373001198066, -7.80066208479482 ], [ 110.368375715056203, -7.79885306733195 ] ] ] } },
{ "type": "Feature", "properties": { "hex_id": 222, "luas_km2": 0.1039, "poi_total": 14, "poi_kuliner": 8, "poi_peribadatan": 2, "poi_kesehatan": 1, "poi_pendidikan": 1, "poi_perkantoran": 0, "poi_pariwisata": 1, "poi_perdagangan": 1, "poi_transportasi": 0, "penduduk": 1488, "densitas_poi": 134.72, "densitas_penduduk": 14318.3, "skor_poi": 0.437, "skor_penduduk": 0.648, "skor_aktivitas": 0.542, "kelas_aktivitas": "Tinggi" }, "geometry": { "type": "Polygon", "coordinates": [ [ [ 110.371517494139482, -7.798857742986884 ], [ 110.36994795766725, -7.797950899009011 ], [ 110.368375715056203, -7.79885306733195 ], [ 110.368373001198066, -7.80066208479482 ], [ 110.369942543447877, -7.801568935033659 ], [ 110.371514793778246, -7.800666761547299 ], [ 110.371517494139482, -7.798857742986884 ] ] ] } },
{ "type": "Feature", "properties": { "hex_id": 223, "luas_km2": 0.1039, "poi_total": 22, "poi_kuliner": 5, "poi_peribadatan": 3, "poi_kesehatan": 11, "poi_pendidikan": 2, "poi_perkantoran": 1, "poi_pariwisata": 0, "poi_perdagangan": 0, "poi_transportasi": 0, "penduduk": 1713, "densitas_poi": 211.7, "densitas_penduduk": 16483.4, "skor_poi": 0.688, "skor_penduduk": 0.746, "skor_aktivitas": 0.717, "kelas_aktivitas": "Sangat Tinggi" }, "geometry": { "type": "Polygon", "coordinates": [ [ [ 110.374659275159644, -7.798862395330199 ], [ 110.373089730972936, -7.79795556246074 ], [ 110.371517494139482, -7.798857742986884 ], [ 110.37151479377826, -7.800666761547299 ], [ 110.373084343747408, -7.801573600675015 ], [ 110.374656588295352, -7.800671414982693 ], [ 110.374659275159644, -7.798862395330199 ] ] ] } },
{ "type": "Feature", "properties": { "hex_id": 224, "luas_km2": 0.1039, "poi_total": 7, "poi_kuliner": 1, "poi_peribadatan": 2, "poi_kesehatan": 1, "poi_pendidikan": 2, "poi_perkantoran": 0, "poi_pariwisata": 1, "poi_perdagangan": 0, "poi_transportasi": 0, "penduduk": 1713, "densitas_poi": 67.36, "densitas_penduduk": 16483.4, "skor_poi": 0.219, "skor_penduduk": 0.746, "skor_aktivitas": 0.482, "kelas_aktivitas": "Tinggi" }, "geometry": { "type": "Polygon", "coordinates": [ [ [ 110.377801058106996, -7.798867024361834 ], [ 110.37623150621063, -7.797960202603556 ], [ 110.374659275159644, -7.798862395330199 ], [ 110.374656588295352, -7.800671414982693 ], [ 110.376226145979018, -7.801578242996511 ], [ 110.377798384739691, -7.800676045100933 ], [ 110.377801058106996, -7.798867024361834 ] ] ] } },
{ "type": "Feature", "properties": { "hex_id": 225, "luas_km2": 0.1039, "poi_total": 10, "poi_kuliner": 0, "poi_peribadatan": 3, "poi_kesehatan": 1, "poi_pendidikan": 5, "poi_perkantoran": 1, "poi_pariwisata": 0, "poi_perdagangan": 0, "poi_transportasi": 0, "penduduk": 1618, "densitas_poi": 96.23, "densitas_penduduk": 15569.2, "skor_poi": 0.312, "skor_penduduk": 0.705, "skor_aktivitas": 0.508, "kelas_aktivitas": "Tinggi" }, "geometry": { "type": "Polygon", "coordinates": [ [ [ 110.380942842971862, -7.798871630081714 ], [ 110.379373283370654, -7.797964819437394 ], [ 110.377801058106996, -7.798867024361834 ], [ 110.377798384739691, -7.800676045100933 ], [ 110.379367950133059, -7.801582861998081 ], [ 110.380940183101572, -7.800680651901945 ], [ 110.380942842971862, -7.798871630081714 ] ] ] } },
{ "type": "Feature", "properties": { "hex_id": 226, "luas_km2": 0.1039, "poi_total": 13, "poi_kuliner": 0, "poi_peribadatan": 2, "poi_kesehatan": 0, "poi_pendidikan": 6, "poi_perkantoran": 5, "poi_pariwisata": 0, "poi_perdagangan": 0, "poi_transportasi": 0, "penduduk": 913, "densitas_poi": 125.09, "densitas_penduduk": 8785.3, "skor_poi": 0.406, "skor_penduduk": 0.398, "skor_aktivitas": 0.402, "kelas_aktivitas": "Sedang" }, "geometry": { "type": "Polygon", "coordinates": [ [ [ 110.384084629744549, -7.798876212489773 ], [ 110.382515062443332, -7.797969412962175 ], [ 110.380942842971862, -7.798871630081714 ], [ 110.380940183101572, -7.800680651901945 ], [ 110.382509756199823, -7.801587457679657 ], [ 110.384081983371345, -7.800685235385663 ], [ 110.384084629744549, -7.798876212489773 ] ] ] } },
{ "type": "Feature", "properties": { "hex_id": 227, "luas_km2": 0.1039, "poi_total": 5, "poi_kuliner": 0, "poi_peribadatan": 1, "poi_kesehatan": 1, "poi_pendidikan": 1, "poi_perkantoran": 1, "poi_pariwisata": 1, "poi_perdagangan": 0, "poi_transportasi": 0, "penduduk": 913, "densitas_poi": 48.11, "densitas_penduduk": 8785.3, "skor_poi": 0.156, "skor_penduduk": 0.398, "skor_aktivitas": 0.277, "kelas_aktivitas": "Rendah" }, "geometry": { "type": "Polygon", "coordinates": [ [ [ 110.387226418415409, -7.798880771585943 ], [ 110.385656843418985, -7.797973983177839 ], [ 110.384084629744549, -7.798876212489773 ], [ 110.384081983371345, -7.800685235385663 ], [ 110.385651564169649, -7.801592030041168 ], [ 110.387223785539305, -7.800689795552016 ], [ 110.387226418415409, -7.798880771585943 ] ] ] } },
{ "type": "Feature", "properties": { "hex_id": 228, "luas_km2": 0.1039, "poi_total": 9, "poi_kuliner": 2, "poi_peribadatan": 2, "poi_kesehatan": 4, "poi_pendidikan": 0, "poi_perkantoran": 1, "poi_pariwisata": 0, "poi_perdagangan": 0, "poi_transportasi": 0, "penduduk": 913, "densitas_poi": 86.6, "densitas_penduduk": 8785.3, "skor_poi": 0.281, "skor_penduduk": 0.398, "skor_aktivitas": 0.34, "kelas_aktivitas": "Rendah" }, "geometry": { "type": "Polygon", "coordinates": [ [ [ 110.390368208974735, -7.798885307370153 ], [ 110.388798626287922, -7.797978530084315 ], [ 110.387226418415409, -7.798880771585943 ], [ 110.387223785539305, -7.800689795552016 ], [ 110.388793374032844, -7.801596579082548 ], [ 110.39036558959576, -7.800694332400944 ], [ 110.390368208974735, -7.798885307370153 ] ] ] } },
{ "type": "Feature", "properties": { "hex_id": 229, "luas_km2": 0.1039, "poi_total": 25, "poi_kuliner": 0, "poi_peribadatan": 1, "poi_kesehatan": 2, "poi_pendidikan": 2, "poi_perkantoran": 20, "poi_pariwisata": 0, "poi_perdagangan": 0, "poi_transportasi": 0, "penduduk": 913, "densitas_poi": 240.56, "densitas_penduduk": 8785.3, "skor_poi": 0.781, "skor_penduduk": 0.398, "skor_aktivitas": 0.59, "kelas_aktivitas": "Sangat Tinggi" }, "geometry": { "type": "Polygon", "coordinates": [ [ [ 110.393510001412849, -7.798889819842335 ], [ 110.391940411040494, -7.797983053681535 ], [ 110.390368208974735, -7.798885307370153 ], [ 110.39036558959576, -7.800694332400944 ], [ 110.39193518577973, -7.801601104803725 ], [ 110.39350739553106, -7.800698845932371 ], [ 110.393510001412849, -7.798889819842335 ] ] ] } },
{ "type": "Feature", "properties": { "hex_id": 230, "luas_km2": 0.1039, "poi_total": 6, "poi_kuliner": 0, "poi_peribadatan": 2, "poi_kesehatan": 1, "poi_pendidikan": 3, "poi_perkantoran": 0, "poi_pariwisata": 0, "poi_perdagangan": 0, "poi_transportasi": 0, "penduduk": 913, "densitas_poi": 57.74, "densitas_penduduk": 8785.3, "skor_poi": 0.187, "skor_penduduk": 0.398, "skor_aktivitas": 0.292, "kelas_aktivitas": "Rendah" }, "geometry": { "type": "Polygon", "coordinates": [ [ [ 110.396651795720061, -7.798894309002425 ], [ 110.39508219766698, -7.79798755396943 ], [ 110.393510001412849, -7.798889819842335 ], [ 110.39350739553106, -7.800698845932371 ], [ 110.395076999400615, -7.801605607204634 ], [ 110.3966492033355, -7.800703336146232 ], [ 110.396651795720061, -7.798894309002425 ] ] ] } },
{ "type": "Feature", "properties": { "hex_id": 231, "luas_km2": 0.1039, "poi_total": 2, "poi_kuliner": 0, "poi_peribadatan": 2, "poi_kesehatan": 0, "poi_pendidikan": 0, "poi_perkantoran": 0, "poi_pariwisata": 0, "poi_perdagangan": 0, "poi_transportasi": 0, "penduduk": 459, "densitas_poi": 19.25, "densitas_penduduk": 4416.7, "skor_poi": 0.062, "skor_penduduk": 0.2, "skor_aktivitas": 0.131, "kelas_aktivitas": "Sangat Rendah" }, "geometry": { "type": "Polygon", "coordinates": [ [ [ 110.399793591886706, -7.798898774850356 ], [ 110.398223986157703, -7.797992030947933 ], [ 110.396651795720061, -7.798894309002425 ], [ 110.3966492033355, -7.800703336146232 ], [ 110.398218814885837, -7.801610086285208 ], [ 110.399791012999415, -7.80070780304246 ], [ 110.399793591886706, -7.798898774850356 ] ] ] } },
{ "type": "Feature", "properties": { "hex_id": 232, "luas_km2": 0.1039, "poi_total": 0, "poi_kuliner": 0, "poi_peribadatan": 0, "poi_kesehatan": 0, "poi_pendidikan": 0, "poi_perkantoran": 0, "poi_pariwisata": 0, "poi_perdagangan": 0, "poi_transportasi": 0, "penduduk": 14, "densitas_poi": 0.0, "densitas_penduduk": 134.7, "skor_poi": 0.0, "skor_penduduk": 0.006, "skor_aktivitas": 0.003, "kelas_aktivitas": "Sangat Rendah" }, "geometry": { "type": "Polygon", "coordinates": [ [ [ 110.347958400019337, -7.796108591774964 ], [ 110.346388931175184, -7.795201665308832 ], [ 110.344816656010025, -7.796103742993038 ], [ 110.344813841936016, -7.797912752282728 ], [ 110.34638331651891, -7.79881968502814 ], [ 110.347955599437086, -7.797917602203227 ], [ 110.347958400019337, -7.796108591774964 ] ] ] } },
{ "type": "Feature", "properties": { "hex_id": 233, "luas_km2": 0.1039, "poi_total": 5, "poi_kuliner": 1, "poi_peribadatan": 2, "poi_kesehatan": 0, "poi_pendidikan": 2, "poi_perkantoran": 0, "poi_pariwisata": 0, "poi_perdagangan": 0, "poi_transportasi": 0, "penduduk": 1616, "densitas_poi": 48.11, "densitas_penduduk": 15550.0, "skor_poi": 0.156, "skor_penduduk": 0.704, "skor_aktivitas": 0.43, "kelas_aktivitas": "Sedang" }, "geometry": { "type": "Polygon", "coordinates": [ [ [ 110.351100146038078, -7.796113417254013 ], [ 110.349530669445755, -7.795206501871414 ], [ 110.347958400019337, -7.796108591774964 ], [ 110.347955599437086, -7.797917602203227 ], [ 110.34952508177301, -7.798824523862398 ], [ 110.351097358947598, -7.797922428815379 ], [ 110.351100146038078, -7.796113417254013 ] ] ] } },
{ "type": "Feature", "properties": { "hex_id": 234, "luas_km2": 0.1039, "poi_total": 20, "poi_kuliner": 7, "poi_peribadatan": 3, "poi_kesehatan": 4, "poi_pendidikan": 3, "poi_perkantoran": 0, "poi_pariwisata": 1, "poi_perdagangan": 2, "poi_transportasi": 0, "penduduk": 1688, "densitas_poi": 192.45, "densitas_penduduk": 16242.8, "skor_poi": 0.625, "skor_penduduk": 0.736, "skor_aktivitas": 0.68, "kelas_aktivitas": "Sangat Tinggi" }, "geometry": { "type": "Polygon", "coordinates": [ [ [ 110.354241894056543, -7.796118219430117 ], [ 110.352672409720853, -7.79521131513382 ], [ 110.351100146038078, -7.796113417254013 ], [ 110.351097358947612, -7.797922428815379 ], [ 110.352666849031749, -7.798829339385538 ], [ 110.354239120457891, -7.797927232119111 ], [ 110.354241894056543, -7.796118219430117 ] ] ] } },
{ "type": "Feature", "properties": { "hex_id": 235, "luas_km2": 0.1039, "poi_total": 13, "poi_kuliner": 3, "poi_peribadatan": 4, "poi_kesehatan": 3, "poi_pendidikan": 0, "poi_perkantoran": 2, "poi_pariwisata": 1, "poi_perdagangan": 0, "poi_transportasi": 0, "penduduk": 2150, "densitas_poi": 125.09, "densitas_penduduk": 20688.4, "skor_poi": 0.406, "skor_penduduk": 0.937, "skor_aktivitas": 0.672, "kelas_aktivitas": "Sangat Tinggi" }, "geometry": { "type": "Polygon", "coordinates": [ [ [ 110.357383644065052, -7.796122998303203 ], [ 110.355814151990842, -7.795216105095978 ], [ 110.354241894056543, -7.796118219430117 ], [ 110.354239120457891, -7.797927232119111 ], [ 110.355808618285437, -7.798834131597485 ], [ 110.357380883958299, -7.797932012114354 ], [ 110.357383644065052, -7.796122998303203 ] ] ] } },
{ "type": "Feature", "properties": { "hex_id": 236, "luas_km2": 0.1039, "poi_total": 8, "poi_kuliner": 0, "poi_peribadatan": 2, "poi_kesehatan": 2, "poi_pendidikan": 2, "poi_perkantoran": 2, "poi_pariwisata": 0, "poi_perdagangan": 0, "poi_transportasi": 0, "penduduk": 2288, "densitas_poi": 76.98, "densitas_penduduk": 22016.3, "skor_poi": 0.25, "skor_penduduk": 0.997, "skor_aktivitas": 0.624, "kelas_aktivitas": "Sangat Tinggi" }, "geometry": { "type": "Polygon", "coordinates": [ [ [ 110.360525396053944, -7.796127753873199 ], [ 110.358955896246016, -7.795220871757821 ], [ 110.357383644065052, -7.796122998303203 ], [ 110.357380883958299, -7.797932012114354 ], [ 110.358950389524409, -7.798838900498169 ], [ 110.360522649439105, -7.797936768801036 ], [ 110.360525396053944, -7.796127753873199 ] ] ] } },
{ "type": "Feature", "properties": { "hex_id": 237, "luas_km2": 0.1039, "poi_total": 21, "poi_kuliner": 9, "poi_peribadatan": 5, "poi_kesehatan": 4, "poi_pendidikan": 1, "poi_perkantoran": 1, "poi_pariwisata": 0, "poi_perdagangan": 1, "poi_transportasi": 0, "penduduk": 1900, "densitas_poi": 202.07, "densitas_penduduk": 18282.8, "skor_poi": 0.656, "skor_penduduk": 0.828, "skor_aktivitas": 0.742, "kelas_aktivitas": "Sangat Tinggi" }, "geometry": { "type": "Polygon", "coordinates": [ [ [ 110.363667150013541, -7.796132486140035 ], [ 110.362097642476698, -7.795225615119273 ], [ 110.360525396053944, -7.796127753873199 ], [ 110.360522649439105, -7.797936768801036 ], [ 110.362092162738975, -7.798843646087525 ], [ 110.363664416890657, -7.797941502179088 ], [ 110.363667150013541, -7.796132486140035 ] ] ] } },
{ "type": "Feature", "properties": { "hex_id": 238, "luas_km2": 0.1039, "poi_total": 22, "poi_kuliner": 11, "poi_peribadatan": 1, "poi_kesehatan": 4, "poi_pendidikan": 1, "poi_perkantoran": 2, "poi_pariwisata": 1, "poi_perdagangan": 2, "poi_transportasi": 0, "penduduk": 1573, "densitas_poi": 211.7, "densitas_penduduk": 15136.2, "skor_poi": 0.688, "skor_penduduk": 0.685, "skor_aktivitas": 0.686, "kelas_aktivitas": "Sangat Tinggi" }, "geometry": { "type": "Polygon", "coordinates": [ [ [ 110.36680890593415, -7.79613719510364 ], [ 110.365239390673239, -7.795230335180266 ], [ 110.363667150013541, -7.796132486140035 ], [ 110.363664416890657, -7.797941502179088 ], [ 110.36523393791947, -7.798848368365476 ], [ 110.366806186303279, -7.797946212248435 ], [ 110.36680890593415, -7.79613719510364 ] ] ] } },
{ "type": "Feature", "properties": { "hex_id": 239, "luas_km2": 0.1039, "poi_total": 32, "poi_kuliner": 8, "poi_peribadatan": 9, "poi_kesehatan": 7, "poi_pendidikan": 4, "poi_perkantoran": 3, "poi_pariwisata": 1, "poi_perdagangan": 0, "poi_transportasi": 0, "penduduk": 1638, "densitas_poi": 307.92, "densitas_penduduk": 15761.7, "skor_poi": 1.0, "skor_penduduk": 0.714, "skor_aktivitas": 0.857, "kelas_aktivitas": "Sangat Tinggi" }, "geometry": { "type": "Polygon", "coordinates": [ [ [ 110.36995066380608, -7.796141880763943 ], [ 110.368381140825917, -7.795235031940731 ], [ 110.36680890593415, -7.79613719510364 ], [ 110.366806186303279, -7.797946212248435 ], [ 110.368375715056203, -7.79885306733195 ], [ 110.36994795766725, -7.797950899009011 ], [ 110.36995066380608, -7.796141880763943 ] ] ] } },
{ "type": "Feature", "properties": { "hex_id": 240, "luas_km2": 0.1039, "poi_total": 18, "poi_kuliner": 4, "poi_peribadatan": 3, "poi_kesehatan": 5, "poi_pendidikan": 3, "poi_perkantoran": 2, "poi_pariwisata": 1, "poi_perdagangan": 0, "poi_transportasi": 0, "penduduk": 1850, "densitas_poi": 173.21, "densitas_penduduk": 17801.6, "skor_poi": 0.562, "skor_penduduk": 0.806, "skor_aktivitas": 0.684, "kelas_aktivitas": "Sangat Tinggi" }, "geometry": { "type": "Polygon", "coordinates": [ [ [ 110.373092423619681, -7.796146543120876 ], [ 110.371522892925086, -7.795239705400591 ], [ 110.36995066380608, -7.796141880763943 ], [ 110.36994795766725, -7.797950899009011 ], [ 110.371517494139482, -7.798857742986884 ], [ 110.373089730972936, -7.79795556246074 ], [ 110.373092423619681, -7.796146543120876 ] ] ] } },
{ "type": "Feature", "properties": { "hex_id": 241, "luas_km2": 0.1039, "poi_total": 9, "poi_kuliner": 1, "poi_peribadatan": 1, "poi_kesehatan": 4, "poi_pendidikan": 1, "poi_perkantoran": 2, "poi_pariwisata": 0, "poi_perdagangan": 0, "poi_transportasi": 0, "penduduk": 1877, "densitas_poi": 86.6, "densitas_penduduk": 18061.4, "skor_poi": 0.281, "skor_penduduk": 0.818, "skor_aktivitas": 0.55, "kelas_aktivitas": "Sangat Tinggi" }, "geometry": { "type": "Polygon", "coordinates": [ [ [ 110.376234185365263, -7.796151182174364 ], [ 110.374664646961023, -7.795244355559783 ], [ 110.373092423619681, -7.796146543120876 ], [ 110.373089730972936, -7.79795556246074 ], [ 110.374659275159644, -7.798862395330199 ], [ 110.37623150621063, -7.797960202603556 ], [ 110.376234185365263, -7.796151182174364 ] ] ] } },
{ "type": "Feature", "properties": { "hex_id": 242, "luas_km2": 0.1039, "poi_total": 19, "poi_kuliner": 5, "poi_peribadatan": 3, "poi_kesehatan": 4, "poi_pendidikan": 6, "poi_perkantoran": 1, "poi_pariwisata": 0, "poi_perdagangan": 0, "poi_transportasi": 0, "penduduk": 1527, "densitas_poi": 182.83, "densitas_penduduk": 14693.6, "skor_poi": 0.594, "skor_penduduk": 0.665, "skor_aktivitas": 0.63, "kelas_aktivitas": "Sangat Tinggi" }, "geometry": { "type": "Polygon", "coordinates": [ [ [ 110.379375949033118, -7.796155797924348 ], [ 110.377806402924094, -7.795248982418236 ], [ 110.376234185365263, -7.796151182174364 ], [ 110.37623150621063, -7.797960202603556 ], [ 110.377801058106996, -7.798867024361834 ], [ 110.379373283370654, -7.797964819437394 ], [ 110.379375949033118, -7.796155797924348 ] ] ] } },
{ "type": "Feature", "properties": { "hex_id": 243, "luas_km2": 0.1039, "poi_total": 8, "poi_kuliner": 2, "poi_peribadatan": 1, "poi_kesehatan": 4, "poi_pendidikan": 1, "poi_perkantoran": 0, "poi_pariwisata": 0, "poi_perdagangan": 0, "poi_transportasi": 0, "penduduk": 985, "densitas_poi": 76.98, "densitas_penduduk": 9478.2, "skor_poi": 0.25, "skor_penduduk": 0.429, "skor_aktivitas": 0.34, "kelas_aktivitas": "Rendah" }, "geometry": { "type": "Polygon", "coordinates": [ [ [ 110.382517714613599, -7.796160390370747 ], [ 110.380948160804593, -7.795253585975878 ], [ 110.379375949033118, -7.796155797924348 ], [ 110.379373283370654, -7.797964819437394 ], [ 110.380942842971862, -7.798871630081714 ], [ 110.382515062443332, -7.797969412962175 ], [ 110.382517714613599, -7.796160390370747 ] ] ] } },
{ "type": "Feature", "properties": { "hex_id": 244, "luas_km2": 0.1039, "poi_total": 5, "poi_kuliner": 0, "poi_peribadatan": 0, "poi_kesehatan": 0, "poi_pendidikan": 1, "poi_perkantoran": 4, "poi_pariwisata": 0, "poi_perdagangan": 0, "poi_transportasi": 0, "penduduk": 913, "densitas_poi": 48.11, "densitas_penduduk": 8785.3, "skor_poi": 0.156, "skor_penduduk": 0.398, "skor_aktivitas": 0.277, "kelas_aktivitas": "Rendah" }, "geometry": { "type": "Polygon", "coordinates": [ [ [ 110.385659482097012, -7.796164959513501 ], [ 110.384089920592857, -7.795258166232646 ], [ 110.382517714613599, -7.796160390370747 ], [ 110.382515062443332, -7.797969412962175 ], [ 110.384084629744549, -7.798876212489773 ], [ 110.385656843418985, -7.797973983177839 ], [ 110.385659482097012, -7.796164959513501 ] ] ] } },
{ "type": "Feature", "properties": { "hex_id": 245, "luas_km2": 0.1039, "poi_total": 6, "poi_kuliner": 0, "poi_peribadatan": 3, "poi_kesehatan": 1, "poi_pendidikan": 0, "poi_perkantoran": 2, "poi_pariwisata": 0, "poi_perdagangan": 0, "poi_transportasi": 0, "penduduk": 913, "densitas_poi": 57.74, "densitas_penduduk": 8785.3, "skor_poi": 0.187, "skor_penduduk": 0.398, "skor_aktivitas": 0.292, "kelas_aktivitas": "Rendah" }, "geometry": { "type": "Polygon", "coordinates": [ [ [ 110.388801251473666, -7.796169505352537 ], [ 110.387231682279179, -7.795262723188464 ], [ 110.385659482097012, -7.796164959513501 ], [ 110.385656843418985, -7.797973983177839 ], [ 110.387226418415409, -7.798880771585943 ], [ 110.388798626287922, -7.797978530084315 ], [ 110.388801251473666, -7.796169505352537 ] ] ] } },
{ "type": "Feature", "properties": { "hex_id": 246, "luas_km2": 0.1039, "poi_total": 11, "poi_kuliner": 2, "poi_peribadatan": 3, "poi_kesehatan": 0, "poi_pendidikan": 5, "poi_perkantoran": 1, "poi_pariwisata": 0, "poi_perdagangan": 0, "poi_transportasi": 0, "penduduk": 913, "densitas_poi": 105.85, "densitas_penduduk": 8785.3, "skor_poi": 0.344, "skor_penduduk": 0.398, "skor_aktivitas": 0.371, "kelas_aktivitas": "Sedang" }, "geometry": { "type": "Polygon", "coordinates": [ [ [ 110.391943022733898, -7.79617402788779 ], [ 110.390373445853882, -7.795267256843271 ], [ 110.388801251473666, -7.796169505352537 ], [ 110.388798626287922, -7.797978530084315 ], [ 110.390368208974735, -7.798885307370153 ], [ 110.391940411040494, -7.797983053681535 ], [ 110.391943022733898, -7.79617402788779 ] ] ] } },
{ "type": "Feature", "properties": { "hex_id": 247, "luas_km2": 0.1039, "poi_total": 15, "poi_kuliner": 5, "poi_peribadatan": 0, "poi_kesehatan": 3, "poi_pendidikan": 3, "poi_perkantoran": 3, "poi_pariwisata": 1, "poi_perdagangan": 0, "poi_transportasi": 0, "penduduk": 913, "densitas_poi": 144.34, "densitas_penduduk": 8785.3, "skor_poi": 0.469, "skor_penduduk": 0.398, "skor_aktivitas": 0.434, "kelas_aktivitas": "Tinggi" }, "geometry": { "type": "Polygon", "coordinates": [ [ [ 110.395084795868016, -7.796178527119192 ], [ 110.393515211307303, -7.795271767196994 ], [ 110.391943022733898, -7.79617402788779 ], [ 110.391940411040494, -7.797983053681535 ], [ 110.393510001412849, -7.798889819842335 ], [ 110.39508219766698, -7.79798755396943 ], [ 110.395084795868016, -7.796178527119192 ] ] ] } },
{ "type": "Feature", "properties": { "hex_id": 248, "luas_km2": 0.1039, "poi_total": 3, "poi_kuliner": 0, "poi_peribadatan": 2, "poi_kesehatan": 1, "poi_pendidikan": 0, "poi_perkantoran": 0, "poi_pariwisata": 0, "poi_perdagangan": 0, "poi_transportasi": 0, "penduduk": 588, "densitas_poi": 28.87, "densitas_penduduk": 5658.0, "skor_poi": 0.094, "skor_penduduk": 0.256, "skor_aktivitas": 0.175, "kelas_aktivitas": "Sangat Rendah" }, "geometry": { "type": "Polygon", "coordinates": [ [ [ 110.398226570866342, -7.796183003046673 ], [ 110.396656978629764, -7.795276254249569 ], [ 110.395084795868016, -7.796178527119192 ], [ 110.39508219766698, -7.79798755396943 ], [ 110.396651795720061, -7.798894309002425 ], [ 110.398223986157703, -7.797992030947933 ], [ 110.398226570866342, -7.796183003046673 ] ] ] } },
{ "type": "Feature", "properties": { "hex_id": 249, "luas_km2": 0.1039, "poi_total": 0, "poi_kuliner": 0, "poi_peribadatan": 0, "poi_kesehatan": 0, "poi_pendidikan": 0, "poi_perkantoran": 0, "poi_pariwisata": 0, "poi_perdagangan": 0, "poi_transportasi": 0, "penduduk": 146, "densitas_poi": 0.0, "densitas_penduduk": 1404.9, "skor_poi": 0.0, "skor_penduduk": 0.064, "skor_aktivitas": 0.032, "kelas_aktivitas": "Sangat Rendah" }, "geometry": { "type": "Polygon", "coordinates": [ [ [ 110.349533462279823, -7.793397490643167 ], [ 110.347963999174453, -7.792490570452938 ], [ 110.346391737496205, -7.793392655216413 ], [ 110.346388931175184, -7.795201665308832 ], [ 110.347958400019337, -7.796108591774964 ], [ 110.349530669445755, -7.795206501871414 ], [ 110.349533462279823, -7.793397490643167 ] ] ] } },
{ "type": "Feature", "properties": { "hex_id": 250, "luas_km2": 0.1039, "poi_total": 11, "poi_kuliner": 2, "poi_peribadatan": 1, "poi_kesehatan": 2, "poi_pendidikan": 4, "poi_perkantoran": 2, "poi_pariwisata": 0, "poi_perdagangan": 0, "poi_transportasi": 0, "penduduk": 1629, "densitas_poi": 105.85, "densitas_penduduk": 15675.1, "skor_poi": 0.344, "skor_penduduk": 0.71, "skor_aktivitas": 0.527, "kelas_aktivitas": "Tinggi" }, "geometry": { "type": "Polygon", "coordinates": [ [ [ 110.352675189067952, -7.793402302775221 ], [ 110.351105718219273, -7.792495393665813 ], [ 110.349533462279823, -7.793397490643167 ], [ 110.349530669445755, -7.795206501871414 ], [ 110.351100146038078, -7.796113417254013 ], [ 110.352672409720853, -7.79521131513382 ], [ 110.352675189067952, -7.793402302775221 ] ] ] } },
{ "type": "Feature", "properties": { "hex_id": 251, "luas_km2": 0.1039, "poi_total": 7, "poi_kuliner": 3, "poi_peribadatan": 1, "poi_kesehatan": 2, "poi_pendidikan": 0, "poi_perkantoran": 0, "poi_pariwisata": 1, "poi_perdagangan": 0, "poi_transportasi": 0, "penduduk": 1612, "densitas_poi": 67.36, "densitas_penduduk": 15511.5, "skor_poi": 0.219, "skor_penduduk": 0.702, "skor_aktivitas": 0.46, "kelas_aktivitas": "Tinggi" }, "geometry": { "type": "Polygon", "coordinates": [ [ [ 110.35581691785093, -7.793407091612499 ], [ 110.354247439263759, -7.792500193586684 ], [ 110.352675189067952, -7.793402302775221 ], [ 110.352672409720853, -7.79521131513382 ], [ 110.354241894056543, -7.796118219430117 ], [ 110.355814151990842, -7.795216105095978 ], [ 110.35581691785093, -7.793407091612499 ] ] ] } },
{ "type": "Feature", "properties": { "hex_id": 252, "luas_km2": 0.1039, "poi_total": 18, "poi_kuliner": 5, "poi_peribadatan": 3, "poi_kesehatan": 7, "poi_pendidikan": 3, "poi_perkantoran": 0, "poi_pariwisata": 0, "poi_perdagangan": 0, "poi_transportasi": 0, "penduduk": 2125, "densitas_poi": 173.21, "densitas_penduduk": 20447.8, "skor_poi": 0.562, "skor_penduduk": 0.926, "skor_aktivitas": 0.744, "kelas_aktivitas": "Sangat Tinggi" }, "geometry": { "type": "Polygon", "coordinates": [ [ [ 110.358958648619051, -7.793411857154933 ], [ 110.35738916229819, -7.79250497021548 ], [ 110.35581691785093, -7.793407091612499 ], [ 110.355814151990842, -7.795216105095978 ], [ 110.357383644065052, -7.796122998303203 ], [ 110.358955896246016, -7.795220871757821 ], [ 110.358958648619051, -7.793411857154933 ] ] ] } },
{ "type": "Feature", "properties": { "hex_id": 253, "luas_km2": 0.1039, "poi_total": 27, "poi_kuliner": 10, "poi_peribadatan": 3, "poi_kesehatan": 5, "poi_pendidikan": 4, "poi_perkantoran": 2, "poi_pariwisata": 1, "poi_perdagangan": 2, "poi_transportasi": 0, "penduduk": 2114, "densitas_poi": 259.81, "densitas_penduduk": 20342.0, "skor_poi": 0.844, "skor_penduduk": 0.921, "skor_aktivitas": 0.883, "kelas_aktivitas": "Sangat Tinggi" }, "geometry": { "type": "Polygon", "coordinates": [ [ [ 110.362100381362652, -7.793416599402449 ], [ 110.360530887312947, -7.79250972355213 ], [ 110.358958648619065, -7.793411857154933 ], [ 110.358955896246016, -7.795220871757821 ], [ 110.360525396053944, -7.796127753873199 ], [ 110.362097642476698, -7.795225615119273 ], [ 110.362100381362652, -7.793416599402449 ] ] ] } },
{ "type": "Feature", "properties": { "hex_id": 254, "luas_km2": 0.1039, "poi_total": 18, "poi_kuliner": 6, "poi_peribadatan": 2, "poi_kesehatan": 4, "poi_pendidikan": 6, "poi_perkantoran": 0, "poi_pariwisata": 0, "poi_perdagangan": 0, "poi_transportasi": 0, "penduduk": 2112, "densitas_poi": 173.21, "densitas_penduduk": 20322.7, "skor_poi": 0.562, "skor_penduduk": 0.92, "skor_aktivitas": 0.741, "kelas_aktivitas": "Sangat Tinggi" }, "geometry": { "type": "Polygon", "coordinates": [ [ [ 110.365242116072039, -7.793421318354978 ], [ 110.363672614298295, -7.792514453596564 ], [ 110.362100381362652, -7.793416599402449 ], [ 110.362097642476712, -7.795225615119273 ], [ 110.363667150013541, -7.796132486140035 ], [ 110.365239390673239, -7.795230335180266 ], [ 110.365242116072039, -7.793421318354978 ] ] ] } },
{ "type": "Feature", "properties": { "hex_id": 255, "luas_km2": 0.1039, "poi_total": 24, "poi_kuliner": 14, "poi_peribadatan": 2, "poi_kesehatan": 5, "poi_pendidikan": 0, "poi_perkantoran": 2, "poi_pariwisata": 1, "poi_perdagangan": 0, "poi_transportasi": 0, "penduduk": 2058, "densitas_poi": 230.94, "densitas_penduduk": 19803.1, "skor_poi": 0.75, "skor_penduduk": 0.897, "skor_aktivitas": 0.824, "kelas_aktivitas": "Sangat Tinggi" }, "geometry": { "type": "Polygon", "coordinates": [ [ [ 110.368383852737551, -7.79342601401245 ], [ 110.36681434324457, -7.792519160348712 ], [ 110.365242116072039, -7.793421318354978 ], [ 110.365239390673239, -7.795230335180266 ], [ 110.36680890593415, -7.79613719510364 ], [ 110.368381140825917, -7.795235031940731 ], [ 110.368383852737551, -7.79342601401245 ] ] ] } },
{ "type": "Feature", "properties": { "hex_id": 256, "luas_km2": 0.1039, "poi_total": 24, "poi_kuliner": 8, "poi_peribadatan": 8, "poi_kesehatan": 4, "poi_pendidikan": 2, "poi_perkantoran": 0, "poi_pariwisata": 0, "poi_perdagangan": 2, "poi_transportasi": 0, "penduduk": 2053, "densitas_poi": 230.94, "densitas_penduduk": 19755.0, "skor_poi": 0.75, "skor_penduduk": 0.895, "skor_aktivitas": 0.822, "kelas_aktivitas": "Sangat Tinggi" }, "geometry": { "type": "Polygon", "coordinates": [ [ [ 110.371525591349481, -7.79343068637479 ], [ 110.369956074142124, -7.7925238438085 ], [ 110.368383852737551, -7.79342601401245 ], [ 110.368381140825917, -7.795235031940731 ], [ 110.36995066380608, -7.796141880763943 ], [ 110.371522892925086, -7.795239705400591 ], [ 110.371525591349481, -7.79343068637479 ] ] ] } },
{ "type": "Feature", "properties": { "hex_id": 257, "luas_km2": 0.1039, "poi_total": 16, "poi_kuliner": 8, "poi_peribadatan": 1, "poi_kesehatan": 1, "poi_pendidikan": 4, "poi_perkantoran": 2, "poi_pariwisata": 0, "poi_perdagangan": 0, "poi_transportasi": 0, "penduduk": 2053, "densitas_poi": 153.96, "densitas_penduduk": 19755.0, "skor_poi": 0.5, "skor_penduduk": 0.895, "skor_aktivitas": 0.698, "kelas_aktivitas": "Sangat Tinggi" }, "geometry": { "type": "Polygon", "coordinates": [ [ [ 110.374667331898166, -7.793435335441932 ], [ 110.373097806981221, -7.79252850397586 ], [ 110.371525591349481, -7.79343068637479 ], [ 110.371522892925086, -7.795239705400591 ], [ 110.373092423619681, -7.796146543120876 ], [ 110.374664646961023, -7.795244355559783 ], [ 110.374667331898166, -7.793435335441932 ] ] ] } },
{ "type": "Feature", "properties": { "hex_id": 258, "luas_km2": 0.1039, "poi_total": 15, "poi_kuliner": 1, "poi_peribadatan": 6, "poi_kesehatan": 6, "poi_pendidikan": 2, "poi_perkantoran": 0, "poi_pariwisata": 0, "poi_perdagangan": 0, "poi_transportasi": 0, "penduduk": 2052, "densitas_poi": 144.34, "densitas_penduduk": 19745.4, "skor_poi": 0.469, "skor_penduduk": 0.894, "skor_aktivitas": 0.682, "kelas_aktivitas": "Sangat Tinggi" }, "geometry": { "type": "Polygon", "coordinates": [ [ [ 110.377809074373928, -7.793439961213807 ], [ 110.376239541752227, -7.792533140850726 ], [ 110.374667331898166, -7.793435335441932 ], [ 110.374664646961023, -7.795244355559783 ], [ 110.376234185365263, -7.796151182174364 ], [ 110.377806402924094, -7.795248982418236 ], [ 110.377809074373928, -7.793439961213807 ] ] ] } },
{ "type": "Feature", "properties": { "hex_id": 259, "luas_km2": 0.1039, "poi_total": 8, "poi_kuliner": 4, "poi_peribadatan": 2, "poi_kesehatan": 1, "poi_pendidikan": 1, "poi_perkantoran": 0, "poi_pariwisata": 0, "poi_perdagangan": 0, "poi_transportasi": 0, "penduduk": 1097, "densitas_poi": 76.98, "densitas_penduduk": 10555.9, "skor_poi": 0.25, "skor_penduduk": 0.478, "skor_aktivitas": 0.364, "kelas_aktivitas": "Sedang" }, "geometry": { "type": "Polygon", "coordinates": [ [ [ 110.380950818767076, -7.793444563690344 ], [ 110.37938127844545, -7.792537754433026 ], [ 110.377809074373928, -7.793439961213807 ], [ 110.377806402924094, -7.795248982418236 ], [ 110.379375949033118, -7.796155797924348 ], [ 110.380948160804593, -7.795253585975878 ], [ 110.380950818767076, -7.793444563690344 ] ] ] } },
{ "type": "Feature", "properties": { "hex_id": 260, "luas_km2": 0.1039, "poi_total": 11, "poi_kuliner": 1, "poi_peribadatan": 4, "poi_kesehatan": 1, "poi_pendidikan": 5, "poi_perkantoran": 0, "poi_pariwisata": 0, "poi_perdagangan": 0, "poi_transportasi": 0, "penduduk": 999, "densitas_poi": 105.85, "densitas_penduduk": 9612.9, "skor_poi": 0.344, "skor_penduduk": 0.435, "skor_aktivitas": 0.389, "kelas_aktivitas": "Sedang" }, "geometry": { "type": "Polygon", "coordinates": [ [ [ 110.384092565067959, -7.79344914287148 ], [ 110.382523017051199, -7.792542344722687 ], [ 110.380950818767076, -7.793444563690344 ], [ 110.380948160804593, -7.795253585975878 ], [ 110.382517714613599, -7.796160390370747 ], [ 110.384089920592857, -7.795258166232646 ], [ 110.384092565067959, -7.79344914287148 ] ] ] } },
{ "type": "Feature", "properties": { "hex_id": 261, "luas_km2": 0.1039, "poi_total": 12, "poi_kuliner": 0, "poi_peribadatan": 5, "poi_kesehatan": 3, "poi_pendidikan": 2, "poi_perkantoran": 1, "poi_pariwisata": 0, "poi_perdagangan": 1, "poi_transportasi": 0, "penduduk": 987, "densitas_poi": 115.47, "densitas_penduduk": 9497.4, "skor_poi": 0.375, "skor_penduduk": 0.43, "skor_aktivitas": 0.402, "kelas_aktivitas": "Sedang" }, "geometry": { "type": "Polygon", "coordinates": [ [ [ 110.387234313266845, -7.793453698757138 ], [ 110.385664757559809, -7.792546911719645 ], [ 110.384092565067959, -7.79344914287148 ], [ 110.384089920592857, -7.795258166232646 ], [ 110.385659482097012, -7.796164959513501 ], [ 110.387231682279179, -7.795262723188464 ], [ 110.387234313266845, -7.793453698757138 ] ] ] } },
{ "type": "Feature", "properties": { "hex_id": 262, "luas_km2": 0.1039, "poi_total": 7, "poi_kuliner": 2, "poi_peribadatan": 0, "poi_kesehatan": 2, "poi_pendidikan": 2, "poi_perkantoran": 1, "poi_pariwisata": 0, "poi_perdagangan": 0, "poi_transportasi": 0, "penduduk": 961, "densitas_poi": 67.36, "densitas_penduduk": 9247.2, "skor_poi": 0.219, "skor_penduduk": 0.419, "skor_aktivitas": 0.319, "kelas_aktivitas": "Rendah" }, "geometry": { "type": "Polygon", "coordinates": [ [ [ 110.390376063354111, -7.793458231347254 ], [ 110.388806499961575, -7.792551455423833 ], [ 110.387234313266845, -7.793453698757138 ], [ 110.387231682279179, -7.795262723188464 ], [ 110.388801251473666, -7.796169505352537 ], [ 110.390373445853882, -7.795267256843271 ], [ 110.390376063354111, -7.793458231347254 ] ] ] } },
{ "type": "Feature", "properties": { "hex_id": 263, "luas_km2": 0.1039, "poi_total": 6, "poi_kuliner": 1, "poi_peribadatan": 0, "poi_kesehatan": 2, "poi_pendidikan": 2, "poi_perkantoran": 1, "poi_pariwisata": 0, "poi_perdagangan": 0, "poi_transportasi": 0, "penduduk": 942, "densitas_poi": 57.74, "densitas_penduduk": 9064.4, "skor_poi": 0.187, "skor_penduduk": 0.41, "skor_aktivitas": 0.298, "kelas_aktivitas": "Rendah" }, "geometry": { "type": "Polygon", "coordinates": [ [ [ 110.393517815320024, -7.79346274064176 ], [ 110.391948244246834, -7.79255597583518 ], [ 110.390376063354111, -7.793458231347254 ], [ 110.390373445853882, -7.795267256843271 ], [ 110.391943022733898, -7.79617402788779 ], [ 110.393515211307303, -7.795271767196994 ], [ 110.393517815320024, -7.79346274064176 ] ] ] } },
{ "type": "Feature", "properties": { "hex_id": 264, "luas_km2": 0.1039, "poi_total": 2, "poi_kuliner": 0, "poi_peribadatan": 0, "poi_kesehatan": 1, "poi_pendidikan": 1, "poi_perkantoran": 0, "poi_pariwisata": 0, "poi_perdagangan": 0, "poi_transportasi": 0, "penduduk": 778, "densitas_poi": 19.25, "densitas_penduduk": 7486.3, "skor_poi": 0.062, "skor_penduduk": 0.339, "skor_aktivitas": 0.2, "kelas_aktivitas": "Sangat Rendah" }, "geometry": { "type": "Polygon", "coordinates": [ [ [ 110.396659569154934, -7.79346722664059 ], [ 110.395089990405907, -7.792560472953617 ], [ 110.393517815320024, -7.79346274064176 ], [ 110.393515211307303, -7.795271767196994 ], [ 110.395084795868016, -7.796178527119192 ], [ 110.396656978629764, -7.795276254249569 ], [ 110.396659569154934, -7.79346722664059 ] ] ] } },
{ "type": "Feature", "properties": { "hex_id": 265, "luas_km2": 0.1039, "poi_total": 9, "poi_kuliner": 1, "poi_peribadatan": 3, "poi_kesehatan": 1, "poi_pendidikan": 2, "poi_perkantoran": 2, "poi_pariwisata": 0, "poi_perdagangan": 0, "poi_transportasi": 0, "penduduk": 931, "densitas_poi": 86.6, "densitas_penduduk": 8958.6, "skor_poi": 0.281, "skor_penduduk": 0.406, "skor_aktivitas": 0.344, "kelas_aktivitas": "Rendah" }, "geometry": { "type": "Polygon", "coordinates": [ [ [ 110.351108503310044, -7.790686381639045 ], [ 110.349539045943501, -7.789779467721347 ], [ 110.347966797747347, -7.790681559559248 ], [ 110.347963999174453, -7.792490570452938 ], [ 110.349533462279823, -7.793397490643167 ], [ 110.351105718219273, -7.792495393665813 ], [ 110.351108503310044, -7.790686381639045 ] ] ] } },
{ "type": "Feature", "properties": { "hex_id": 266, "luas_km2": 0.1039, "poi_total": 22, "poi_kuliner": 4, "poi_peribadatan": 5, "poi_kesehatan": 3, "poi_pendidikan": 8, "poi_perkantoran": 1, "poi_pariwisata": 1, "poi_perdagangan": 0, "poi_transportasi": 0, "penduduk": 1319, "densitas_poi": 211.7, "densitas_penduduk": 12692.1, "skor_poi": 0.688, "skor_penduduk": 0.575, "skor_aktivitas": 0.632, "kelas_aktivitas": "Sangat Tinggi" }, "geometry": { "type": "Polygon", "coordinates": [ [ [ 110.354250210872365, -7.790691180432316 ], [ 110.352680745767358, -7.789784277592726 ], [ 110.351108503310044, -7.790686381639045 ], [ 110.351105718219273, -7.792495393665813 ], [ 110.352675189067952, -7.793402302775221 ], [ 110.354247439263759, -7.792500193586684 ], [ 110.354250210872365, -7.790691180432316 ] ] ] } },
{ "type": "Feature", "properties": { "hex_id": 267, "luas_km2": 0.1039, "poi_total": 10, "poi_kuliner": 3, "poi_peribadatan": 4, "poi_kesehatan": 0, "poi_pendidikan": 1, "poi_perkantoran": 2, "poi_pariwisata": 0, "poi_perdagangan": 0, "poi_transportasi": 0, "penduduk": 1659, "densitas_poi": 96.23, "densitas_penduduk": 15963.7, "skor_poi": 0.312, "skor_penduduk": 0.723, "skor_aktivitas": 0.518, "kelas_aktivitas": "Tinggi" }, "geometry": { "type": "Polygon", "coordinates": [ [ [ 110.357391920424618, -7.790695955938981 ], [ 110.355822447585993, -7.789789064180269 ], [ 110.354250210872365, -7.790691180432316 ], [ 110.354247439263759, -7.792500193586684 ], [ 110.35581691785093, -7.793407091612499 ], [ 110.35738916229819, -7.79250497021548 ], [ 110.357391920424618, -7.790695955938981 ] ] ] } },
{ "type": "Feature", "properties": { "hex_id": 268, "luas_km2": 0.1039, "poi_total": 18, "poi_kuliner": 2, "poi_peribadatan": 10, "poi_kesehatan": 2, "poi_pendidikan": 3, "poi_perkantoran": 0, "poi_pariwisata": 1, "poi_perdagangan": 0, "poi_transportasi": 0, "penduduk": 2112, "densitas_poi": 173.21, "densitas_penduduk": 20322.7, "skor_poi": 0.562, "skor_penduduk": 0.92, "skor_aktivitas": 0.741, "kelas_aktivitas": "Sangat Tinggi" }, "geometry": { "type": "Polygon", "coordinates": [ [ [ 110.360533631957125, -7.790700708158971 ], [ 110.358964151389657, -7.789793827483916 ], [ 110.357391920424618, -7.790695955938981 ], [ 110.35738916229819, -7.79250497021548 ], [ 110.358958648619051, -7.793411857154933 ], [ 110.360530887312947, -7.79250972355213 ], [ 110.360533631957125, -7.790700708158971 ] ] ] } },
{ "type": "Feature", "properties": { "hex_id": 269, "luas_km2": 0.1039, "poi_total": 20, "poi_kuliner": 7, "poi_peribadatan": 6, "poi_kesehatan": 2, "poi_pendidikan": 3, "poi_perkantoran": 2, "poi_pariwisata": 0, "poi_perdagangan": 0, "poi_transportasi": 0, "penduduk": 2112, "densitas_poi": 192.45, "densitas_penduduk": 20322.7, "skor_poi": 0.625, "skor_penduduk": 0.92, "skor_aktivitas": 0.772, "kelas_aktivitas": "Sangat Tinggi" }, "geometry": { "type": "Polygon", "coordinates": [ [ [ 110.363675345460194, -7.790705437092218 ], [ 110.362105857168743, -7.789798567503584 ], [ 110.360533631957125, -7.790700708158971 ], [ 110.360530887312947, -7.79250972355213 ], [ 110.362100381362652, -7.793416599402449 ], [ 110.363672614298295, -7.792514453596564 ], [ 110.363675345460194, -7.790705437092218 ] ] ] } },
{ "type": "Feature", "properties": { "hex_id": 270, "luas_km2": 0.1039, "poi_total": 17, "poi_kuliner": 6, "poi_peribadatan": 4, "poi_kesehatan": 3, "poi_pendidikan": 1, "poi_perkantoran": 2, "poi_pariwisata": 0, "poi_perdagangan": 1, "poi_transportasi": 0, "penduduk": 2098, "densitas_poi": 163.58, "densitas_penduduk": 20188.0, "skor_poi": 0.531, "skor_penduduk": 0.914, "skor_aktivitas": 0.722, "kelas_aktivitas": "Sangat Tinggi" }, "geometry": { "type": "Polygon", "coordinates": [ [ [ 110.366817060924163, -7.79071014273865 ], [ 110.365247564913531, -7.789803284239212 ], [ 110.363675345460194, -7.790705437092218 ], [ 110.363672614298295, -7.792514453596564 ], [ 110.365242116072039, -7.793421318354978 ], [ 110.36681434324457, -7.792519160348712 ], [ 110.366817060924163, -7.79071014273865 ] ] ] } },
{ "type": "Feature", "properties": { "hex_id": 271, "luas_km2": 0.1039, "poi_total": 15, "poi_kuliner": 2, "poi_peribadatan": 7, "poi_kesehatan": 0, "poi_pendidikan": 1, "poi_perkantoran": 2, "poi_pariwisata": 3, "poi_perdagangan": 0, "poi_transportasi": 0, "penduduk": 2052, "densitas_poi": 144.34, "densitas_penduduk": 19745.4, "skor_poi": 0.469, "skor_penduduk": 0.894, "skor_aktivitas": 0.682, "kelas_aktivitas": "Sangat Tinggi" }, "geometry": { "type": "Polygon", "coordinates": [ [ [ 110.369958778339338, -7.790714825098197 ], [ 110.368389274614358, -7.789807977690723 ], [ 110.366817060924163, -7.79071014273865 ], [ 110.36681434324457, -7.792519160348712 ], [ 110.368383852737551, -7.79342601401245 ], [ 110.369956074142124, -7.7925238438085 ], [ 110.369958778339338, -7.790714825098197 ] ] ] } },
{ "type": "Feature", "properties": { "hex_id": 272, "luas_km2": 0.1039, "poi_total": 18, "poi_kuliner": 7, "poi_peribadatan": 6, "poi_kesehatan": 1, "poi_pendidikan": 4, "poi_perkantoran": 0, "poi_pariwisata": 0, "poi_perdagangan": 0, "poi_transportasi": 0, "penduduk": 2004, "densitas_poi": 173.21, "densitas_penduduk": 19283.5, "skor_poi": 0.562, "skor_penduduk": 0.873, "skor_aktivitas": 0.718, "kelas_aktivitas": "Sangat Tinggi" }, "geometry": { "type": "Polygon", "coordinates": [ [ [ 110.373100497696043, -7.790719484170785 ], [ 110.371530986261533, -7.789812647858048 ], [ 110.369958778339338, -7.790714825098197 ], [ 110.369956074142124, -7.7925238438085 ], [ 110.371525591349481, -7.79343068637479 ], [ 110.373097806981221, -7.79252850397586 ], [ 110.373100497696043, -7.790719484170785 ] ] ] } },
{ "type": "Feature", "properties": { "hex_id": 273, "luas_km2": 0.1039, "poi_total": 18, "poi_kuliner": 8, "poi_peribadatan": 5, "poi_kesehatan": 1, "poi_pendidikan": 0, "poi_perkantoran": 0, "poi_pariwisata": 0, "poi_perdagangan": 1, "poi_transportasi": 3, "penduduk": 2053, "densitas_poi": 173.21, "densitas_penduduk": 19755.0, "skor_poi": 0.562, "skor_penduduk": 0.895, "skor_aktivitas": 0.728, "kelas_aktivitas": "Sangat Tinggi" }, "geometry": { "type": "Polygon", "coordinates": [ [ [ 110.376242218984601, -7.790724119956352 ], [ 110.374672699845377, -7.789817294741121 ], [ 110.373100497696043, -7.790719484170785 ], [ 110.373097806981221, -7.79252850397586 ], [ 110.374667331898166, -7.793435335441932 ], [ 110.376239541752227, -7.792533140850726 ], [ 110.376242218984601, -7.790724119956352 ] ] ] } },
{ "type": "Feature", "properties": { "hex_id": 274, "luas_km2": 0.1039, "poi_total": 8, "poi_kuliner": 1, "poi_peribadatan": 1, "poi_kesehatan": 3, "poi_pendidikan": 2, "poi_perkantoran": 0, "poi_pariwisata": 1, "poi_perdagangan": 0, "poi_transportasi": 0, "penduduk": 1624, "densitas_poi": 76.98, "densitas_penduduk": 15626.9, "skor_poi": 0.25, "skor_penduduk": 0.708, "skor_aktivitas": 0.479, "kelas_aktivitas": "Tinggi" }, "geometry": { "type": "Polygon", "coordinates": [ [ [ 110.379383942195332, -7.790728732454822 ], [ 110.377814415356198, -7.789821918339869 ], [ 110.376242218984601, -7.790724119956352 ], [ 110.376239541752227, -7.792533140850726 ], [ 110.377809074373928, -7.793439961213807 ], [ 110.37938127844545, -7.792537754433026 ], [ 110.379383942195332, -7.790728732454822 ] ] ] } },
{ "type": "Feature", "properties": { "hex_id": 275, "luas_km2": 0.1039, "poi_total": 3, "poi_kuliner": 0, "poi_peribadatan": 1, "poi_kesehatan": 1, "poi_pendidikan": 0, "poi_perkantoran": 0, "poi_pariwisata": 1, "poi_perdagangan": 0, "poi_transportasi": 0, "penduduk": 1108, "densitas_poi": 28.87, "densitas_penduduk": 10661.7, "skor_poi": 0.094, "skor_penduduk": 0.483, "skor_aktivitas": 0.288, "kelas_aktivitas": "Rendah" }, "geometry": { "type": "Polygon", "coordinates": [ [ [ 110.382525667318561, -7.790733321666127 ], [ 110.380956132784362, -7.789826518654221 ], [ 110.379383942195332, -7.790728732454822 ], [ 110.37938127844545, -7.792537754433026 ], [ 110.380950818767076, -7.793444563690344 ], [ 110.382523017051199, -7.792542344722687 ], [ 110.382525667318561, -7.790733321666127 ] ] ] } },
{ "type": "Feature", "properties": { "hex_id": 276, "luas_km2": 0.1039, "poi_total": 9, "poi_kuliner": 3, "poi_peribadatan": 2, "poi_kesehatan": 1, "poi_pendidikan": 1, "poi_perkantoran": 1, "poi_pariwisata": 1, "poi_perdagangan": 0, "poi_transportasi": 0, "penduduk": 1108, "densitas_poi": 86.6, "densitas_penduduk": 10661.7, "skor_poi": 0.281, "skor_penduduk": 0.483, "skor_aktivitas": 0.382, "kelas_aktivitas": "Sedang" }, "geometry": { "type": "Polygon", "coordinates": [ [ [ 110.385667394344608, -7.790737887590201 ], [ 110.384097852120135, -7.789831095684114 ], [ 110.382525667318561, -7.790733321666127 ], [ 110.382523017051199, -7.792542344722687 ], [ 110.384092565067959, -7.79344914287148 ], [ 110.385664757559809, -7.792546911719645 ], [ 110.385667394344608, -7.790737887590201 ] ] ] } },
{ "type": "Feature", "properties": { "hex_id": 277, "luas_km2": 0.1039, "poi_total": 12, "poi_kuliner": 4, "poi_peribadatan": 1, "poi_kesehatan": 6, "poi_pendidikan": 0, "poi_perkantoran": 1, "poi_pariwisata": 0, "poi_perdagangan": 0, "poi_transportasi": 0, "penduduk": 1108, "densitas_poi": 115.47, "densitas_penduduk": 10661.7, "skor_poi": 0.375, "skor_penduduk": 0.483, "skor_aktivitas": 0.429, "kelas_aktivitas": "Sedang" }, "geometry": { "type": "Polygon", "coordinates": [ [ [ 110.388809123263769, -7.790742430226977 ], [ 110.387239573353881, -7.789835649429476 ], [ 110.385667394344608, -7.790737887590201 ], [ 110.385664757559809, -7.792546911719645 ], [ 110.387234313266845, -7.793453698757138 ], [ 110.388806499961575, -7.792551455423833 ], [ 110.388809123263769, -7.790742430226977 ] ] ] } },
{ "type": "Feature", "properties": { "hex_id": 278, "luas_km2": 0.1039, "poi_total": 12, "poi_kuliner": 2, "poi_peribadatan": 2, "poi_kesehatan": 4, "poi_pendidikan": 3, "poi_perkantoran": 1, "poi_pariwisata": 0, "poi_perdagangan": 0, "poi_transportasi": 0, "penduduk": 1108, "densitas_poi": 115.47, "densitas_penduduk": 10661.7, "skor_poi": 0.375, "skor_penduduk": 0.483, "skor_aktivitas": 0.429, "kelas_aktivitas": "Sedang" }, "geometry": { "type": "Polygon", "coordinates": [ [ [ 110.391950854066408, -7.790746949576386 ], [ 110.390381296475866, -7.789840179890241 ], [ 110.388809123263769, -7.790742430226977 ], [ 110.388806499961575, -7.792551455423833 ], [ 110.390376063354111, -7.793458231347254 ], [ 110.391948244246834, -7.79255597583518 ], [ 110.391950854066408, -7.790746949576386 ] ] ] } },
{ "type": "Feature", "properties": { "hex_id": 279, "luas_km2": 0.1039, "poi_total": 10, "poi_kuliner": 3, "poi_peribadatan": 3, "poi_kesehatan": 3, "poi_pendidikan": 1, "poi_perkantoran": 0, "poi_pariwisata": 0, "poi_perdagangan": 0, "poi_transportasi": 0, "penduduk": 1050, "densitas_poi": 96.23, "densitas_penduduk": 10103.6, "skor_poi": 0.312, "skor_penduduk": 0.458, "skor_aktivitas": 0.385, "kelas_aktivitas": "Sedang" }, "geometry": { "type": "Polygon", "coordinates": [ [ [ 110.395092586742791, -7.790751445638357 ], [ 110.393523021476469, -7.789844687066338 ], [ 110.391950854066408, -7.790746949576386 ], [ 110.391948244246834, -7.79255597583518 ], [ 110.393517815320024, -7.79346274064176 ], [ 110.395089990405907, -7.792560472953617 ], [ 110.395092586742791, -7.790751445638357 ] ] ] } },
{ "type": "Feature", "properties": { "hex_id": 280, "luas_km2": 0.1039, "poi_total": 0, "poi_kuliner": 0, "poi_peribadatan": 0, "poi_kesehatan": 0, "poi_pendidikan": 0, "poi_perkantoran": 0, "poi_pariwisata": 0, "poi_perdagangan": 0, "poi_transportasi": 0, "penduduk": 309, "densitas_poi": 0.0, "densitas_penduduk": 2973.4, "skor_poi": 0.0, "skor_penduduk": 0.135, "skor_aktivitas": 0.068, "kelas_aktivitas": "Sangat Rendah" }, "geometry": { "type": "Polygon", "coordinates": [ [ [ 110.398234321283283, -7.790755918412821 ], [ 110.39666474834597, -7.789849170957702 ], [ 110.395092586742791, -7.790751445638357 ], [ 110.395089990405907, -7.792560472953617 ], [ 110.396659569154934, -7.79346722664059 ], [ 110.398231738429118, -7.792564946779081 ], [ 110.398234321283283, -7.790755918412821 ] ] ] } },
{ "type": "Feature", "properties": { "hex_id": 281, "luas_km2": 0.1039, "poi_total": 0, "poi_kuliner": 0, "poi_peribadatan": 0, "poi_kesehatan": 0, "poi_pendidikan": 0, "poi_perkantoran": 0, "poi_pariwisata": 0, "poi_perdagangan": 0, "poi_transportasi": 0, "penduduk": 0, "densitas_poi": 0.0, "densitas_penduduk": 0.0, "skor_poi": 0.0, "skor_penduduk": 0.0, "skor_aktivitas": 0.0, "kelas_aktivitas": "Sangat Rendah" }, "geometry": { "type": "Polygon", "coordinates": [ [ [ 110.349541836773113, -7.787970456027844 ], [ 110.347972392883818, -7.787063537306675 ], [ 110.346400152430917, -7.787965624008507 ], [ 110.346397348124057, -7.789774634566213 ], [ 110.347966797747347, -7.790681559559248 ], [ 110.349539045943501, -7.789779467721347 ], [ 110.349541836773113, -7.787970456027844 ] ] ] } },
{ "type": "Feature", "properties": { "hex_id": 282, "luas_km2": 0.1039, "poi_total": 6, "poi_kuliner": 1, "poi_peribadatan": 1, "poi_kesehatan": 2, "poi_pendidikan": 2, "poi_perkantoran": 0, "poi_pariwisata": 0, "poi_perdagangan": 0, "poi_transportasi": 0, "penduduk": 1198, "densitas_poi": 57.74, "densitas_penduduk": 11527.8, "skor_poi": 0.187, "skor_penduduk": 0.522, "skor_aktivitas": 0.355, "kelas_aktivitas": "Rendah" }, "geometry": { "type": "Polygon", "coordinates": [ [ [ 110.35268352311968, -7.787975264768898 ], [ 110.351114071491992, -7.787068357120353 ], [ 110.349541836773113, -7.787970456027844 ], [ 110.349539045943501, -7.789779467721347 ], [ 110.351108503310044, -7.790686381639045 ], [ 110.352680745767358, -7.789784277592726 ], [ 110.35268352311968, -7.787975264768898 ] ] ] } },
{ "type": "Feature", "properties": { "hex_id": 283, "luas_km2": 0.1039, "poi_total": 5, "poi_kuliner": 2, "poi_peribadatan": 1, "poi_kesehatan": 2, "poi_pendidikan": 0, "poi_perkantoran": 0, "poi_pariwisata": 0, "poi_perdagangan": 0, "poi_transportasi": 0, "penduduk": 1383, "densitas_poi": 48.11, "densitas_penduduk": 13307.9, "skor_poi": 0.156, "skor_penduduk": 0.603, "skor_aktivitas": 0.38, "kelas_aktivitas": "Sedang" }, "geometry": { "type": "Polygon", "coordinates": [ [ [ 110.355825211460953, -7.787980050231592 ], [ 110.354255752099689, -7.787073153658445 ], [ 110.35268352311968, -7.787975264768898 ], [ 110.352680745767358, -7.789784277592726 ], [ 110.354250210872365, -7.790691180432316 ], [ 110.355822447585993, -7.789789064180269 ], [ 110.355825211460953, -7.787980050231592 ] ] ] } },
{ "type": "Feature", "properties": { "hex_id": 284, "luas_km2": 0.1039, "poi_total": 16, "poi_kuliner": 3, "poi_peribadatan": 3, "poi_kesehatan": 4, "poi_pendidikan": 2, "poi_perkantoran": 3, "poi_pariwisata": 1, "poi_perdagangan": 0, "poi_transportasi": 0, "penduduk": 1846, "densitas_poi": 153.96, "densitas_penduduk": 17763.1, "skor_poi": 0.5, "skor_penduduk": 0.804, "skor_aktivitas": 0.652, "kelas_aktivitas": "Sangat Tinggi" }, "geometry": { "type": "Polygon", "coordinates": [ [ [ 110.358966901787269, -7.787984812415853 ], [ 110.357397434697219, -7.787077926920877 ], [ 110.355825211460967, -7.787980050231592 ], [ 110.355822447585993, -7.789789064180269 ], [ 110.357391920424618, -7.790695955938981 ], [ 110.358964151389657, -7.789793827483916 ], [ 110.358966901787269, -7.787984812415853 ] ] ] } },
{ "type": "Feature", "properties": { "hex_id": 285, "luas_km2": 0.1039, "poi_total": 11, "poi_kuliner": 3, "poi_peribadatan": 2, "poi_kesehatan": 3, "poi_pendidikan": 0, "poi_perkantoran": 3, "poi_pariwisata": 0, "poi_perdagangan": 0, "poi_transportasi": 0, "penduduk": 1841, "densitas_poi": 105.85, "densitas_penduduk": 17715.0, "skor_poi": 0.344, "skor_penduduk": 0.802, "skor_aktivitas": 0.573, "kelas_aktivitas": "Sangat Tinggi" }, "geometry": { "type": "Polygon", "coordinates": [ [ [ 110.362108594088937, -7.787989551321614 ], [ 110.360539119274932, -7.787082676907579 ], [ 110.358966901787269, -7.787984812415853 ], [ 110.358964151389671, -7.789793827483916 ], [ 110.360533631957125, -7.790700708158971 ], [ 110.362105857168743, -7.789798567503584 ], [ 110.362108594088937, -7.787989551321614 ] ] ] } },
{ "type": "Feature", "properties": { "hex_id": 286, "luas_km2": 0.1039, "poi_total": 13, "poi_kuliner": 6, "poi_peribadatan": 3, "poi_kesehatan": 1, "poi_pendidikan": 1, "poi_perkantoran": 0, "poi_pariwisata": 0, "poi_perdagangan": 0, "poi_transportasi": 2, "penduduk": 2090, "densitas_poi": 125.09, "densitas_penduduk": 20111.0, "skor_poi": 0.406, "skor_penduduk": 0.911, "skor_aktivitas": 0.659, "kelas_aktivitas": "Sangat Tinggi" }, "geometry": { "type": "Polygon", "coordinates": [ [ [ 110.365250288356265, -7.787994266948803 ], [ 110.363680805823122, -7.787087403618481 ], [ 110.362108594088937, -7.787989551321614 ], [ 110.362105857168743, -7.789798567503584 ], [ 110.363675345460194, -7.790705437092218 ], [ 110.365247564913531, -7.789803284239212 ], [ 110.365250288356265, -7.787994266948803 ] ] ] } },
{ "type": "Feature", "properties": { "hex_id": 287, "luas_km2": 0.1039, "poi_total": 17, "poi_kuliner": 9, "poi_peribadatan": 2, "poi_kesehatan": 3, "poi_pendidikan": 0, "poi_perkantoran": 0, "poi_pariwisata": 3, "poi_perdagangan": 0, "poi_transportasi": 0, "penduduk": 1799, "densitas_poi": 163.58, "densitas_penduduk": 17310.9, "skor_poi": 0.531, "skor_penduduk": 0.784, "skor_aktivitas": 0.658, "kelas_aktivitas": "Sangat Tinggi" }, "geometry": { "type": "Polygon", "coordinates": [ [ [ 110.368391984579588, -7.787998959297349 ], [ 110.366822494332126, -7.787092107053508 ], [ 110.365250288356265, -7.787994266948803 ], [ 110.365247564913531, -7.789803284239212 ], [ 110.366817060924163, -7.79071014273865 ], [ 110.368389274614358, -7.789807977690723 ], [ 110.368391984579588, -7.787998959297349 ] ] ] } },
{ "type": "Feature", "properties": { "hex_id": 288, "luas_km2": 0.1039, "poi_total": 9, "poi_kuliner": 2, "poi_peribadatan": 3, "poi_kesehatan": 3, "poi_pendidikan": 1, "poi_perkantoran": 0, "poi_pariwisata": 0, "poi_perdagangan": 0, "poi_transportasi": 0, "penduduk": 1198, "densitas_poi": 86.6, "densitas_penduduk": 11527.8, "skor_poi": 0.281, "skor_penduduk": 0.522, "skor_aktivitas": 0.402, "kelas_aktivitas": "Sedang" }, "geometry": { "type": "Polygon", "coordinates": [ [ [ 110.371533682749217, -7.788003628367181 ], [ 110.369964184792266, -7.787096787212595 ], [ 110.368391984579588, -7.787998959297349 ], [ 110.368389274614358, -7.789807977690723 ], [ 110.369958778339338, -7.790714825098197 ], [ 110.371530986261533, -7.789812647858048 ], [ 110.371533682749217, -7.788003628367181 ] ] ] } },
{ "type": "Feature", "properties": { "hex_id": 289, "luas_km2": 0.1039, "poi_total": 18, "poi_kuliner": 8, "poi_peribadatan": 2, "poi_kesehatan": 4, "poi_pendidikan": 0, "poi_perkantoran": 3, "poi_pariwisata": 1, "poi_perdagangan": 0, "poi_transportasi": 0, "penduduk": 1239, "densitas_poi": 173.21, "densitas_penduduk": 11922.3, "skor_poi": 0.562, "skor_penduduk": 0.54, "skor_aktivitas": 0.551, "kelas_aktivitas": "Sangat Tinggi" }, "geometry": { "type": "Polygon", "coordinates": [ [ [ 110.374675382855472, -7.788008274158229 ], [ 110.373105877193851, -7.787101444095667 ], [ 110.371533682749217, -7.788003628367181 ], [ 110.371530986261533, -7.789812647858048 ], [ 110.373100497696043, -7.790719484170785 ], [ 110.374672699845377, -7.789817294741121 ], [ 110.374675382855472, -7.788008274158229 ] ] ] } },
{ "type": "Feature", "properties": { "hex_id": 290, "luas_km2": 0.1039, "poi_total": 12, "poi_kuliner": 4, "poi_peribadatan": 2, "poi_kesehatan": 4, "poi_pendidikan": 1, "poi_perkantoran": 1, "poi_pariwisata": 0, "poi_perdagangan": 0, "poi_transportasi": 0, "penduduk": 1665, "densitas_poi": 115.47, "densitas_penduduk": 16021.5, "skor_poi": 0.375, "skor_penduduk": 0.725, "skor_aktivitas": 0.55, "kelas_aktivitas": "Sangat Tinggi" }, "geometry": { "type": "Polygon", "coordinates": [ [ [ 110.37781708488869, -7.788012896670429 ], [ 110.376247571527202, -7.78710607770266 ], [ 110.374675382855486, -7.788008274158229 ], [ 110.374672699845377, -7.789817294741121 ], [ 110.376242218984601, -7.790724119956352 ], [ 110.377814415356198, -7.789821918339869 ], [ 110.37781708488869, -7.788012896670429 ] ] ] } },
{ "type": "Feature", "properties": { "hex_id": 291, "luas_km2": 0.1039, "poi_total": 7, "poi_kuliner": 4, "poi_peribadatan": 2, "poi_kesehatan": 0, "poi_pendidikan": 0, "poi_perkantoran": 1, "poi_pariwisata": 0, "poi_perdagangan": 0, "poi_transportasi": 0, "penduduk": 1197, "densitas_poi": 67.36, "densitas_penduduk": 11518.1, "skor_poi": 0.219, "skor_penduduk": 0.522, "skor_aktivitas": 0.37, "kelas_aktivitas": "Sedang" }, "geometry": { "type": "Polygon", "coordinates": [ [ [ 110.38095878883918, -7.788017495903703 ], [ 110.379389267782642, -7.787110688033501 ], [ 110.37781708488869, -7.788012896670429 ], [ 110.377814415356212, -7.789821918339869 ], [ 110.379383942195332, -7.790728732454822 ], [ 110.380956132784362, -7.789826518654221 ], [ 110.38095878883918, -7.788017495903703 ] ] ] } },
{ "type": "Feature", "properties": { "hex_id": 292, "luas_km2": 0.1039, "poi_total": 4, "poi_kuliner": 1, "poi_peribadatan": 3, "poi_kesehatan": 0, "poi_pendidikan": 0, "poi_perkantoran": 0, "poi_pariwisata": 0, "poi_perdagangan": 0, "poi_transportasi": 0, "penduduk": 1108, "densitas_poi": 38.49, "densitas_penduduk": 10661.7, "skor_poi": 0.125, "skor_penduduk": 0.483, "skor_aktivitas": 0.304, "kelas_aktivitas": "Rendah" }, "geometry": { "type": "Polygon", "coordinates": [ [ [ 110.38410049469725, -7.78802207185799 ], [ 110.382530965950508, -7.787115275088121 ], [ 110.38095878883918, -7.788017495903703 ], [ 110.380956132784362, -7.789826518654221 ], [ 110.382525667318561, -7.790733321666127 ], [ 110.384097852120135, -7.789831095684114 ], [ 110.38410049469725, -7.78802207185799 ] ] ] } },
{ "type": "Feature", "properties": { "hex_id": 293, "luas_km2": 0.1039, "poi_total": 5, "poi_kuliner": 1, "poi_peribadatan": 2, "poi_kesehatan": 1, "poi_pendidikan": 1, "poi_perkantoran": 0, "poi_pariwisata": 0, "poi_perdagangan": 0, "poi_transportasi": 0, "penduduk": 1108, "densitas_poi": 48.11, "densitas_penduduk": 10661.7, "skor_poi": 0.156, "skor_penduduk": 0.483, "skor_aktivitas": 0.32, "kelas_aktivitas": "Rendah" }, "geometry": { "type": "Polygon", "coordinates": [ [ [ 110.387242202453237, -7.788026624533217 ], [ 110.385672666021094, -7.787119838866453 ], [ 110.38410049469725, -7.78802207185799 ], [ 110.384097852120135, -7.789831095684114 ], [ 110.385667394344608, -7.790737887590201 ], [ 110.387239573353881, -7.789835649429476 ], [ 110.387242202453237, -7.788026624533217 ] ] ] } },
{ "type": "Feature", "properties": { "hex_id": 294, "luas_km2": 0.1039, "poi_total": 9, "poi_kuliner": 2, "poi_peribadatan": 2, "poi_kesehatan": 1, "poi_pendidikan": 1, "poi_perkantoran": 2, "poi_pariwisata": 1, "poi_perdagangan": 0, "poi_transportasi": 0, "penduduk": 1108, "densitas_poi": 86.6, "densitas_penduduk": 10661.7, "skor_poi": 0.281, "skor_penduduk": 0.483, "skor_aktivitas": 0.382, "kelas_aktivitas": "Sedang" }, "geometry": { "type": "Polygon", "coordinates": [ [ [ 110.390383912097448, -7.788031153929317 ], [ 110.388814367984736, -7.78712437936843 ], [ 110.387242202453237, -7.788026624533217 ], [ 110.387239573353881, -7.789835649429476 ], [ 110.388809123263769, -7.790742430226977 ], [ 110.390381296475866, -7.789840179890241 ], [ 110.390383912097448, -7.788031153929317 ] ] ] } },
{ "type": "Feature", "properties": { "hex_id": 295, "luas_km2": 0.1039, "poi_total": 8, "poi_kuliner": 4, "poi_peribadatan": 1, "poi_kesehatan": 0, "poi_pendidikan": 1, "poi_perkantoran": 1, "poi_pariwisata": 0, "poi_perdagangan": 1, "poi_transportasi": 0, "penduduk": 1108, "densitas_poi": 76.98, "densitas_penduduk": 10661.7, "skor_poi": 0.25, "skor_penduduk": 0.483, "skor_aktivitas": 0.366, "kelas_aktivitas": "Sedang" }, "geometry": { "type": "Polygon", "coordinates": [ [ [ 110.393525623620235, -7.788035660046225 ], [ 110.391956071831743, -7.787128896593984 ], [ 110.390383912097448, -7.788031153929317 ], [ 110.390381296475866, -7.789840179890241 ], [ 110.391950854066408, -7.790746949576386 ], [ 110.393523021476469, -7.789844687066338 ], [ 110.393525623620235, -7.788035660046225 ] ] ] } },
{ "type": "Feature", "properties": { "hex_id": 296, "luas_km2": 0.1039, "poi_total": 6, "poi_kuliner": 2, "poi_peribadatan": 1, "poi_kesehatan": 3, "poi_pendidikan": 0, "poi_perkantoran": 0, "poi_pariwisata": 0, "poi_perdagangan": 0, "poi_transportasi": 0, "penduduk": 823, "densitas_poi": 57.74, "densitas_penduduk": 7919.3, "skor_poi": 0.187, "skor_penduduk": 0.359, "skor_aktivitas": 0.273, "kelas_aktivitas": "Rendah" }, "geometry": { "type": "Polygon", "coordinates": [ [ [ 110.396667337011877, -7.788040142883871 ], [ 110.395097777552465, -7.787133390543045 ], [ 110.393525623620235, -7.788035660046225 ], [ 110.393523021476469, -7.789844687066338 ], [ 110.395092586742791, -7.790751445638357 ], [ 110.39666474834597, -7.789849170957702 ], [ 110.396667337011877, -7.788040142883871 ] ] ] } },
{ "type": "Feature", "properties": { "hex_id": 297, "luas_km2": 0.1039, "poi_total": 1, "poi_kuliner": 0, "poi_peribadatan": 0, "poi_kesehatan": 0, "poi_pendidikan": 1, "poi_perkantoran": 0, "poi_pariwisata": 0, "poi_perdagangan": 0, "poi_transportasi": 0, "penduduk": 111, "densitas_poi": 9.62, "densitas_penduduk": 1068.1, "skor_poi": 0.031, "skor_penduduk": 0.048, "skor_aktivitas": 0.04, "kelas_aktivitas": "Sangat Rendah" }, "geometry": { "type": "Polygon", "coordinates": [ [ [ 110.399809052262725, -7.788044602442191 ], [ 110.398239485137182, -7.787137861215547 ], [ 110.396667337011877, -7.788040142883871 ], [ 110.39666474834597, -7.789849170957702 ], [ 110.398234321283283, -7.790755918412821 ], [ 110.399806477074719, -7.789853631564267 ], [ 110.399809052262725, -7.788044602442191 ] ] ] } },
{ "type": "Feature", "properties": { "hex_id": 298, "luas_km2": 0.1039, "poi_total": 0, "poi_kuliner": 0, "poi_peribadatan": 0, "poi_kesehatan": 0, "poi_pendidikan": 0, "poi_perkantoran": 0, "poi_pariwisata": 0, "poi_perdagangan": 0, "poi_transportasi": 0, "penduduk": 314, "densitas_poi": 0.0, "densitas_penduduk": 3021.5, "skor_poi": 0.0, "skor_penduduk": 0.137, "skor_aktivitas": 0.068, "kelas_aktivitas": "Sangat Rendah" }, "geometry": { "type": "Polygon", "coordinates": [ [ [ 110.351116854583196, -7.785259344628501 ], [ 110.349547416427953, -7.784352432175821 ], [ 110.347975189447467, -7.785254525947868 ], [ 110.347972392883818, -7.787063537306675 ], [ 110.349541836773113, -7.787970456027844 ], [ 110.351114071491992, -7.787068357120353 ], [ 110.351116854583196, -7.785259344628501 ] ] ] } },
{ "type": "Feature", "properties": { "hex_id": 299, "luas_km2": 0.1039, "poi_total": 9, "poi_kuliner": 2, "poi_peribadatan": 2, "poi_kesehatan": 0, "poi_pendidikan": 2, "poi_perkantoran": 2, "poi_pariwisata": 1, "poi_perdagangan": 0, "poi_transportasi": 0, "penduduk": 1313, "densitas_poi": 86.6, "densitas_penduduk": 12634.3, "skor_poi": 0.281, "skor_penduduk": 0.572, "skor_aktivitas": 0.426, "kelas_aktivitas": "Sedang" }, "geometry": { "type": "Polygon", "coordinates": [ [ [ 110.354258521718407, -7.785264140039015 ], [ 110.352689075829616, -7.78435723865625 ], [ 110.351116854583196, -7.785259344628501 ], [ 110.351114071491992, -7.787068357120353 ], [ 110.35268352311968, -7.787975264768898 ], [ 110.354255752099689, -7.787073153658445 ], [ 110.354258521718407, -7.785264140039015 ] ] ] } },
{ "type": "Feature", "properties": { "hex_id": 300, "luas_km2": 0.1039, "poi_total": 12, "poi_kuliner": 0, "poi_peribadatan": 4, "poi_kesehatan": 1, "poi_pendidikan": 5, "poi_perkantoran": 1, "poi_pariwisata": 1, "poi_perdagangan": 0, "poi_transportasi": 0, "penduduk": 1510, "densitas_poi": 115.47, "densitas_penduduk": 14530.0, "skor_poi": 0.375, "skor_penduduk": 0.658, "skor_aktivitas": 0.516, "kelas_aktivitas": "Tinggi" }, "geometry": { "type": "Polygon", "coordinates": [ [ [ 110.357400190843421, -7.785268912179345 ], [ 110.355830737225915, -7.784362021869269 ], [ 110.354258521718407, -7.785264140039015 ], [ 110.354255752099689, -7.787073153658445 ], [ 110.355825211460953, -7.787980050231592 ], [ 110.357397434697219, -7.787077926920877 ], [ 110.357400190843421, -7.785268912179345 ] ] ] } },
{ "type": "Feature", "properties": { "hex_id": 301, "luas_km2": 0.1039, "poi_total": 14, "poi_kuliner": 5, "poi_peribadatan": 1, "poi_kesehatan": 3, "poi_pendidikan": 2, "poi_perkantoran": 2, "poi_pariwisata": 1, "poi_perdagangan": 0, "poi_transportasi": 0, "penduduk": 1580, "densitas_poi": 134.72, "densitas_penduduk": 15203.6, "skor_poi": 0.437, "skor_penduduk": 0.688, "skor_aktivitas": 0.562, "kelas_aktivitas": "Sangat Tinggi" }, "geometry": { "type": "Polygon", "coordinates": [ [ [ 110.360541861948576, -7.785273661049416 ], [ 110.358972400607144, -7.784366781814797 ], [ 110.357400190843435, -7.785268912179345 ], [ 110.357397434697219, -7.787077926920877 ], [ 110.358966901787269, -7.787984812415853 ], [ 110.360539119274918, -7.787082676907579 ], [ 110.360541861948576, -7.785273661049416 ] ] ] } },
{ "type": "Feature", "properties": { "hex_id": 302, "luas_km2": 0.1039, "poi_total": 10, "poi_kuliner": 1, "poi_peribadatan": 2, "poi_kesehatan": 1, "poi_pendidikan": 3, "poi_perkantoran": 3, "poi_pariwisata": 0, "poi_perdagangan": 0, "poi_transportasi": 0, "penduduk": 1592, "densitas_poi": 96.23, "densitas_penduduk": 15319.0, "skor_poi": 0.312, "skor_penduduk": 0.694, "skor_aktivitas": 0.503, "kelas_aktivitas": "Tinggi" }, "geometry": { "type": "Polygon", "coordinates": [ [ [ 110.36368353502418, -7.785278386649154 ], [ 110.362114065963652, -7.784371518492767 ], [ 110.360541861948576, -7.785273661049416 ], [ 110.360539119274932, -7.787082676907579 ], [ 110.362108594088937, -7.787989551321614 ], [ 110.363680805823122, -7.787087403618481 ], [ 110.36368353502418, -7.785278386649154 ] ] ] } },
{ "type": "Feature", "properties": { "hex_id": 303, "luas_km2": 0.1039, "poi_total": 16, "poi_kuliner": 7, "poi_peribadatan": 1, "poi_kesehatan": 3, "poi_pendidikan": 3, "poi_perkantoran": 2, "poi_pariwisata": 0, "poi_perdagangan": 0, "poi_transportasi": 0, "penduduk": 1604, "densitas_poi": 153.96, "densitas_penduduk": 15434.5, "skor_poi": 0.5, "skor_penduduk": 0.699, "skor_aktivitas": 0.599, "kelas_aktivitas": "Sangat Tinggi" }, "geometry": { "type": "Polygon", "coordinates": [ [ [ 110.36682521006054, -7.785283088978496 ], [ 110.36525573328575, -7.784376231903109 ], [ 110.36368353502418, -7.785278386649154 ], [ 110.363680805823122, -7.787087403618481 ], [ 110.365250288356265, -7.787994266948803 ], [ 110.366822494332126, -7.787092107053508 ], [ 110.36682521006054, -7.785283088978496 ] ] ] } },
{ "type": "Feature", "properties": { "hex_id": 304, "luas_km2": 0.1039, "poi_total": 19, "poi_kuliner": 6, "poi_peribadatan": 6, "poi_kesehatan": 0, "poi_pendidikan": 6, "poi_perkantoran": 0, "poi_pariwisata": 1, "poi_perdagangan": 0, "poi_transportasi": 0, "penduduk": 1392, "densitas_poi": 182.83, "densitas_penduduk": 13394.5, "skor_poi": 0.594, "skor_penduduk": 0.607, "skor_aktivitas": 0.6, "kelas_aktivitas": "Sangat Tinggi" }, "geometry": { "type": "Polygon", "coordinates": [ [ [ 110.369966887047994, -7.785287768037366 ], [ 110.368397402563744, -7.784380922045749 ], [ 110.36682521006054, -7.785283088978496 ], [ 110.366822494332126, -7.787092107053508 ], [ 110.368391984579588, -7.787998959297349 ], [ 110.369964184792266, -7.787096787212595 ], [ 110.369966887047994, -7.785287768037366 ] ] ] } },
{ "type": "Feature", "properties": { "hex_id": 305, "luas_km2": 0.1039, "poi_total": 6, "poi_kuliner": 4, "poi_peribadatan": 0, "poi_kesehatan": 1, "poi_pendidikan": 1, "poi_perkantoran": 0, "poi_pariwisata": 0, "poi_perdagangan": 0, "poi_transportasi": 0, "penduduk": 1108, "densitas_poi": 57.74, "densitas_penduduk": 10661.7, "skor_poi": 0.187, "skor_penduduk": 0.483, "skor_aktivitas": 0.335, "kelas_aktivitas": "Rendah" }, "geometry": { "type": "Polygon", "coordinates": [ [ [ 110.37310856597685, -7.785292423825695 ], [ 110.371539073787957, -7.784385588920621 ], [ 110.369966887047994, -7.785287768037366 ], [ 110.369964184792266, -7.787096787212595 ], [ 110.371533682749217, -7.788003628367181 ], [ 110.373105877193851, -7.787101444095667 ], [ 110.37310856597685, -7.785292423825695 ] ] ] } },
{ "type": "Feature", "properties": { "hex_id": 306, "luas_km2": 0.1039, "poi_total": 22, "poi_kuliner": 8, "poi_peribadatan": 2, "poi_kesehatan": 4, "poi_pendidikan": 7, "poi_perkantoran": 0, "poi_pariwisata": 1, "poi_perdagangan": 0, "poi_transportasi": 0, "penduduk": 1108, "densitas_poi": 211.7, "densitas_penduduk": 10661.7, "skor_poi": 0.688, "skor_penduduk": 0.483, "skor_aktivitas": 0.585, "kelas_aktivitas": "Sangat Tinggi" }, "geometry": { "type": "Polygon", "coordinates": [ [ [ 110.376250246837444, -7.785297056343413 ], [ 110.374680746948741, -7.784390232527652 ], [ 110.373108565976864, -7.785292423825695 ], [ 110.373105877193851, -7.787101444095667 ], [ 110.374675382855472, -7.788008274158229 ], [ 110.376247571527202, -7.78710607770266 ], [ 110.376250246837444, -7.785297056343413 ] ] ] } },
{ "type": "Feature", "properties": { "hex_id": 307, "luas_km2": 0.1039, "poi_total": 11, "poi_kuliner": 2, "poi_peribadatan": 1, "poi_kesehatan": 6, "poi_pendidikan": 1, "poi_perkantoran": 1, "poi_pariwisata": 0, "poi_perdagangan": 0, "poi_transportasi": 0, "penduduk": 1108, "densitas_poi": 105.85, "densitas_penduduk": 10661.7, "skor_poi": 0.344, "skor_penduduk": 0.483, "skor_aktivitas": 0.414, "kelas_aktivitas": "Sedang" }, "geometry": { "type": "Polygon", "coordinates": [ [ [ 110.379391929620098, -7.785301665590454 ], [ 110.377822422036374, -7.784394852866774 ], [ 110.376250246837444, -7.785297056343413 ], [ 110.376247571527202, -7.78710607770266 ], [ 110.37781708488869, -7.788012896670429 ], [ 110.379389267782642, -7.787110688033501 ], [ 110.379391929620098, -7.785301665590454 ] ] ] } },
{ "type": "Feature", "properties": { "hex_id": 308, "luas_km2": 0.1039, "poi_total": 9, "poi_kuliner": 5, "poi_peribadatan": 3, "poi_kesehatan": 0, "poi_pendidikan": 1, "poi_perkantoran": 0, "poi_pariwisata": 0, "poi_perdagangan": 0, "poi_transportasi": 0, "penduduk": 1108, "densitas_poi": 86.6, "densitas_penduduk": 10661.7, "skor_poi": 0.281, "skor_penduduk": 0.483, "skor_aktivitas": 0.382, "kelas_aktivitas": "Sedang" }, "geometry": { "type": "Polygon", "coordinates": [ [ [ 110.382533614315093, -7.785306251566747 ], [ 110.380964099041222, -7.78439944993792 ], [ 110.379391929620098, -7.785301665590454 ], [ 110.379389267782642, -7.787110688033501 ], [ 110.38095878883918, -7.788017495903703 ], [ 110.382530965950508, -7.787115275088121 ], [ 110.382533614315093, -7.785306251566747 ] ] ] } },
{ "type": "Feature", "properties": { "hex_id": 309, "luas_km2": 0.1039, "poi_total": 4, "poi_kuliner": 1, "poi_peribadatan": 0, "poi_kesehatan": 1, "poi_pendidikan": 2, "poi_perkantoran": 0, "poi_pariwisata": 0, "poi_perdagangan": 0, "poi_transportasi": 0, "penduduk": 1108, "densitas_poi": 38.49, "densitas_penduduk": 10661.7, "skor_poi": 0.125, "skor_penduduk": 0.483, "skor_aktivitas": 0.304, "kelas_aktivitas": "Rendah" }, "geometry": { "type": "Polygon", "coordinates": [ [ [ 110.385675300912794, -7.785310814272221 ], [ 110.384105777953579, -7.784404023741021 ], [ 110.382533614315093, -7.785306251566747 ], [ 110.382530965950508, -7.787115275088121 ], [ 110.38410049469725, -7.78802207185799 ], [ 110.385672666021094, -7.787119838866453 ], [ 110.385675300912794, -7.785310814272221 ] ] ] } },
{ "type": "Feature", "properties": { "hex_id": 310, "luas_km2": 0.1039, "poi_total": 11, "poi_kuliner": 3, "poi_peribadatan": 2, "poi_kesehatan": 2, "poi_pendidikan": 2, "poi_perkantoran": 1, "poi_pariwisata": 1, "poi_perdagangan": 0, "poi_transportasi": 0, "penduduk": 1108, "densitas_poi": 105.85, "densitas_penduduk": 10661.7, "skor_poi": 0.344, "skor_penduduk": 0.483, "skor_aktivitas": 0.414, "kelas_aktivitas": "Sedang" }, "geometry": { "type": "Polygon", "coordinates": [ [ [ 110.388816989403537, -7.785315353706812 ], [ 110.387247458763753, -7.784408574276004 ], [ 110.385675300912808, -7.785310814272221 ], [ 110.385672666021094, -7.787119838866453 ], [ 110.387242202453237, -7.788026624533217 ], [ 110.388814367984736, -7.78712437936843 ], [ 110.388816989403537, -7.785315353706812 ] ] ] } },
{ "type": "Feature", "properties": { "hex_id": 311, "luas_km2": 0.1039, "poi_total": 5, "poi_kuliner": 2, "poi_peribadatan": 2, "poi_kesehatan": 0, "poi_pendidikan": 0, "poi_perkantoran": 1, "poi_pariwisata": 0, "poi_perdagangan": 0, "poi_transportasi": 0, "penduduk": 1108, "densitas_poi": 48.11, "densitas_penduduk": 10661.7, "skor_poi": 0.156, "skor_penduduk": 0.483, "skor_aktivitas": 0.32, "kelas_aktivitas": "Rendah" }, "geometry": { "type": "Polygon", "coordinates": [ [ [ 110.391958679777588, -7.785319869870452 ], [ 110.39038914146208, -7.784413101542805 ], [ 110.388816989403537, -7.785315353706812 ], [ 110.388814367984736, -7.78712437936843 ], [ 110.390383912097448, -7.788031153929317 ], [ 110.391956071831743, -7.787128896593984 ], [ 110.391958679777588, -7.785319869870452 ] ] ] } },
{ "type": "Feature", "properties": { "hex_id": 312, "luas_km2": 0.1039, "poi_total": 2, "poi_kuliner": 0, "poi_peribadatan": 1, "poi_kesehatan": 0, "poi_pendidikan": 1, "poi_perkantoran": 0, "poi_pariwisata": 0, "poi_perdagangan": 0, "poi_transportasi": 0, "penduduk": 425, "densitas_poi": 19.25, "densitas_penduduk": 4089.6, "skor_poi": 0.062, "skor_penduduk": 0.185, "skor_aktivitas": 0.124, "kelas_aktivitas": "Sangat Rendah" }, "geometry": { "type": "Polygon", "coordinates": [ [ [ 110.395100372025283, -7.785324362763069 ], [ 110.393530826038898, -7.784417605541356 ], [ 110.391958679777588, -7.785319869870452 ], [ 110.391956071831743, -7.787128896593984 ], [ 110.393525623620235, -7.788035660046225 ], [ 110.395097777552465, -7.787133390543045 ], [ 110.395100372025283, -7.785324362763069 ] ] ] } },
{ "type": "Feature", "properties": { "hex_id": 313, "luas_km2": 0.1039, "poi_total": 1, "poi_kuliner": 0, "poi_peribadatan": 1, "poi_kesehatan": 0, "poi_pendidikan": 0, "poi_perkantoran": 0, "poi_pariwisata": 0, "poi_perdagangan": 0, "poi_transportasi": 0, "penduduk": 935, "densitas_poi": 9.62, "densitas_penduduk": 8997.0, "skor_poi": 0.031, "skor_penduduk": 0.407, "skor_aktivitas": 0.219, "kelas_aktivitas": "Sangat Rendah" }, "geometry": { "type": "Polygon", "coordinates": [ [ [ 110.352691851187274, -7.782548225367512 ], [ 110.351122418766124, -7.781641319179948 ], [ 110.349550205253223, -7.782543420017376 ], [ 110.349547416427953, -7.784352432175821 ], [ 110.351116854583196, -7.785259344628501 ], [ 110.352689075829616, -7.78435723865625 ], [ 110.352691851187274, -7.782548225367512 ] ] ] } },
{ "type": "Feature", "properties": { "hex_id": 314, "luas_km2": 0.1039, "poi_total": 7, "poi_kuliner": 0, "poi_peribadatan": 0, "poi_kesehatan": 2, "poi_pendidikan": 3, "poi_perkantoran": 2, "poi_pariwisata": 0, "poi_perdagangan": 0, "poi_transportasi": 0, "penduduk": 1313, "densitas_poi": 67.36, "densitas_penduduk": 12634.3, "skor_poi": 0.219, "skor_penduduk": 0.572, "skor_aktivitas": 0.395, "kelas_aktivitas": "Sedang" }, "geometry": { "type": "Polygon", "coordinates": [ [ [ 110.355833499115917, -7.782553007455701 ], [ 110.354264058966066, -7.781646112335344 ], [ 110.352691851187274, -7.782548225367512 ], [ 110.352689075829616, -7.78435723865625 ], [ 110.354258521718407, -7.785264140039015 ], [ 110.355830737225915, -7.784362021869269 ], [ 110.355833499115917, -7.782553007455701 ] ] ] } },
{ "type": "Feature", "properties": { "hex_id": 315, "luas_km2": 0.1039, "poi_total": 15, "poi_kuliner": 3, "poi_peribadatan": 4, "poi_kesehatan": 1, "poi_pendidikan": 2, "poi_perkantoran": 2, "poi_pariwisata": 2, "poi_perdagangan": 1, "poi_transportasi": 0, "penduduk": 1513, "densitas_poi": 144.34, "densitas_penduduk": 14558.8, "skor_poi": 0.469, "skor_penduduk": 0.659, "skor_aktivitas": 0.564, "kelas_aktivitas": "Sangat Tinggi" }, "geometry": { "type": "Polygon", "coordinates": [ [ [ 110.358975149029462, -7.782557766281875 ], [ 110.357405701155741, -7.781650882231494 ], [ 110.355833499115917, -7.782553007455701 ], [ 110.355830737225915, -7.784362021869269 ], [ 110.357400190843435, -7.785268912179345 ], [ 110.358972400607144, -7.784366781814797 ], [ 110.358975149029462, -7.782557766281875 ] ] ] } },
{ "type": "Feature", "properties": { "hex_id": 316, "luas_km2": 0.1039, "poi_total": 14, "poi_kuliner": 6, "poi_peribadatan": 3, "poi_kesehatan": 2, "poi_pendidikan": 2, "poi_perkantoran": 1, "poi_pariwisata": 0, "poi_perdagangan": 0, "poi_transportasi": 0, "penduduk": 1580, "densitas_poi": 134.72, "densitas_penduduk": 15203.6, "skor_poi": 0.437, "skor_penduduk": 0.688, "skor_aktivitas": 0.562, "kelas_aktivitas": "Sangat Tinggi" }, "geometry": { "type": "Polygon", "coordinates": [ [ [ 110.362116800918216, -7.782562501845965 ], [ 110.360547345325443, -7.78165562886833 ], [ 110.358975149029462, -7.782557766281875 ], [ 110.358972400607158, -7.784366781814797 ], [ 110.360541861948576, -7.785273661049416 ], [ 110.362114065963652, -7.784371518492767 ], [ 110.362116800918216, -7.782562501845965 ] ] ] } },
{ "type": "Feature", "properties": { "hex_id": 317, "luas_km2": 0.1039, "poi_total": 23, "poi_kuliner": 8, "poi_peribadatan": 2, "poi_kesehatan": 12, "poi_pendidikan": 1, "poi_perkantoran": 0, "poi_pariwisata": 0, "poi_perdagangan": 0, "poi_transportasi": 0, "penduduk": 1580, "densitas_poi": 221.32, "densitas_penduduk": 15203.6, "skor_poi": 0.719, "skor_penduduk": 0.688, "skor_aktivitas": 0.704, "kelas_aktivitas": "Sangat Tinggi" }, "geometry": { "type": "Polygon", "coordinates": [ [ [ 110.365258454772516, -7.782567214147893 ], [ 110.363688991465523, -7.781660352245776 ], [ 110.362116800918216, -7.782562501845965 ], [ 110.362114065963652, -7.784371518492767 ], [ 110.36368353502418, -7.785278386649154 ], [ 110.36525573328575, -7.784376231903109 ], [ 110.365258454772516, -7.782567214147893 ] ] ] } },
{ "type": "Feature", "properties": { "hex_id": 318, "luas_km2": 0.1039, "poi_total": 25, "poi_kuliner": 13, "poi_peribadatan": 2, "poi_kesehatan": 6, "poi_pendidikan": 1, "poi_perkantoran": 1, "poi_pariwisata": 0, "poi_perdagangan": 2, "poi_transportasi": 0, "penduduk": 1580, "densitas_poi": 240.56, "densitas_penduduk": 15203.6, "skor_poi": 0.781, "skor_penduduk": 0.688, "skor_aktivitas": 0.734, "kelas_aktivitas": "Sangat Tinggi" }, "geometry": { "type": "Polygon", "coordinates": [ [ [ 110.368400110582698, -7.782571903187597 ], [ 110.366830639566288, -7.781665052363769 ], [ 110.365258454772516, -7.782567214147893 ], [ 110.36525573328575, -7.784376231903109 ], [ 110.36682521006054, -7.785283088978496 ], [ 110.368397402563744, -7.784380922045749 ], [ 110.368400110582698, -7.782571903187597 ] ] ] } },
{ "type": "Feature", "properties": { "hex_id": 319, "luas_km2": 0.1039, "poi_total": 9, "poi_kuliner": 4, "poi_peribadatan": 2, "poi_kesehatan": 0, "poi_pendidikan": 2, "poi_perkantoran": 0, "poi_pariwisata": 1, "poi_perdagangan": 0, "poi_transportasi": 0, "penduduk": 1478, "densitas_poi": 86.6, "densitas_penduduk": 14222.1, "skor_poi": 0.281, "skor_penduduk": 0.644, "skor_aktivitas": 0.462, "kelas_aktivitas": "Tinggi" }, "geometry": { "type": "Polygon", "coordinates": [ [ [ 110.371541768339071, -7.782576568965 ], [ 110.369972289618062, -7.781669729222232 ], [ 110.368400110582698, -7.782571903187597 ], [ 110.368397402563744, -7.784380922045749 ], [ 110.369966887047994, -7.785287768037366 ], [ 110.371539073787957, -7.784385588920621 ], [ 110.371541768339071, -7.782576568965 ] ] ] } },
{ "type": "Feature", "properties": { "hex_id": 320, "luas_km2": 0.1039, "poi_total": 24, "poi_kuliner": 9, "poi_peribadatan": 3, "poi_kesehatan": 8, "poi_pendidikan": 3, "poi_perkantoran": 1, "poi_pariwisata": 0, "poi_perdagangan": 0, "poi_transportasi": 0, "penduduk": 1108, "densitas_poi": 230.94, "densitas_penduduk": 10661.7, "skor_poi": 0.75, "skor_penduduk": 0.483, "skor_aktivitas": 0.616, "kelas_aktivitas": "Sangat Tinggi" }, "geometry": { "type": "Polygon", "coordinates": [ [ [ 110.374683428031929, -7.782581211480037 ], [ 110.373113941611152, -7.7816743828211 ], [ 110.371541768339071, -7.782576568965 ], [ 110.371539073787957, -7.784385588920621 ], [ 110.373108565976864, -7.785292423825695 ], [ 110.374680746948741, -7.784390232527652 ], [ 110.374683428031929, -7.782581211480037 ] ] ] } },
{ "type": "Feature", "properties": { "hex_id": 321, "luas_km2": 0.1039, "poi_total": 18, "poi_kuliner": 2, "poi_peribadatan": 0, "poi_kesehatan": 10, "poi_pendidikan": 3, "poi_perkantoran": 0, "poi_pariwisata": 3, "poi_perdagangan": 0, "poi_transportasi": 0, "penduduk": 1108, "densitas_poi": 173.21, "densitas_penduduk": 10661.7, "skor_poi": 0.562, "skor_penduduk": 0.483, "skor_aktivitas": 0.522, "kelas_aktivitas": "Tinggi" }, "geometry": { "type": "Polygon", "coordinates": [ [ [ 110.377825089651637, -7.782585830732637 ], [ 110.376255595535895, -7.781679013160301 ], [ 110.374683428031929, -7.782581211480037 ], [ 110.374680746948741, -7.784390232527652 ], [ 110.376250246837444, -7.785297056343413 ], [ 110.377822422036374, -7.784394852866774 ], [ 110.377825089651637, -7.782585830732637 ] ] ] } },
{ "type": "Feature", "properties": { "hex_id": 322, "luas_km2": 0.1039, "poi_total": 15, "poi_kuliner": 7, "poi_peribadatan": 2, "poi_kesehatan": 5, "poi_pendidikan": 1, "poi_perkantoran": 0, "poi_pariwisata": 0, "poi_perdagangan": 0, "poi_transportasi": 0, "penduduk": 1108, "densitas_poi": 144.34, "densitas_penduduk": 10661.7, "skor_poi": 0.469, "skor_penduduk": 0.483, "skor_aktivitas": 0.476, "kelas_aktivitas": "Tinggi" }, "geometry": { "type": "Polygon", "coordinates": [ [ [ 110.380966753188488, -7.782590426722731 ], [ 110.379397251382599, -7.781683620239765 ], [ 110.377825089651637, -7.782585830732637 ], [ 110.377822422036374, -7.784394852866774 ], [ 110.379391929620098, -7.785301665590454 ], [ 110.380964099041222, -7.78439944993792 ], [ 110.380966753188488, -7.782590426722731 ] ] ] } },
{ "type": "Feature", "properties": { "hex_id": 323, "luas_km2": 0.1039, "poi_total": 7, "poi_kuliner": 2, "poi_peribadatan": 2, "poi_kesehatan": 2, "poi_pendidikan": 1, "poi_perkantoran": 0, "poi_pariwisata": 0, "poi_perdagangan": 0, "poi_transportasi": 0, "penduduk": 1108, "densitas_poi": 67.36, "densitas_penduduk": 10661.7, "skor_poi": 0.219, "skor_penduduk": 0.483, "skor_aktivitas": 0.351, "kelas_aktivitas": "Rendah" }, "geometry": { "type": "Polygon", "coordinates": [ [ [ 110.38410841863282, -7.78259499945025 ], [ 110.382538909141616, -7.781688204059426 ], [ 110.380966753188488, -7.782590426722731 ], [ 110.380964099041222, -7.78439944993792 ], [ 110.382533614315093, -7.785306251566747 ], [ 110.384105777953579, -7.784404023741021 ], [ 110.38410841863282, -7.78259499945025 ] ] ] } },
{ "type": "Feature", "properties": { "hex_id": 324, "luas_km2": 0.1039, "poi_total": 20, "poi_kuliner": 5, "poi_peribadatan": 2, "poi_kesehatan": 6, "poi_pendidikan": 3, "poi_perkantoran": 3, "poi_pariwisata": 1, "poi_perdagangan": 0, "poi_transportasi": 0, "penduduk": 1108, "densitas_poi": 192.45, "densitas_penduduk": 10661.7, "skor_poi": 0.625, "skor_penduduk": 0.483, "skor_aktivitas": 0.554, "kelas_aktivitas": "Sangat Tinggi" }, "geometry": { "type": "Polygon", "coordinates": [ [ [ 110.387250085974927, -7.782599548915124 ], [ 110.385680568803238, -7.781692764619212 ], [ 110.38410841863282, -7.78259499945025 ], [ 110.384105777953579, -7.784404023741021 ], [ 110.385675300912808, -7.785310814272221 ], [ 110.387247458763753, -7.784408574276004 ], [ 110.387250085974927, -7.782599548915124 ] ] ] } },
{ "type": "Feature", "properties": { "hex_id": 325, "luas_km2": 0.1039, "poi_total": 12, "poi_kuliner": 3, "poi_peribadatan": 1, "poi_kesehatan": 7, "poi_pendidikan": 0, "poi_perkantoran": 0, "poi_pariwisata": 1, "poi_perdagangan": 0, "poi_transportasi": 0, "penduduk": 1108, "densitas_poi": 115.47, "densitas_penduduk": 10661.7, "skor_poi": 0.375, "skor_penduduk": 0.483, "skor_aktivitas": 0.429, "kelas_aktivitas": "Sedang" }, "geometry": { "type": "Polygon", "coordinates": [ [ [ 110.390391755205144, -7.782604075117289 ], [ 110.388822230357775, -7.781697301919058 ], [ 110.387250085974927, -7.782599548915124 ], [ 110.387247458763753, -7.784408574276004 ], [ 110.388816989403537, -7.785315353706812 ], [ 110.39038914146208, -7.784413101542805 ], [ 110.390391755205144, -7.782604075117289 ] ] ] } },
{ "type": "Feature", "properties": { "hex_id": 326, "luas_km2": 0.1039, "poi_total": 10, "poi_kuliner": 5, "poi_peribadatan": 1, "poi_kesehatan": 1, "poi_pendidikan": 1, "poi_perkantoran": 0, "poi_pariwisata": 2, "poi_perdagangan": 0, "poi_transportasi": 0, "penduduk": 488, "densitas_poi": 96.23, "densitas_penduduk": 4695.8, "skor_poi": 0.312, "skor_penduduk": 0.213, "skor_aktivitas": 0.262, "kelas_aktivitas": "Rendah" }, "geometry": { "type": "Polygon", "coordinates": [ [ [ 110.393533426313823, -7.782608578056676 ], [ 110.391963893795591, -7.781701815958894 ], [ 110.390391755205144, -7.782604075117289 ], [ 110.39038914146208, -7.784413101542805 ], [ 110.391958679777588, -7.785319869870452 ], [ 110.393530826038898, -7.784417605541356 ], [ 110.393533426313823, -7.782608578056676 ] ] ] } },
{ "type": "Feature", "properties": { "hex_id": 327, "luas_km2": 0.1039, "poi_total": 0, "poi_kuliner": 0, "poi_peribadatan": 0, "poi_kesehatan": 0, "poi_pendidikan": 0, "poi_perkantoran": 0, "poi_pariwisata": 0, "poi_perdagangan": 0, "poi_transportasi": 0, "penduduk": 18, "densitas_poi": 0.0, "densitas_penduduk": 173.2, "skor_poi": 0.0, "skor_penduduk": 0.008, "skor_aktivitas": 0.004, "kelas_aktivitas": "Sangat Rendah" }, "geometry": { "type": "Polygon", "coordinates": [ [ [ 110.351125199857876, -7.779832306223325 ], [ 110.349555780899507, -7.778925395235783 ], [ 110.347983575120097, -7.779827490941775 ], [ 110.347980780565578, -7.78163650276538 ], [ 110.349550205253223, -7.782543420017376 ], [ 110.351122418766124, -7.781641319179948 ], [ 110.351125199857876, -7.779832306223325 ] ] ] } },
{ "type": "Feature", "properties": { "hex_id": 328, "luas_km2": 0.1039, "poi_total": 17, "poi_kuliner": 7, "poi_peribadatan": 4, "poi_kesehatan": 5, "poi_pendidikan": 1, "poi_perkantoran": 0, "poi_pariwisata": 0, "poi_perdagangan": 0, "poi_transportasi": 0, "penduduk": 1274, "densitas_poi": 163.58, "densitas_penduduk": 12259.1, "skor_poi": 0.531, "skor_penduduk": 0.555, "skor_aktivitas": 0.543, "kelas_aktivitas": "Tinggi" }, "geometry": { "type": "Polygon", "coordinates": [ [ [ 110.354266826595037, -7.779837098251172 ], [ 110.352697399908024, -7.778930198325352 ], [ 110.35112519985789, -7.779832306223325 ], [ 110.351122418766124, -7.781641319179948 ], [ 110.352691851187274, -7.782548225367512 ], [ 110.354264058966066, -7.781646112335344 ], [ 110.354266826595037, -7.779837098251172 ] ] ] } },
{ "type": "Feature", "properties": { "hex_id": 329, "luas_km2": 0.1039, "poi_total": 12, "poi_kuliner": 3, "poi_peribadatan": 2, "poi_kesehatan": 1, "poi_pendidikan": 1, "poi_perkantoran": 5, "poi_pariwisata": 0, "poi_perdagangan": 0, "poi_transportasi": 0, "penduduk": 1313, "densitas_poi": 115.47, "densitas_penduduk": 12634.3, "skor_poi": 0.375, "skor_penduduk": 0.572, "skor_aktivitas": 0.474, "kelas_aktivitas": "Tinggi" }, "geometry": { "type": "Polygon", "coordinates": [ [ [ 110.357408455321874, -7.779841867025248 ], [ 110.35583902091102, -7.77893497816392 ], [ 110.354266826595037, -7.779837098251172 ], [ 110.354264058966066, -7.781646112335344 ], [ 110.355833499115917, -7.782553007455701 ], [ 110.357405701155727, -7.781650882231494 ], [ 110.357408455321874, -7.779841867025248 ] ] ] } },
{ "type": "Feature", "properties": { "hex_id": 330, "luas_km2": 0.1039, "poi_total": 6, "poi_kuliner": 0, "poi_peribadatan": 4, "poi_kesehatan": 0, "poi_pendidikan": 0, "poi_perkantoran": 2, "poi_pariwisata": 0, "poi_perdagangan": 0, "poi_transportasi": 0, "penduduk": 1476, "densitas_poi": 57.74, "densitas_penduduk": 14202.8, "skor_poi": 0.187, "skor_penduduk": 0.643, "skor_aktivitas": 0.415, "kelas_aktivitas": "Sedang" }, "geometry": { "type": "Polygon", "coordinates": [ [ [ 110.360550086028709, -7.779846612545479 ], [ 110.358980643898832, -7.778939734751416 ], [ 110.357408455321874, -7.779841867025248 ], [ 110.357405701155741, -7.781650882231494 ], [ 110.358975149029462, -7.782557766281875 ], [ 110.360547345325443, -7.78165562886833 ], [ 110.360550086028709, -7.779846612545479 ] ] ] } },
{ "type": "Feature", "properties": { "hex_id": 331, "luas_km2": 0.1039, "poi_total": 12, "poi_kuliner": 4, "poi_peribadatan": 2, "poi_kesehatan": 6, "poi_pendidikan": 0, "poi_perkantoran": 0, "poi_pariwisata": 0, "poi_perdagangan": 0, "poi_transportasi": 0, "penduduk": 1505, "densitas_poi": 115.47, "densitas_penduduk": 14481.9, "skor_poi": 0.375, "skor_penduduk": 0.656, "skor_aktivitas": 0.516, "kelas_aktivitas": "Tinggi" }, "geometry": { "type": "Polygon", "coordinates": [ [ [ 110.363691718705851, -7.779851334811795 ], [ 110.362122268861796, -7.778944468087769 ], [ 110.360550086028709, -7.779846612545479 ], [ 110.360547345325443, -7.78165562886833 ], [ 110.362116800918216, -7.782562501845965 ], [ 110.363688991465523, -7.781660352245776 ], [ 110.363691718705851, -7.779851334811795 ] ] ] } },
{ "type": "Feature", "properties": { "hex_id": 332, "luas_km2": 0.1039, "poi_total": 31, "poi_kuliner": 7, "poi_peribadatan": 6, "poi_kesehatan": 10, "poi_pendidikan": 5, "poi_perkantoran": 1, "poi_pariwisata": 2, "poi_perdagangan": 0, "poi_transportasi": 0, "penduduk": 1555, "densitas_poi": 298.3, "densitas_penduduk": 14963.0, "skor_poi": 0.969, "skor_penduduk": 0.678, "skor_aktivitas": 0.824, "kelas_aktivitas": "Sangat Tinggi" }, "geometry": { "type": "Polygon", "coordinates": [ [ [ 110.366833353343651, -7.779856033824126 ], [ 110.365263895790221, -7.778949178172906 ], [ 110.363691718705851, -7.779851334811795 ], [ 110.363688991465523, -7.781660352245776 ], [ 110.365258454772516, -7.782567214147893 ], [ 110.366830639566288, -7.781665052363769 ], [ 110.366833353343651, -7.779856033824126 ] ] ] } },
{ "type": "Feature", "properties": { "hex_id": 333, "luas_km2": 0.1039, "poi_total": 21, "poi_kuliner": 8, "poi_peribadatan": 5, "poi_kesehatan": 0, "poi_pendidikan": 7, "poi_perkantoran": 1, "poi_pariwisata": 0, "poi_perdagangan": 0, "poi_transportasi": 0, "penduduk": 1580, "densitas_poi": 202.07, "densitas_penduduk": 15203.6, "skor_poi": 0.656, "skor_penduduk": 0.688, "skor_aktivitas": 0.672, "kelas_aktivitas": "Sangat Tinggi" }, "geometry": { "type": "Polygon", "coordinates": [ [ [ 110.369974989932416, -7.779860709582399 ], [ 110.368405524674429, -7.778953865006758 ], [ 110.366833353343651, -7.779856033824126 ], [ 110.366830639566288, -7.781665052363769 ], [ 110.368400110582698, -7.782571903187597 ], [ 110.369972289618062, -7.781669729222232 ], [ 110.369974989932416, -7.779860709582399 ] ] ] } },
{ "type": "Feature", "properties": { "hex_id": 334, "luas_km2": 0.1039, "poi_total": 13, "poi_kuliner": 5, "poi_peribadatan": 5, "poi_kesehatan": 1, "poi_pendidikan": 0, "poi_perkantoran": 0, "poi_pariwisata": 1, "poi_perdagangan": 1, "poi_transportasi": 0, "penduduk": 1191, "densitas_poi": 125.09, "densitas_penduduk": 11460.4, "skor_poi": 0.406, "skor_penduduk": 0.519, "skor_aktivitas": 0.462, "kelas_aktivitas": "Tinggi" }, "geometry": { "type": "Polygon", "coordinates": [ [ [ 110.373116628462469, -7.77986536208655 ], [ 110.371547155504757, -7.778958528589255 ], [ 110.369974989932416, -7.779860709582399 ], [ 110.369972289618062, -7.781669729222232 ], [ 110.371541768339071, -7.782576568965 ], [ 110.373113941611152, -7.7816743828211 ], [ 110.373116628462469, -7.77986536208655 ] ] ] } },
{ "type": "Feature", "properties": { "hex_id": 335, "luas_km2": 0.1039, "poi_total": 16, "poi_kuliner": 2, "poi_peribadatan": 3, "poi_kesehatan": 8, "poi_pendidikan": 1, "poi_perkantoran": 2, "poi_pariwisata": 0, "poi_perdagangan": 0, "poi_transportasi": 0, "penduduk": 1108, "densitas_poi": 153.96, "densitas_penduduk": 10661.7, "skor_poi": 0.5, "skor_penduduk": 0.483, "skor_aktivitas": 0.492, "kelas_aktivitas": "Tinggi" }, "geometry": { "type": "Polygon", "coordinates": [ [ [ 110.376258268924133, -7.779869991336505 ], [ 110.374688788271499, -7.778963168920328 ], [ 110.373116628462469, -7.77986536208655 ], [ 110.373113941611152, -7.7816743828211 ], [ 110.374683428031929, -7.782581211480037 ], [ 110.376255595535895, -7.781679013160301 ], [ 110.376258268924133, -7.779869991336505 ] ] ] } },
{ "type": "Feature", "properties": { "hex_id": 336, "luas_km2": 0.1039, "poi_total": 17, "poi_kuliner": 6, "poi_peribadatan": 2, "poi_kesehatan": 5, "poi_pendidikan": 4, "poi_perkantoran": 0, "poi_pariwisata": 0, "poi_perdagangan": 0, "poi_transportasi": 0, "penduduk": 1108, "densitas_poi": 163.58, "densitas_penduduk": 10661.7, "skor_poi": 0.531, "skor_penduduk": 0.483, "skor_aktivitas": 0.507, "kelas_aktivitas": "Tinggi" }, "geometry": { "type": "Polygon", "coordinates": [ [ [ 110.379399911307729, -7.779874597332194 ], [ 110.37783042296499, -7.778967785999908 ], [ 110.376258268924133, -7.779869991336505 ], [ 110.376255595535895, -7.781679013160301 ], [ 110.377825089651637, -7.782585830732637 ], [ 110.379397251382599, -7.781683620239765 ], [ 110.379399911307729, -7.779874597332194 ] ] ] } },
{ "type": "Feature", "properties": { "hex_id": 337, "luas_km2": 0.1039, "poi_total": 5, "poi_kuliner": 2, "poi_peribadatan": 3, "poi_kesehatan": 0, "poi_pendidikan": 0, "poi_perkantoran": 0, "poi_pariwisata": 0, "poi_perdagangan": 0, "poi_transportasi": 0, "penduduk": 826, "densitas_poi": 48.11, "densitas_penduduk": 7948.2, "skor_poi": 0.156, "skor_penduduk": 0.36, "skor_aktivitas": 0.258, "kelas_aktivitas": "Rendah" }, "geometry": { "type": "Polygon", "coordinates": [ [ [ 110.382541555603552, -7.77987918007355 ], [ 110.380972059575541, -7.778972379827926 ], [ 110.379399911307729, -7.779874597332194 ], [ 110.379397251382599, -7.781683620239765 ], [ 110.380966753188488, -7.782590426722731 ], [ 110.382538909141616, -7.781688204059426 ], [ 110.382541555603552, -7.77987918007355 ] ] ] } },
{ "type": "Feature", "properties": { "hex_id": 338, "luas_km2": 0.1039, "poi_total": 6, "poi_kuliner": 2, "poi_peribadatan": 4, "poi_kesehatan": 0, "poi_pendidikan": 0, "poi_perkantoran": 0, "poi_pariwisata": 0, "poi_perdagangan": 0, "poi_transportasi": 0, "penduduk": 761, "densitas_poi": 57.74, "densitas_penduduk": 7322.7, "skor_poi": 0.187, "skor_penduduk": 0.332, "skor_aktivitas": 0.26, "kelas_aktivitas": "Rendah" }, "geometry": { "type": "Polygon", "coordinates": [ [ [ 110.385683201801982, -7.779883739560508 ], [ 110.3841136980935, -7.778976950404308 ], [ 110.382541555603552, -7.77987918007355 ], [ 110.382538909141616, -7.781688204059426 ], [ 110.38410841863282, -7.78259499945025 ], [ 110.385680568803238, -7.781692764619212 ], [ 110.385683201801982, -7.779883739560508 ] ] ] } },
{ "type": "Feature", "properties": { "hex_id": 339, "luas_km2": 0.1039, "poi_total": 8, "poi_kuliner": 2, "poi_peribadatan": 1, "poi_kesehatan": 1, "poi_pendidikan": 2, "poi_perkantoran": 1, "poi_pariwisata": 1, "poi_perdagangan": 0, "poi_transportasi": 0, "penduduk": 772, "densitas_poi": 76.98, "densitas_penduduk": 7428.6, "skor_poi": 0.25, "skor_penduduk": 0.336, "skor_aktivitas": 0.293, "kelas_aktivitas": "Rendah" }, "geometry": { "type": "Polygon", "coordinates": [ [ [ 110.388824849893282, -7.779888275792994 ], [ 110.387255338509178, -7.778981497728996 ], [ 110.385683201801982, -7.779883739560508 ], [ 110.385680568803238, -7.781692764619212 ], [ 110.387250085974927, -7.782599548915124 ], [ 110.388822230357775, -7.781697301919058 ], [ 110.388824849893282, -7.779888275792994 ] ] ] } },
{ "type": "Feature", "properties": { "hex_id": 340, "luas_km2": 0.1039, "poi_total": 6, "poi_kuliner": 1, "poi_peribadatan": 1, "poi_kesehatan": 1, "poi_pendidikan": 3, "poi_perkantoran": 0, "poi_pariwisata": 0, "poi_perdagangan": 0, "poi_transportasi": 0, "penduduk": 538, "densitas_poi": 57.74, "densitas_penduduk": 5176.9, "skor_poi": 0.187, "skor_penduduk": 0.234, "skor_aktivitas": 0.211, "kelas_aktivitas": "Sangat Rendah" }, "geometry": { "type": "Polygon", "coordinates": [ [ [ 110.391966499867792, -7.779892788770944 ], [ 110.390396980812866, -7.778986021801911 ], [ 110.388824849893282, -7.779888275792994 ], [ 110.388822230357775, -7.781697301919058 ], [ 110.390391755205144, -7.782604075117289 ], [ 110.391963893795591, -7.781701815958894 ], [ 110.391966499867792, -7.779892788770944 ] ] ] } },
{ "type": "Feature", "properties": { "hex_id": 341, "luas_km2": 0.1039, "poi_total": 0, "poi_kuliner": 0, "poi_peribadatan": 0, "poi_kesehatan": 0, "poi_pendidikan": 0, "poi_perkantoran": 0, "poi_pariwisata": 0, "poi_perdagangan": 0, "poi_transportasi": 0, "penduduk": 660, "densitas_poi": 0.0, "densitas_penduduk": 6350.9, "skor_poi": 0.0, "skor_penduduk": 0.288, "skor_aktivitas": 0.144, "kelas_aktivitas": "Sangat Rendah" }, "geometry": { "type": "Polygon", "coordinates": [ [ [ 110.352700173271131, -7.77712118457201 ], [ 110.351130760042054, -7.776214279845546 ], [ 110.34955856772055, -7.777116382612708 ], [ 110.349555780899507, -7.778925395235783 ], [ 110.35112519985789, -7.779832306223325 ], [ 110.352697399908024, -7.778930198325352 ], [ 110.352700173271131, -7.77712118457201 ] ] ] } },
{ "type": "Feature", "properties": { "hex_id": 342, "luas_km2": 0.1039, "poi_total": 11, "poi_kuliner": 0, "poi_peribadatan": 3, "poi_kesehatan": 2, "poi_pendidikan": 5, "poi_perkantoran": 1, "poi_pariwisata": 0, "poi_perdagangan": 0, "poi_transportasi": 0, "penduduk": 1313, "densitas_poi": 105.85, "densitas_penduduk": 12634.3, "skor_poi": 0.344, "skor_penduduk": 0.572, "skor_aktivitas": 0.458, "kelas_aktivitas": "Tinggi" }, "geometry": { "type": "Polygon", "coordinates": [ [ [ 110.355841780816149, -7.777125963285781 ], [ 110.354272359863302, -7.776219069618329 ], [ 110.352700173271131, -7.77712118457201 ], [ 110.352697399908024, -7.778930198325352 ], [ 110.354266826595037, -7.779837098251172 ], [ 110.35583902091102, -7.77893497816392 ], [ 110.355841780816149, -7.777125963285781 ] ] ] } },
{ "type": "Feature", "properties": { "hex_id": 343, "luas_km2": 0.1039, "poi_total": 7, "poi_kuliner": 1, "poi_peribadatan": 3, "poi_kesehatan": 0, "poi_pendidikan": 3, "poi_perkantoran": 0, "poi_pariwisata": 0, "poi_perdagangan": 0, "poi_transportasi": 0, "penduduk": 1313, "densitas_poi": 67.36, "densitas_penduduk": 12634.3, "skor_poi": 0.219, "skor_penduduk": 0.572, "skor_aktivitas": 0.395, "kelas_aktivitas": "Sedang" }, "geometry": { "type": "Polygon", "coordinates": [ [ [ 110.358983390345955, -7.777130718753948 ], [ 110.357413961674141, -7.776223836148279 ], [ 110.355841780816149, -7.777125963285781 ], [ 110.35583902091102, -7.77893497816392 ], [ 110.357408455321874, -7.779841867025248 ], [ 110.358980643898832, -7.778939734751416 ], [ 110.358983390345955, -7.777130718753948 ] ] ] } },
{ "type": "Feature", "properties": { "hex_id": 344, "luas_km2": 0.1039, "poi_total": 19, "poi_kuliner": 3, "poi_peribadatan": 7, "poi_kesehatan": 4, "poi_pendidikan": 2, "poi_perkantoran": 3, "poi_pariwisata": 0, "poi_perdagangan": 0, "poi_transportasi": 0, "penduduk": 1313, "densitas_poi": 182.83, "densitas_penduduk": 12634.3, "skor_poi": 0.594, "skor_penduduk": 0.572, "skor_aktivitas": 0.583, "kelas_aktivitas": "Sangat Tinggi" }, "geometry": { "type": "Polygon", "coordinates": [ [ [ 110.362125001850856, -7.777135450976447 ], [ 110.360555565464892, -7.776228579435331 ], [ 110.358983390345955, -7.777130718753948 ], [ 110.358980643898832, -7.778939734751416 ], [ 110.360550086028709, -7.779846612545479 ], [ 110.362122268861796, -7.778944468087769 ], [ 110.362125001850856, -7.777135450976447 ] ] ] } },
{ "type": "Feature", "properties": { "hex_id": 345, "luas_km2": 0.1039, "poi_total": 13, "poi_kuliner": 5, "poi_peribadatan": 2, "poi_kesehatan": 4, "poi_pendidikan": 1, "poi_perkantoran": 0, "poi_pariwisata": 1, "poi_perdagangan": 0, "poi_transportasi": 0, "penduduk": 1326, "densitas_poi": 125.09, "densitas_penduduk": 12759.4, "skor_poi": 0.406, "skor_penduduk": 0.578, "skor_aktivitas": 0.492, "kelas_aktivitas": "Tinggi" }, "geometry": { "type": "Polygon", "coordinates": [ [ [ 110.365266615321175, -7.7771401599532 ], [ 110.36369717122588, -7.776233299479411 ], [ 110.362125001850856, -7.777135450976447 ], [ 110.362122268861796, -7.778944468087769 ], [ 110.363691718705851, -7.779851334811795 ], [ 110.365263895790221, -7.778949178172906 ], [ 110.365266615321175, -7.7771401599532 ] ] ] } },
{ "type": "Feature", "properties": { "hex_id": 346, "luas_km2": 0.1039, "poi_total": 10, "poi_kuliner": 2, "poi_peribadatan": 1, "poi_kesehatan": 1, "poi_pendidikan": 6, "poi_perkantoran": 0, "poi_pariwisata": 0, "poi_perdagangan": 0, "poi_transportasi": 0, "penduduk": 1580, "densitas_poi": 96.23, "densitas_penduduk": 15203.6, "skor_poi": 0.312, "skor_penduduk": 0.688, "skor_aktivitas": 0.5, "kelas_aktivitas": "Tinggi" }, "geometry": { "type": "Polygon", "coordinates": [ [ [ 110.368408230747249, -7.777144845684142 ], [ 110.366838778947425, -7.776237996280447 ], [ 110.365266615321175, -7.7771401599532 ], [ 110.365263895790221, -7.778949178172906 ], [ 110.366833353343651, -7.779856033824126 ], [ 110.368405524674429, -7.778953865006758 ], [ 110.368408230747249, -7.777144845684142 ] ] ] } },
{ "type": "Feature", "properties": { "hex_id": 347, "luas_km2": 0.1039, "poi_total": 12, "poi_kuliner": 3, "poi_peribadatan": 3, "poi_kesehatan": 2, "poi_pendidikan": 1, "poi_perkantoran": 0, "poi_pariwisata": 1, "poi_perdagangan": 2, "poi_transportasi": 0, "penduduk": 1481, "densitas_poi": 115.47, "densitas_penduduk": 14250.9, "skor_poi": 0.375, "skor_penduduk": 0.645, "skor_aktivitas": 0.51, "kelas_aktivitas": "Tinggi" }, "geometry": { "type": "Polygon", "coordinates": [ [ [ 110.371549848119386, -7.777149508169198 ], [ 110.369980388619865, -7.77624266983837 ], [ 110.368408230747249, -7.777144845684142 ], [ 110.368405524674429, -7.778953865006758 ], [ 110.369974989932416, -7.779860709582399 ], [ 110.371547155504757, -7.778958528589255 ], [ 110.371549848119386, -7.777149508169198 ] ] ] } },
{ "type": "Feature", "properties": { "hex_id": 348, "luas_km2": 0.1039, "poi_total": 11, "poi_kuliner": 7, "poi_peribadatan": 1, "poi_kesehatan": 0, "poi_pendidikan": 2, "poi_perkantoran": 1, "poi_pariwisata": 0, "poi_perdagangan": 0, "poi_transportasi": 0, "penduduk": 1108, "densitas_poi": 105.85, "densitas_penduduk": 10661.7, "skor_poi": 0.344, "skor_penduduk": 0.483, "skor_aktivitas": 0.414, "kelas_aktivitas": "Sedang" }, "geometry": { "type": "Polygon", "coordinates": [ [ [ 110.374691467427894, -7.777154147408305 ], [ 110.373122000233508, -7.776247320153112 ], [ 110.371549848119386, -7.777149508169198 ], [ 110.371547155504757, -7.778958528589255 ], [ 110.373116628462469, -7.77986536208655 ], [ 110.374688788271499, -7.778963168920328 ], [ 110.374691467427894, -7.777154147408305 ] ] ] } },
{ "type": "Feature", "properties": { "hex_id": 349, "luas_km2": 0.1039, "poi_total": 15, "poi_kuliner": 4, "poi_peribadatan": 2, "poi_kesehatan": 6, "poi_pendidikan": 2, "poi_perkantoran": 1, "poi_pariwisata": 0, "poi_perdagangan": 0, "poi_transportasi": 0, "penduduk": 1080, "densitas_poi": 144.34, "densitas_penduduk": 10392.3, "skor_poi": 0.469, "skor_penduduk": 0.471, "skor_aktivitas": 0.47, "kelas_aktivitas": "Tinggi" }, "geometry": { "type": "Polygon", "coordinates": [ [ [ 110.377833088663124, -7.777158763401387 ], [ 110.37626361377869, -7.776251947224601 ], [ 110.374691467427894, -7.777154147408305 ], [ 110.374688788271499, -7.778963168920328 ], [ 110.376258268924133, -7.779869991336505 ], [ 110.37783042296499, -7.778967785999908 ], [ 110.377833088663124, -7.777158763401387 ] ] ] } },
{ "type": "Feature", "properties": { "hex_id": 350, "luas_km2": 0.1039, "poi_total": 5, "poi_kuliner": 3, "poi_peribadatan": 0, "poi_kesehatan": 1, "poi_pendidikan": 1, "poi_perkantoran": 0, "poi_pariwisata": 0, "poi_perdagangan": 0, "poi_transportasi": 0, "penduduk": 423, "densitas_poi": 48.11, "densitas_penduduk": 4070.3, "skor_poi": 0.156, "skor_penduduk": 0.184, "skor_aktivitas": 0.17, "kelas_aktivitas": "Sangat Rendah" }, "geometry": { "type": "Polygon", "coordinates": [ [ [ 110.380974711815384, -7.777163356148378 ], [ 110.379405229245691, -7.776256551052767 ], [ 110.377833088663124, -7.777158763401387 ], [ 110.37783042296499, -7.778967785999908 ], [ 110.379399911307729, -7.779874597332194 ], [ 110.380972059575541, -7.778972379827926 ], [ 110.380974711815384, -7.777163356148378 ] ] ] } },
{ "type": "Feature", "properties": { "hex_id": 351, "luas_km2": 0.1039, "poi_total": 0, "poi_kuliner": 0, "poi_peribadatan": 0, "poi_kesehatan": 0, "poi_pendidikan": 0, "poi_perkantoran": 0, "poi_pariwisata": 0, "poi_perdagangan": 0, "poi_transportasi": 0, "penduduk": 83, "densitas_poi": 0.0, "densitas_penduduk": 798.7, "skor_poi": 0.0, "skor_penduduk": 0.036, "skor_aktivitas": 0.018, "kelas_aktivitas": "Sangat Rendah" }, "geometry": { "type": "Polygon", "coordinates": [ [ [ 110.351133539134494, -7.774405266424465 ], [ 110.349564139358534, -7.773498356902177 ], [ 110.347991954765604, -7.774400454541916 ], [ 110.347989162220102, -7.776209466830005 ], [ 110.34955856772055, -7.777116382612708 ], [ 110.351130760042054, -7.776214279845546 ], [ 110.351133539134494, -7.774405266424465 ] ] ] } },
{ "type": "Feature", "properties": { "hex_id": 352, "luas_km2": 0.1039, "poi_total": 7, "poi_kuliner": 2, "poi_peribadatan": 3, "poi_kesehatan": 0, "poi_pendidikan": 1, "poi_perkantoran": 0, "poi_pariwisata": 0, "poi_perdagangan": 1, "poi_transportasi": 0, "penduduk": 1313, "densitas_poi": 67.36, "densitas_penduduk": 12634.3, "skor_poi": 0.219, "skor_penduduk": 0.572, "skor_aktivitas": 0.395, "kelas_aktivitas": "Sedang" }, "geometry": { "type": "Polygon", "coordinates": [ [ [ 110.35427512550261, -7.774410055069727 ], [ 110.352705718002909, -7.773503156600968 ], [ 110.351133539134494, -7.774405266424465 ], [ 110.351130760042054, -7.776214279845546 ], [ 110.352700173271131, -7.77712118457201 ], [ 110.354272359863302, -7.776219069618329 ], [ 110.35427512550261, -7.774410055069727 ] ] ] } },
{ "type": "Feature", "properties": { "hex_id": 353, "luas_km2": 0.1039, "poi_total": 6, "poi_kuliner": 0, "poi_peribadatan": 2, "poi_kesehatan": 0, "poi_pendidikan": 3, "poi_perkantoran": 0, "poi_pariwisata": 1, "poi_perdagangan": 0, "poi_transportasi": 0, "penduduk": 1313, "densitas_poi": 57.74, "densitas_penduduk": 12634.3, "skor_poi": 0.187, "skor_penduduk": 0.572, "skor_aktivitas": 0.379, "kelas_aktivitas": "Sedang" }, "geometry": { "type": "Polygon", "coordinates": [ [ [ 110.357416713860303, -7.774414820477631 ], [ 110.355847298641649, -7.773507933065171 ], [ 110.354275125502625, -7.774410055069727 ], [ 110.354272359863302, -7.776219069618329 ], [ 110.355841780816149, -7.777125963285781 ], [ 110.357413961674141, -7.776223836148279 ], [ 110.357416713860303, -7.774414820477631 ] ] ] } },
{ "type": "Feature", "properties": { "hex_id": 354, "luas_km2": 0.1039, "poi_total": 13, "poi_kuliner": 3, "poi_peribadatan": 4, "poi_kesehatan": 0, "poi_pendidikan": 3, "poi_perkantoran": 3, "poi_pariwisata": 0, "poi_perdagangan": 0, "poi_transportasi": 0, "penduduk": 1313, "densitas_poi": 125.09, "densitas_penduduk": 12634.3, "skor_poi": 0.406, "skor_penduduk": 0.572, "skor_aktivitas": 0.489, "kelas_aktivitas": "Tinggi" }, "geometry": { "type": "Polygon", "coordinates": [ [ [ 110.360558304197852, -7.774419562648107 ], [ 110.358988881265105, -7.773512686294717 ], [ 110.357416713860303, -7.774414820477631 ], [ 110.357413961674141, -7.776223836148279 ], [ 110.358983390345955, -7.777130718753948 ], [ 110.360555565464892, -7.776228579435331 ], [ 110.360558304197852, -7.774419562648107 ] ] ] } },
{ "type": "Feature", "properties": { "hex_id": 355, "luas_km2": 0.1039, "poi_total": 6, "poi_kuliner": 2, "poi_peribadatan": 0, "poi_kesehatan": 4, "poi_pendidikan": 0, "poi_perkantoran": 0, "poi_pariwisata": 0, "poi_perdagangan": 0, "poi_transportasi": 0, "penduduk": 1313, "densitas_poi": 57.74, "densitas_penduduk": 12634.3, "skor_poi": 0.187, "skor_penduduk": 0.572, "skor_aktivitas": 0.379, "kelas_aktivitas": "Sedang" }, "geometry": { "type": "Polygon", "coordinates": [ [ [ 110.363699896505594, -7.77442428158108 ], [ 110.362130465863558, -7.773517416289533 ], [ 110.360558304197852, -7.774419562648107 ], [ 110.360555565464892, -7.776228579435331 ], [ 110.362125001850856, -7.777135450976447 ], [ 110.36369717122588, -7.776233299479411 ], [ 110.363699896505594, -7.77442428158108 ] ] ] } },
{ "type": "Feature", "properties": { "hex_id": 356, "luas_km2": 0.1039, "poi_total": 7, "poi_kuliner": 1, "poi_peribadatan": 4, "poi_kesehatan": 1, "poi_pendidikan": 1, "poi_perkantoran": 0, "poi_pariwisata": 0, "poi_perdagangan": 0, "poi_transportasi": 0, "penduduk": 1394, "densitas_poi": 67.36, "densitas_penduduk": 13413.8, "skor_poi": 0.219, "skor_penduduk": 0.607, "skor_aktivitas": 0.413, "kelas_aktivitas": "Sedang" }, "geometry": { "type": "Polygon", "coordinates": [ [ [ 110.366841490773865, -7.774428977276481 ], [ 110.365272052427358, -7.773522123049547 ], [ 110.363699896505594, -7.77442428158108 ], [ 110.36369717122588, -7.776233299479411 ], [ 110.365266615321175, -7.7771401599532 ], [ 110.366838778947425, -7.776237996280447 ], [ 110.366841490773865, -7.774428977276481 ] ] ] } },
{ "type": "Feature", "properties": { "hex_id": 357, "luas_km2": 0.1039, "poi_total": 11, "poi_kuliner": 4, "poi_peribadatan": 2, "poi_kesehatan": 0, "poi_pendidikan": 2, "poi_perkantoran": 2, "poi_pariwisata": 0, "poi_perdagangan": 1, "poi_transportasi": 0, "penduduk": 1516, "densitas_poi": 105.85, "densitas_penduduk": 14587.7, "skor_poi": 0.344, "skor_penduduk": 0.661, "skor_aktivitas": 0.502, "kelas_aktivitas": "Tinggi" }, "geometry": { "type": "Polygon", "coordinates": [ [ [ 110.369983086992974, -7.774433649734244 ], [ 110.368413640946812, -7.773526806574694 ], [ 110.366841490773865, -7.774428977276481 ], [ 110.366838778947425, -7.776237996280447 ], [ 110.368408230747249, -7.777144845684142 ], [ 110.369980388619865, -7.77624266983837 ], [ 110.369983086992974, -7.774433649734244 ] ] ] } },
{ "type": "Feature", "properties": { "hex_id": 358, "luas_km2": 0.1039, "poi_total": 4, "poi_kuliner": 0, "poi_peribadatan": 1, "poi_kesehatan": 2, "poi_pendidikan": 1, "poi_perkantoran": 0, "poi_pariwisata": 0, "poi_perdagangan": 0, "poi_transportasi": 0, "penduduk": 533, "densitas_poi": 38.49, "densitas_penduduk": 5128.8, "skor_poi": 0.125, "skor_penduduk": 0.232, "skor_aktivitas": 0.178, "kelas_aktivitas": "Sangat Rendah" }, "geometry": { "type": "Polygon", "coordinates": [ [ [ 110.373124685153257, -7.774438298954297 ], [ 110.371555231412259, -7.7735314668649 ], [ 110.369983086992974, -7.774433649734244 ], [ 110.369980388619865, -7.77624266983837 ], [ 110.371549848119386, -7.777149508169198 ], [ 110.373122000233508, -7.776247320153112 ], [ 110.373124685153257, -7.774438298954297 ] ] ] } },
{ "type": "Feature", "properties": { "hex_id": 359, "luas_km2": 0.1039, "poi_total": 11, "poi_kuliner": 3, "poi_peribadatan": 3, "poi_kesehatan": 1, "poi_pendidikan": 2, "poi_perkantoran": 2, "poi_pariwisata": 0, "poi_perdagangan": 0, "poi_transportasi": 0, "penduduk": 524, "densitas_poi": 105.85, "densitas_penduduk": 5042.2, "skor_poi": 0.344, "skor_penduduk": 0.228, "skor_aktivitas": 0.286, "kelas_aktivitas": "Rendah" }, "geometry": { "type": "Polygon", "coordinates": [ [ [ 110.376266285245023, -7.774442924936563 ], [ 110.374696823814006, -7.773536103920095 ], [ 110.373124685153257, -7.774438298954297 ], [ 110.373122000233508, -7.776247320153112 ], [ 110.374691467427894, -7.777154147408305 ], [ 110.37626361377869, -7.776251947224601 ], [ 110.376266285245023, -7.774442924936563 ] ] ] } },
{ "type": "Feature", "properties": { "hex_id": 360, "luas_km2": 0.1039, "poi_total": 0, "poi_kuliner": 0, "poi_peribadatan": 0, "poi_kesehatan": 0, "poi_pendidikan": 0, "poi_perkantoran": 0, "poi_pariwisata": 0, "poi_perdagangan": 0, "poi_transportasi": 0, "penduduk": 8, "densitas_poi": 0.0, "densitas_penduduk": 77.0, "skor_poi": 0.0, "skor_penduduk": 0.003, "skor_aktivitas": 0.002, "kelas_aktivitas": "Sangat Rendah" }, "geometry": { "type": "Polygon", "coordinates": [ [ [ 110.379407887258608, -7.774447527680986 ], [ 110.377838418142375, -7.773540717740207 ], [ 110.376266285245023, -7.774442924936563 ], [ 110.37626361377869, -7.776251947224601 ], [ 110.377833088663124, -7.777158763401387 ], [ 110.379405229245691, -7.776256551052767 ], [ 110.379407887258608, -7.774447527680986 ] ] ] } },
{ "type": "Feature", "properties": { "hex_id": 361, "luas_km2": 0.1039, "poi_total": 1, "poi_kuliner": 0, "poi_peribadatan": 0, "poi_kesehatan": 0, "poi_pendidikan": 1, "poi_perkantoran": 0, "poi_pariwisata": 0, "poi_perdagangan": 0, "poi_transportasi": 0, "penduduk": 646, "densitas_poi": 9.62, "densitas_penduduk": 6216.1, "skor_poi": 0.031, "skor_penduduk": 0.281, "skor_aktivitas": 0.156, "kelas_aktivitas": "Sangat Rendah" }, "geometry": { "type": "Polygon", "coordinates": [ [ [ 110.352708489371608, -7.771694142383341 ], [ 110.351139095320178, -7.770787239118094 ], [ 110.349566924175491, -7.771689343814791 ], [ 110.349564139358534, -7.773498356902177 ], [ 110.351133539134494, -7.774405266424465 ], [ 110.352705718002909, -7.773503156600968 ], [ 110.352708489371608, -7.771694142383341 ] ] ] } },
{ "type": "Feature", "properties": { "hex_id": 362, "luas_km2": 0.1039, "poi_total": 4, "poi_kuliner": 0, "poi_peribadatan": 3, "poi_kesehatan": 0, "poi_pendidikan": 0, "poi_perkantoran": 0, "poi_pariwisata": 1, "poi_perdagangan": 0, "poi_transportasi": 0, "penduduk": 1246, "densitas_poi": 38.49, "densitas_penduduk": 11989.6, "skor_poi": 0.125, "skor_penduduk": 0.543, "skor_aktivitas": 0.334, "kelas_aktivitas": "Rendah" }, "geometry": { "type": "Polygon", "coordinates": [ [ [ 110.355850056562048, -7.771698917722778 ], [ 110.354280654791722, -7.770792025508343 ], [ 110.352708489371608, -7.771694142383341 ], [ 110.352705718002909, -7.773503156600968 ], [ 110.354275125502625, -7.774410055069727 ], [ 110.355847298641649, -7.773507933065171 ], [ 110.355850056562048, -7.771698917722778 ] ] ] } },
{ "type": "Feature", "properties": { "hex_id": 363, "luas_km2": 0.1039, "poi_total": 2, "poi_kuliner": 0, "poi_peribadatan": 2, "poi_kesehatan": 0, "poi_pendidikan": 0, "poi_perkantoran": 0, "poi_pariwisata": 0, "poi_perdagangan": 0, "poi_transportasi": 0, "penduduk": 1313, "densitas_poi": 19.25, "densitas_penduduk": 12634.3, "skor_poi": 0.062, "skor_penduduk": 0.572, "skor_aktivitas": 0.317, "kelas_aktivitas": "Rendah" }, "geometry": { "type": "Polygon", "coordinates": [ [ [ 110.358991625737161, -7.771703669833024 ], [ 110.357422216252772, -7.77079678867218 ], [ 110.355850056562048, -7.771698917722778 ], [ 110.355847298641649, -7.773507933065171 ], [ 110.357416713860303, -7.774414820477631 ], [ 110.358988881265105, -7.773512686294717 ], [ 110.358991625737161, -7.771703669833024 ] ] ] } },
{ "type": "Feature", "properties": { "hex_id": 364, "luas_km2": 0.1039, "poi_total": 14, "poi_kuliner": 2, "poi_peribadatan": 1, "poi_kesehatan": 6, "poi_pendidikan": 1, "poi_perkantoran": 2, "poi_pariwisata": 1, "poi_perdagangan": 1, "poi_transportasi": 0, "penduduk": 1271, "densitas_poi": 134.72, "densitas_penduduk": 12230.2, "skor_poi": 0.437, "skor_penduduk": 0.554, "skor_aktivitas": 0.496, "kelas_aktivitas": "Tinggi" }, "geometry": { "type": "Polygon", "coordinates": [ [ [ 110.362133196887228, -7.771708398714011 ], [ 110.360563779693592, -7.770801528609531 ], [ 110.358991625737161, -7.771703669833024 ], [ 110.358988881265105, -7.773512686294717 ], [ 110.360558304197852, -7.774419562648107 ], [ 110.362130465863558, -7.773517416289533 ], [ 110.362133196887228, -7.771708398714011 ] ] ] } },
{ "type": "Feature", "properties": { "hex_id": 365, "luas_km2": 0.1039, "poi_total": 10, "poi_kuliner": 2, "poi_peribadatan": 3, "poi_kesehatan": 1, "poi_pendidikan": 2, "poi_perkantoran": 2, "poi_pariwisata": 0, "poi_perdagangan": 0, "poi_transportasi": 0, "penduduk": 1313, "densitas_poi": 96.23, "densitas_penduduk": 12634.3, "skor_poi": 0.312, "skor_penduduk": 0.572, "skor_aktivitas": 0.442, "kelas_aktivitas": "Tinggi" }, "geometry": { "type": "Polygon", "coordinates": [ [ [ 110.3652747700026, -7.771713104365672 ], [ 110.363705345104535, -7.770806245320321 ], [ 110.362133196887228, -7.771708398714011 ], [ 110.362130465863558, -7.773517416289533 ], [ 110.363699896505594, -7.77442428158108 ], [ 110.365272052427358, -7.773522123049547 ], [ 110.3652747700026, -7.771713104365672 ] ] ] } },
{ "type": "Feature", "properties": { "hex_id": 366, "luas_km2": 0.1039, "poi_total": 18, "poi_kuliner": 6, "poi_peribadatan": 1, "poi_kesehatan": 4, "poi_pendidikan": 4, "poi_perkantoran": 3, "poi_pariwisata": 0, "poi_perdagangan": 0, "poi_transportasi": 0, "penduduk": 1192, "densitas_poi": 173.21, "densitas_penduduk": 11470.0, "skor_poi": 0.562, "skor_penduduk": 0.519, "skor_aktivitas": 0.54, "kelas_aktivitas": "Tinggi" }, "geometry": { "type": "Polygon", "coordinates": [ [ [ 110.368416345073612, -7.771717786787931 ], [ 110.366846912475921, -7.770810938804485 ], [ 110.3652747700026, -7.771713104365672 ], [ 110.365272052427358, -7.773522123049547 ], [ 110.366841490773865, -7.774428977276481 ], [ 110.368413640946812, -7.773526806574694 ], [ 110.368416345073612, -7.771717786787931 ] ] ] } },
{ "type": "Feature", "properties": { "hex_id": 367, "luas_km2": 0.1039, "poi_total": 1, "poi_kuliner": 0, "poi_peribadatan": 0, "poi_kesehatan": 0, "poi_pendidikan": 0, "poi_perkantoran": 1, "poi_pariwisata": 0, "poi_perdagangan": 0, "poi_transportasi": 0, "penduduk": 262, "densitas_poi": 9.62, "densitas_penduduk": 2521.1, "skor_poi": 0.031, "skor_penduduk": 0.114, "skor_aktivitas": 0.073, "kelas_aktivitas": "Sangat Rendah" }, "geometry": { "type": "Polygon", "coordinates": [ [ [ 110.371557922090545, -7.771722445980726 ], [ 110.36998848179806, -7.770815609061946 ], [ 110.368416345073612, -7.771717786787931 ], [ 110.368413640946812, -7.773526806574694 ], [ 110.369983086992974, -7.774433649734244 ], [ 110.371555231412259, -7.7735314668649 ], [ 110.371557922090545, -7.771722445980726 ] ] ] } },
{ "type": "Feature", "properties": { "hex_id": 368, "luas_km2": 0.1039, "poi_total": 0, "poi_kuliner": 0, "poi_peribadatan": 0, "poi_kesehatan": 0, "poi_pendidikan": 0, "poi_perkantoran": 0, "poi_pariwisata": 0, "poi_perdagangan": 0, "poi_transportasi": 0, "penduduk": 18, "densitas_poi": 0.0, "densitas_penduduk": 173.2, "skor_poi": 0.0, "skor_penduduk": 0.008, "skor_aktivitas": 0.004, "kelas_aktivitas": "Sangat Rendah" }, "geometry": { "type": "Polygon", "coordinates": [ [ [ 110.351141872413422, -7.76897822523287 ], [ 110.349572491805404, -7.768071317175956 ], [ 110.348000328384401, -7.768973416749239 ], [ 110.347997537847746, -7.770782429501494 ], [ 110.349566924175491, -7.771689343814791 ], [ 110.351139095320178, -7.770787239118094 ], [ 110.351141872413422, -7.76897822523287 ] ] ] } },
{ "type": "Feature", "properties": { "hex_id": 369, "luas_km2": 0.1039, "poi_total": 0, "poi_kuliner": 0, "poi_peribadatan": 0, "poi_kesehatan": 0, "poi_pendidikan": 0, "poi_perkantoran": 0, "poi_pariwisata": 0, "poi_perdagangan": 0, "poi_transportasi": 0, "penduduk": 638, "densitas_poi": 0.0, "densitas_penduduk": 6139.2, "skor_poi": 0.0, "skor_penduduk": 0.278, "skor_aktivitas": 0.139, "kelas_aktivitas": "Sangat Rendah" }, "geometry": { "type": "Polygon", "coordinates": [ [ [ 110.35428341844154, -7.768983010495632 ], [ 110.352714030114683, -7.768076113484049 ], [ 110.351141872413422, -7.76897822523287 ], [ 110.351139095320178, -7.770787239118094 ], [ 110.352708489371608, -7.771694142383341 ], [ 110.354280654791722, -7.770792025508343 ], [ 110.35428341844154, -7.768983010495632 ] ] ] } },
{ "type": "Feature", "properties": { "hex_id": 370, "luas_km2": 0.1039, "poi_total": 5, "poi_kuliner": 1, "poi_peribadatan": 0, "poi_kesehatan": 2, "poi_pendidikan": 1, "poi_perkantoran": 1, "poi_pariwisata": 0, "poi_perdagangan": 0, "poi_transportasi": 0, "penduduk": 1054, "densitas_poi": 48.11, "densitas_penduduk": 10142.1, "skor_poi": 0.156, "skor_penduduk": 0.459, "skor_aktivitas": 0.308, "kelas_aktivitas": "Rendah" }, "geometry": { "type": "Polygon", "coordinates": [ [ [ 110.357424966459092, -7.768987772537447 ], [ 110.355855570418214, -7.768080886573973 ], [ 110.35428341844154, -7.768983010495632 ], [ 110.354280654791722, -7.770792025508343 ], [ 110.355850056562048, -7.771698917722778 ], [ 110.357422216252772, -7.77079678867218 ], [ 110.357424966459092, -7.768987772537447 ] ] ] } },
{ "type": "Feature", "properties": { "hex_id": 371, "luas_km2": 0.1039, "poi_total": 1, "poi_kuliner": 0, "poi_peribadatan": 0, "poi_kesehatan": 0, "poi_pendidikan": 1, "poi_perkantoran": 0, "poi_pariwisata": 0, "poi_perdagangan": 0, "poi_transportasi": 0, "penduduk": 167, "densitas_poi": 9.62, "densitas_penduduk": 1607.0, "skor_poi": 0.031, "skor_penduduk": 0.073, "skor_aktivitas": 0.052, "kelas_aktivitas": "Sangat Rendah" }, "geometry": { "type": "Polygon", "coordinates": [ [ [ 110.360566516456402, -7.768992511358247 ], [ 110.358997112706305, -7.768085636445651 ], [ 110.357424966459092, -7.768987772537447 ], [ 110.357422216252772, -7.77079678867218 ], [ 110.358991625737161, -7.771703669833024 ], [ 110.360563779693592, -7.770801528609531 ], [ 110.360566516456402, -7.768992511358247 ] ] ] } },
{ "type": "Feature", "properties": { "hex_id": 372, "luas_km2": 0.1039, "poi_total": 6, "poi_kuliner": 1, "poi_peribadatan": 1, "poi_kesehatan": 2, "poi_pendidikan": 2, "poi_perkantoran": 0, "poi_pariwisata": 0, "poi_perdagangan": 0, "poi_transportasi": 0, "penduduk": 922, "densitas_poi": 57.74, "densitas_penduduk": 8871.9, "skor_poi": 0.187, "skor_penduduk": 0.402, "skor_aktivitas": 0.294, "kelas_aktivitas": "Rendah" }, "geometry": { "type": "Polygon", "coordinates": [ [ [ 110.363708068423776, -7.768997226957962 ], [ 110.362138656969293, -7.768090363099013 ], [ 110.360566516456402, -7.768992511358247 ], [ 110.360563779693592, -7.770801528609531 ], [ 110.362133196887228, -7.771708398714011 ], [ 110.363705345104535, -7.770806245320321 ], [ 110.363708068423776, -7.768997226957962 ] ] ] } },
{ "type": "Feature", "properties": { "hex_id": 373, "luas_km2": 0.1039, "poi_total": 5, "poi_kuliner": 0, "poi_peribadatan": 1, "poi_kesehatan": 0, "poi_pendidikan": 4, "poi_perkantoran": 0, "poi_pariwisata": 0, "poi_perdagangan": 0, "poi_transportasi": 0, "penduduk": 812, "densitas_poi": 48.11, "densitas_penduduk": 7813.5, "skor_poi": 0.156, "skor_penduduk": 0.354, "skor_aktivitas": 0.255, "kelas_aktivitas": "Rendah" }, "geometry": { "type": "Polygon", "coordinates": [ [ [ 110.366849622351552, -7.769001919336519 ], [ 110.3652802031975, -7.76809506653399 ], [ 110.363708068423776, -7.768997226957962 ], [ 110.363705345104535, -7.770806245320321 ], [ 110.3652747700026, -7.771713104365672 ], [ 110.366846912475921, -7.770810938804485 ], [ 110.366849622351552, -7.769001919336519 ] ] ] } },
{ "type": "Feature", "properties": { "hex_id": 374, "luas_km2": 0.1039, "poi_total": 4, "poi_kuliner": 2, "poi_peribadatan": 1, "poi_kesehatan": 1, "poi_pendidikan": 0, "poi_perkantoran": 0, "poi_pariwisata": 0, "poi_perdagangan": 0, "poi_transportasi": 0, "penduduk": 136, "densitas_poi": 38.49, "densitas_penduduk": 1308.7, "skor_poi": 0.125, "skor_penduduk": 0.059, "skor_aktivitas": 0.092, "kelas_aktivitas": "Sangat Rendah" }, "geometry": { "type": "Polygon", "coordinates": [ [ [ 110.369991178230052, -7.769006588493849 ], [ 110.368421751381248, -7.768099746750511 ], [ 110.366849622351552, -7.769001919336519 ], [ 110.366846912475921, -7.770810938804485 ], [ 110.368416345073612, -7.771717786787931 ], [ 110.36998848179806, -7.770815609061946 ], [ 110.369991178230052, -7.769006588493849 ] ] ] } },
{ "type": "Feature", "properties": { "hex_id": 375, "luas_km2": 0.1039, "poi_total": 1, "poi_kuliner": 0, "poi_peribadatan": 0, "poi_kesehatan": 0, "poi_pendidikan": 1, "poi_perkantoran": 0, "poi_pariwisata": 0, "poi_perdagangan": 0, "poi_transportasi": 0, "penduduk": 40, "densitas_poi": 9.62, "densitas_penduduk": 384.9, "skor_poi": 0.031, "skor_penduduk": 0.017, "skor_aktivitas": 0.024, "kelas_aktivitas": "Sangat Rendah" }, "geometry": { "type": "Polygon", "coordinates": [ [ [ 110.352716799489087, -7.766267098802458 ], [ 110.351147424600825, -7.765360196998539 ], [ 110.349575274618402, -7.766262303624571 ], [ 110.349572491805404, -7.768071317175956 ], [ 110.351141872413422, -7.76897822523287 ], [ 110.352714030114683, -7.768076113484049 ], [ 110.352716799489087, -7.766267098802458 ] ] ] } },
{ "type": "Feature", "properties": { "hex_id": 376, "luas_km2": 0.1039, "poi_total": 1, "poi_kuliner": 1, "poi_peribadatan": 0, "poi_kesehatan": 0, "poi_pendidikan": 0, "poi_perkantoran": 0, "poi_pariwisata": 0, "poi_perdagangan": 0, "poi_transportasi": 0, "penduduk": 416, "densitas_poi": 9.62, "densitas_penduduk": 4003.0, "skor_poi": 0.031, "skor_penduduk": 0.181, "skor_aktivitas": 0.106, "kelas_aktivitas": "Sangat Rendah" }, "geometry": { "type": "Polygon", "coordinates": [ [ [ 110.355858326353996, -7.766271870767637 ], [ 110.354288943751754, -7.765364980006343 ], [ 110.352716799489087, -7.766267098802458 ], [ 110.352714030114683, -7.768076113484049 ], [ 110.35428341844154, -7.768983010495632 ], [ 110.355855570418214, -7.768080886573973 ], [ 110.355858326353996, -7.766271870767637 ] ] ] } },
{ "type": "Feature", "properties": { "hex_id": 377, "luas_km2": 0.1039, "poi_total": 0, "poi_kuliner": 0, "poi_peribadatan": 0, "poi_kesehatan": 0, "poi_pendidikan": 0, "poi_perkantoran": 0, "poi_pariwisata": 0, "poi_perdagangan": 0, "poi_transportasi": 0, "penduduk": 56, "densitas_poi": 0.0, "densitas_penduduk": 538.9, "skor_poi": 0.0, "skor_penduduk": 0.024, "skor_aktivitas": 0.012, "kelas_aktivitas": "Sangat Rendah" }, "geometry": { "type": "Polygon", "coordinates": [ [ [ 110.365282918817172, -7.766286047386255 ], [ 110.363713513101885, -7.765379189769461 ], [ 110.362141386027716, -7.766281345059607 ], [ 110.362138656969293, -7.768090363099013 ], [ 110.363708068423776, -7.768997226957962 ], [ 110.3652802031975, -7.76809506653399 ], [ 110.365282918817172, -7.766286047386255 ] ] ] } }
]
}
