{
"type": "FeatureCollection",
"name": "Heksagon_Potensi_Aktivitas_Yogyakarta_R250",
"crs": { "type": "name", "properties": { "name": "urn:ogc:def:crs:OGC:1.3:CRS84" } },
"features": [
{ "type": "Feature", "properties": { "hex_id": 0, "hex_r_m": 250.0, "luas_km2": 0.1624, "poi_total": 0, "poi_kuliner": 0, "poi_peribadatan": 0, "poi_kesehatan": 0, "poi_pendidikan": 0, "poi_perkantoran": 0, "poi_pariwisata": 0, "poi_perdagangan": 0, "poi_transportasi": 0, "penduduk": 16, "densitas_poi": 0.0, "densitas_penduduk": 98.5, "skor_poi": 0.0, "skor_penduduk": 0.004, "skor_aktivitas": 0.002, "kelas_aktivitas": "Sangat Rendah" }, "geometry": { "type": "Polygon", "coordinates": [ [ [ 110.387952727068011, -7.839463733952928 ], [ 110.385990576143854, -7.838330238292831 ], [ 110.384025111488086, -7.839458008732322 ], [ 110.384021785676069, -7.841719282966336 ], [ 110.385983945722813, -7.842852788434922 ], [ 110.387949422459016, -7.841725009858353 ], [ 110.387952727068011, -7.839463733952928 ] ] ] } },
{ "type": "Feature", "properties": { "hex_id": 1, "hex_r_m": 250.0, "luas_km2": 0.1624, "poi_total": 0, "poi_kuliner": 0, "poi_peribadatan": 0, "poi_kesehatan": 0, "poi_pendidikan": 0, "poi_perkantoran": 0, "poi_pariwisata": 0, "poi_perdagangan": 0, "poi_transportasi": 0, "penduduk": 261, "densitas_poi": 0.0, "densitas_penduduk": 1607.3, "skor_poi": 0.0, "skor_penduduk": 0.073, "skor_aktivitas": 0.036, "kelas_aktivitas": "Sangat Rendah" }, "geometry": { "type": "Polygon", "coordinates": [ [ [ 110.391880345596306, -7.839469422556748 ], [ 110.389918182601178, -7.838335944372036 ], [ 110.387952727068011, -7.839463733952928 ], [ 110.387949422459016, -7.841725009858353 ], [ 110.389911594586223, -7.842858497846256 ], [ 110.391877062190375, -7.841730700122894 ], [ 110.391880345596306, -7.839469422556748 ] ] ] } },
{ "type": "Feature", "properties": { "hex_id": 2, "hex_r_m": 250.0, "luas_km2": 0.1624, "poi_total": 0, "poi_kuliner": 0, "poi_peribadatan": 0, "poi_kesehatan": 0, "poi_pendidikan": 0, "poi_perkantoran": 0, "poi_pariwisata": 0, "poi_perdagangan": 0, "poi_transportasi": 0, "penduduk": 26, "densitas_poi": 0.0, "densitas_penduduk": 160.1, "skor_poi": 0.0, "skor_penduduk": 0.007, "skor_aktivitas": 0.004, "kelas_aktivitas": "Sangat Rendah" }, "geometry": { "type": "Polygon", "coordinates": [ [ [ 110.385993889875479, -7.836068962856392 ], [ 110.384031760144865, -7.83493545953352 ], [ 110.382066307569445, -7.836063221842545 ], [ 110.382062972644306, -7.838324495602255 ], [ 110.384025111488086, -7.839458008732322 ], [ 110.385990576143854, -7.838330238292831 ], [ 110.385993889875479, -7.836068962856392 ] ] ] } },
{ "type": "Feature", "properties": { "hex_id": 3, "hex_r_m": 250.0, "luas_km2": 0.1624, "poi_total": 4, "poi_kuliner": 0, "poi_peribadatan": 0, "poi_kesehatan": 1, "poi_pendidikan": 0, "poi_perkantoran": 3, "poi_pariwisata": 0, "poi_perdagangan": 0, "poi_transportasi": 0, "penduduk": 747, "densitas_poi": 24.63, "densitas_penduduk": 4600.3, "skor_poi": 0.085, "skor_penduduk": 0.208, "skor_aktivitas": 0.146, "kelas_aktivitas": "Sangat Rendah" }, "geometry": { "type": "Polygon", "coordinates": [ [ [ 110.389921475139218, -7.836074667269557 ], [ 110.387959333337719, -7.834941181411357 ], [ 110.385993889875479, -7.836068962856392 ], [ 110.385990576143854, -7.838330238292831 ], [ 110.387952727068011, -7.839463733952928 ], [ 110.389918182601178, -7.838335944372036 ], [ 110.389921475139218, -7.836074667269557 ] ] ] } },
{ "type": "Feature", "properties": { "hex_id": 4, "hex_r_m": 250.0, "luas_km2": 0.1624, "poi_total": 1, "poi_kuliner": 0, "poi_peribadatan": 0, "poi_kesehatan": 0, "poi_pendidikan": 0, "poi_perkantoran": 0, "poi_pariwisata": 1, "poi_perdagangan": 0, "poi_transportasi": 0, "penduduk": 553, "densitas_poi": 6.16, "densitas_penduduk": 3405.6, "skor_poi": 0.021, "skor_penduduk": 0.154, "skor_aktivitas": 0.088, "kelas_aktivitas": "Sangat Rendah" }, "geometry": { "type": "Polygon", "coordinates": [ [ [ 110.393849063341719, -7.836080335081901 ], [ 110.391886909478757, -7.834946866693786 ], [ 110.389921475139218, -7.836074667269557 ], [ 110.389918182601178, -7.838335944372036 ], [ 110.391880345596306, -7.839469422556748 ], [ 110.393845791997336, -7.838341613839731 ], [ 110.393849063341719, -7.836080335081901 ] ] ] } },
{ "type": "Feature", "properties": { "hex_id": 5, "hex_r_m": 250.0, "luas_km2": 0.1624, "poi_total": 0, "poi_kuliner": 0, "poi_peribadatan": 0, "poi_kesehatan": 0, "poi_pendidikan": 0, "poi_perkantoran": 0, "poi_pariwisata": 0, "poi_perdagangan": 0, "poi_transportasi": 0, "penduduk": 84, "densitas_poi": 0.0, "densitas_penduduk": 517.3, "skor_poi": 0.0, "skor_penduduk": 0.023, "skor_aktivitas": 0.012, "kelas_aktivitas": "Sangat Rendah" }, "geometry": { "type": "Polygon", "coordinates": [ [ [ 110.397776654464082, -7.836085966293295 ], [ 110.395814488549064, -7.834952515380674 ], [ 110.393849063341719, -7.836080335081901 ], [ 110.393845791997336, -7.838341613839731 ], [ 110.395807967054026, -7.839475074543648 ], [ 110.397773404313455, -7.838347246695782 ], [ 110.397776654464082, -7.836085966293295 ] ] ] } },
{ "type": "Feature", "properties": { "hex_id": 6, "hex_r_m": 250.0, "luas_km2": 0.1624, "poi_total": 0, "poi_kuliner": 0, "poi_peribadatan": 0, "poi_kesehatan": 0, "poi_pendidikan": 0, "poi_perkantoran": 0, "poi_pariwisata": 0, "poi_perdagangan": 0, "poi_transportasi": 0, "penduduk": 8, "densitas_poi": 0.0, "densitas_penduduk": 49.3, "skor_poi": 0.0, "skor_penduduk": 0.002, "skor_aktivitas": 0.001, "kelas_aktivitas": "Sangat Rendah" }, "geometry": { "type": "Polygon", "coordinates": [ [ [ 110.380107533947964, -7.832668427777805 ], [ 110.378145437481621, -7.831534899353019 ], [ 110.376179987892186, -7.832662634402293 ], [ 110.376176622679424, -7.834923905992162 ], [ 110.378138728240017, -7.836057444228146 ], [ 110.380104189919138, -7.83492970106041 ], [ 110.380107533947964, -7.832668427777805 ] ] ] } },
{ "type": "Feature", "properties": { "hex_id": 7, "hex_r_m": 250.0, "luas_km2": 0.1624, "poi_total": 0, "poi_kuliner": 0, "poi_peribadatan": 0, "poi_kesehatan": 0, "poi_pendidikan": 0, "poi_perkantoran": 0, "poi_pariwisata": 0, "poi_perdagangan": 0, "poi_transportasi": 0, "penduduk": 8, "densitas_poi": 0.0, "densitas_penduduk": 49.3, "skor_poi": 0.0, "skor_penduduk": 0.002, "skor_aktivitas": 0.001, "kelas_aktivitas": "Sangat Rendah" }, "geometry": { "type": "Polygon", "coordinates": [ [ [ 110.384035082989683, -7.832674184568864 ], [ 110.382072974443119, -7.831540673592633 ], [ 110.380107533947964, -7.832668427777805 ], [ 110.380104189919138, -7.83492970106041 ], [ 110.382066307569445, -7.836063221842545 ], [ 110.384031760144865, -7.83493545953352 ], [ 110.384035082989683, -7.832674184568864 ] ] ] } },
{ "type": "Feature", "properties": { "hex_id": 8, "hex_r_m": 250.0, "luas_km2": 0.1624, "poi_total": 1, "poi_kuliner": 0, "poi_peribadatan": 0, "poi_kesehatan": 0, "poi_pendidikan": 1, "poi_perkantoran": 0, "poi_pariwisata": 0, "poi_perdagangan": 0, "poi_transportasi": 0, "penduduk": 555, "densitas_poi": 6.16, "densitas_penduduk": 3417.9, "skor_poi": 0.021, "skor_penduduk": 0.155, "skor_aktivitas": 0.088, "kelas_aktivitas": "Sangat Rendah" }, "geometry": { "type": "Polygon", "coordinates": [ [ [ 110.387962634998445, -7.832679904775344 ], [ 110.386000514381053, -7.83154641125307 ], [ 110.384035082989683, -7.832674184568864 ], [ 110.384031760144865, -7.83493545953352 ], [ 110.385993889875479, -7.836068962856392 ], [ 110.387959333337719, -7.834941181411357 ], [ 110.387962634998445, -7.832679904775344 ] ] ] } },
{ "type": "Feature", "properties": { "hex_id": 9, "hex_r_m": 250.0, "luas_km2": 0.1624, "poi_total": 16, "poi_kuliner": 3, "poi_peribadatan": 1, "poi_kesehatan": 7, "poi_pendidikan": 3, "poi_perkantoran": 1, "poi_pariwisata": 0, "poi_perdagangan": 1, "poi_transportasi": 0, "penduduk": 1426, "densitas_poi": 98.53, "densitas_penduduk": 8781.9, "skor_poi": 0.34, "skor_penduduk": 0.398, "skor_aktivitas": 0.369, "kelas_aktivitas": "Sedang" }, "geometry": { "type": "Polygon", "coordinates": [ [ [ 110.391890189955319, -7.832685588397102 ], [ 110.389928057276549, -7.831552112334207 ], [ 110.387962634998445, -7.832679904775344 ], [ 110.387959333337719, -7.834941181411357 ], [ 110.389921475139218, -7.836074667269557 ], [ 110.391886909478757, -7.834946866693786 ], [ 110.391890189955319, -7.832685588397102 ] ] ] } },
{ "type": "Feature", "properties": { "hex_id": 10, "hex_r_m": 250.0, "luas_km2": 0.1624, "poi_total": 4, "poi_kuliner": 0, "poi_peribadatan": 0, "poi_kesehatan": 0, "poi_pendidikan": 1, "poi_perkantoran": 1, "poi_pariwisata": 2, "poi_perdagangan": 0, "poi_transportasi": 0, "penduduk": 1275, "densitas_poi": 24.63, "densitas_penduduk": 7852.0, "skor_poi": 0.085, "skor_penduduk": 0.356, "skor_aktivitas": 0.22, "kelas_aktivitas": "Rendah" }, "geometry": { "type": "Polygon", "coordinates": [ [ [ 110.395817747841392, -7.832691235434012 ], [ 110.393855603110651, -7.831557776835903 ], [ 110.391890189955319, -7.832685588397102 ], [ 110.391886909478757, -7.834946866693786 ], [ 110.393849063341719, -7.836080335081901 ], [ 110.395814488549064, -7.834952515380674 ], [ 110.395817747841392, -7.832691235434012 ] ] ] } },
{ "type": "Feature", "properties": { "hex_id": 11, "hex_r_m": 250.0, "luas_km2": 0.1624, "poi_total": 4, "poi_kuliner": 1, "poi_peribadatan": 1, "poi_kesehatan": 0, "poi_pendidikan": 2, "poi_perkantoran": 0, "poi_pariwisata": 0, "poi_perdagangan": 0, "poi_transportasi": 0, "penduduk": 471, "densitas_poi": 24.63, "densitas_penduduk": 2900.6, "skor_poi": 0.085, "skor_penduduk": 0.131, "skor_aktivitas": 0.108, "kelas_aktivitas": "Sangat Rendah" }, "geometry": { "type": "Polygon", "coordinates": [ [ [ 110.399745308637762, -7.83269684588594 ], [ 110.397783151864459, -7.831563404758026 ], [ 110.395817747841392, -7.832691235434012 ], [ 110.395814488549064, -7.834952515380674 ], [ 110.397776654464082, -7.836085966293295 ], [ 110.39974207052974, -7.834958127471893 ], [ 110.399745308637762, -7.83269684588594 ] ] ] } },
{ "type": "Feature", "properties": { "hex_id": 12, "hex_r_m": 250.0, "luas_km2": 0.1624, "poi_total": 3, "poi_kuliner": 0, "poi_peribadatan": 1, "poi_kesehatan": 2, "poi_pendidikan": 0, "poi_perkantoran": 0, "poi_pariwisata": 0, "poi_perdagangan": 0, "poi_transportasi": 0, "penduduk": 268, "densitas_poi": 18.48, "densitas_penduduk": 1650.5, "skor_poi": 0.064, "skor_penduduk": 0.075, "skor_aktivitas": 0.07, "kelas_aktivitas": "Sangat Rendah" }, "geometry": { "type": "Polygon", "coordinates": [ [ [ 110.403672872325487, -7.832702419752756 ], [ 110.401710703519043, -7.831568996100449 ], [ 110.399745308637762, -7.83269684588594 ], [ 110.39974207052974, -7.834958127471893 ], [ 110.401704248487391, -7.836091560903609 ], [ 110.40366965540187, -7.834963702967307 ], [ 110.403672872325487, -7.832702419752756 ] ] ] } },
{ "type": "Feature", "properties": { "hex_id": 13, "hex_r_m": 250.0, "luas_km2": 0.1624, "poi_total": 2, "poi_kuliner": 0, "poi_peribadatan": 1, "poi_kesehatan": 0, "poi_pendidikan": 1, "poi_perkantoran": 0, "poi_pariwisata": 0, "poi_perdagangan": 0, "poi_transportasi": 0, "penduduk": 820, "densitas_poi": 12.32, "densitas_penduduk": 5049.9, "skor_poi": 0.043, "skor_penduduk": 0.229, "skor_aktivitas": 0.136, "kelas_aktivitas": "Sangat Rendah" }, "geometry": { "type": "Polygon", "coordinates": [ [ [ 110.37814879060474, -7.829273626550316 ], [ 110.376186715312869, -7.82814009049229 ], [ 110.374221277813035, -7.829267817429722 ], [ 110.374217903515486, -7.831529088534366 ], [ 110.376179987892186, -7.832662634402293 ], [ 110.378145437481621, -7.831534899353019 ], [ 110.37814879060474, -7.829273626550316 ] ] ] } },
{ "type": "Feature", "properties": { "hex_id": 14, "hex_r_m": 250.0, "luas_km2": 0.1624, "poi_total": 0, "poi_kuliner": 0, "poi_peribadatan": 0, "poi_kesehatan": 0, "poi_pendidikan": 0, "poi_perkantoran": 0, "poi_pariwisata": 0, "poi_perdagangan": 0, "poi_transportasi": 0, "penduduk": 339, "densitas_poi": 0.0, "densitas_penduduk": 2087.7, "skor_poi": 0.0, "skor_penduduk": 0.095, "skor_aktivitas": 0.048, "kelas_aktivitas": "Sangat Rendah" }, "geometry": { "type": "Polygon", "coordinates": [ [ [ 110.382076306391724, -7.829279399102563 ], [ 110.380114219019703, -7.828145880482379 ], [ 110.37814879060474, -7.829273626550316 ], [ 110.378145437481621, -7.831534899353019 ], [ 110.380107533947964, -7.832668427777805 ], [ 110.382072974443119, -7.831540673592633 ], [ 110.382076306391724, -7.829279399102563 ] ] ] } },
{ "type": "Feature", "properties": { "hex_id": 15, "hex_r_m": 250.0, "luas_km2": 0.1624, "poi_total": 1, "poi_kuliner": 0, "poi_peribadatan": 0, "poi_kesehatan": 0, "poi_pendidikan": 1, "poi_perkantoran": 0, "poi_pariwisata": 0, "poi_perdagangan": 0, "poi_transportasi": 0, "penduduk": 339, "densitas_poi": 6.16, "densitas_penduduk": 2087.7, "skor_poi": 0.021, "skor_penduduk": 0.095, "skor_aktivitas": 0.058, "kelas_aktivitas": "Sangat Rendah" }, "geometry": { "type": "Polygon", "coordinates": [ [ [ 110.386003825155086, -7.829285135086325 ], [ 110.384041725712322, -7.828151633909397 ], [ 110.382076306391724, -7.829279399102563 ], [ 110.382072974443119, -7.831540673592633 ], [ 110.384035082989683, -7.832674184568864 ], [ 110.386000514381053, -7.83154641125307 ], [ 110.386003825155086, -7.829285135086325 ] ] ] } },
{ "type": "Feature", "properties": { "hex_id": 16, "hex_r_m": 250.0, "luas_km2": 0.1624, "poi_total": 10, "poi_kuliner": 0, "poi_peribadatan": 1, "poi_kesehatan": 0, "poi_pendidikan": 7, "poi_perkantoran": 0, "poi_pariwisata": 0, "poi_perdagangan": 2, "poi_transportasi": 0, "penduduk": 1360, "densitas_poi": 61.58, "densitas_penduduk": 8375.4, "skor_poi": 0.213, "skor_penduduk": 0.379, "skor_aktivitas": 0.296, "kelas_aktivitas": "Rendah" }, "geometry": { "type": "Polygon", "coordinates": [ [ [ 110.389931346875883, -7.829290834501474 ], [ 110.387969235371827, -7.82815735077321 ], [ 110.386003825155086, -7.829285135086325 ], [ 110.386000514381053, -7.83154641125307 ], [ 110.387962634998445, -7.832679904775344 ], [ 110.389928057276549, -7.831552112334207 ], [ 110.389931346875883, -7.829290834501474 ] ] ] } },
{ "type": "Feature", "properties": { "hex_id": 17, "hex_r_m": 250.0, "luas_km2": 0.1624, "poi_total": 6, "poi_kuliner": 4, "poi_peribadatan": 0, "poi_kesehatan": 1, "poi_pendidikan": 1, "poi_perkantoran": 0, "poi_pariwisata": 0, "poi_perdagangan": 0, "poi_transportasi": 0, "penduduk": 1349, "densitas_poi": 36.95, "densitas_penduduk": 8307.7, "skor_poi": 0.128, "skor_penduduk": 0.376, "skor_aktivitas": 0.252, "kelas_aktivitas": "Rendah" }, "geometry": { "type": "Polygon", "coordinates": [ [ [ 110.393858871535244, -7.82929649734787 ], [ 110.391896747979288, -7.828163031073681 ], [ 110.389931346875883, -7.829290834501474 ], [ 110.389928057276549, -7.831552112334207 ], [ 110.391890189955319, -7.832685588397102 ], [ 110.393855603110651, -7.831557776835903 ], [ 110.393858871535244, -7.82929649734787 ] ] ] } },
{ "type": "Feature", "properties": { "hex_id": 18, "hex_r_m": 250.0, "luas_km2": 0.1624, "poi_total": 1, "poi_kuliner": 0, "poi_peribadatan": 0, "poi_kesehatan": 0, "poi_pendidikan": 1, "poi_perkantoran": 0, "poi_pariwisata": 0, "poi_perdagangan": 0, "poi_transportasi": 0, "penduduk": 134, "densitas_poi": 6.16, "densitas_penduduk": 825.2, "skor_poi": 0.021, "skor_penduduk": 0.037, "skor_aktivitas": 0.029, "kelas_aktivitas": "Sangat Rendah" }, "geometry": { "type": "Polygon", "coordinates": [ [ [ 110.397786399114239, -7.829302123625384 ], [ 110.395824263515792, -7.828168674810682 ], [ 110.393858871535244, -7.82929649734787 ], [ 110.393855603110651, -7.831557776835903 ], [ 110.395817747841392, -7.832691235434012 ], [ 110.397783151864459, -7.831563404758026 ], [ 110.397786399114239, -7.829302123625384 ] ] ] } },
{ "type": "Feature", "properties": { "hex_id": 19, "hex_r_m": 250.0, "luas_km2": 0.1624, "poi_total": 13, "poi_kuliner": 0, "poi_peribadatan": 6, "poi_kesehatan": 0, "poi_pendidikan": 3, "poi_perkantoran": 0, "poi_pariwisata": 2, "poi_perdagangan": 2, "poi_transportasi": 0, "penduduk": 1596, "densitas_poi": 80.06, "densitas_penduduk": 9828.8, "skor_poi": 0.277, "skor_penduduk": 0.445, "skor_aktivitas": 0.361, "kelas_aktivitas": "Sedang" }, "geometry": { "type": "Polygon", "coordinates": [ [ [ 110.401713929593924, -7.829307713333884 ], [ 110.399751781962436, -7.828174281984081 ], [ 110.397786399114239, -7.829302123625384 ], [ 110.397783151864459, -7.831563404758026 ], [ 110.399745308637762, -7.83269684588594 ], [ 110.401710703519043, -7.831568996100449 ], [ 110.401713929593924, -7.829307713333884 ] ] ] } },
{ "type": "Feature", "properties": { "hex_id": 20, "hex_r_m": 250.0, "luas_km2": 0.1624, "poi_total": 7, "poi_kuliner": 0, "poi_peribadatan": 2, "poi_kesehatan": 0, "poi_pendidikan": 4, "poi_perkantoran": 1, "poi_pariwisata": 0, "poi_perdagangan": 0, "poi_transportasi": 0, "penduduk": 1453, "densitas_poi": 43.11, "densitas_penduduk": 8948.2, "skor_poi": 0.149, "skor_penduduk": 0.405, "skor_aktivitas": 0.277, "kelas_aktivitas": "Rendah" }, "geometry": { "type": "Polygon", "coordinates": [ [ [ 110.40564146295543, -7.829313266473244 ], [ 110.403679303300279, -7.828179852593744 ], [ 110.401713929593924, -7.829307713333884 ], [ 110.401710703519043, -7.831568996100449 ], [ 110.403672872325487, -7.832702419752756 ], [ 110.405638258055518, -7.831574550863037 ], [ 110.40564146295543, -7.829313266473244 ] ] ] } },
{ "type": "Feature", "properties": { "hex_id": 21, "hex_r_m": 250.0, "luas_km2": 0.1624, "poi_total": 0, "poi_kuliner": 0, "poi_peribadatan": 0, "poi_kesehatan": 0, "poi_pendidikan": 0, "poi_perkantoran": 0, "poi_pariwisata": 0, "poi_perdagangan": 0, "poi_transportasi": 0, "penduduk": 32, "densitas_poi": 0.0, "densitas_penduduk": 197.1, "skor_poi": 0.0, "skor_penduduk": 0.009, "skor_aktivitas": 0.004, "kelas_aktivitas": "Sangat Rendah" }, "geometry": { "type": "Polygon", "coordinates": [ [ [ 110.352625246029007, -7.825843320795481 ], [ 110.350663264580291, -7.824709672664515 ], [ 110.348697784916752, -7.825837276635238 ], [ 110.348694274555939, -7.828098536807147 ], [ 110.350656265023076, -7.829232194778502 ], [ 110.352621756832633, -7.8281045827349 ], [ 110.352625246029007, -7.825843320795481 ] ] ] } },
{ "type": "Feature", "properties": { "hex_id": 22, "hex_r_m": 250.0, "luas_km2": 0.1624, "poi_total": 5, "poi_kuliner": 0, "poi_peribadatan": 1, "poi_kesehatan": 0, "poi_pendidikan": 0, "poi_perkantoran": 0, "poi_pariwisata": 0, "poi_perdagangan": 4, "poi_transportasi": 0, "penduduk": 345, "densitas_poi": 30.79, "densitas_penduduk": 2124.6, "skor_poi": 0.106, "skor_penduduk": 0.096, "skor_aktivitas": 0.101, "kelas_aktivitas": "Sangat Rendah" }, "geometry": { "type": "Polygon", "coordinates": [ [ [ 110.356552710259365, -7.825849328404309 ], [ 110.354590716674096, -7.824715697667995 ], [ 110.352625246029007, -7.825843320795481 ], [ 110.352621756832647, -7.8281045827349 ], [ 110.354583759445845, -7.829238223306307 ], [ 110.35654924222753, -7.828110592100546 ], [ 110.356552710259365, -7.825849328404309 ] ] ] } },
{ "type": "Feature", "properties": { "hex_id": 23, "hex_r_m": 250.0, "luas_km2": 0.1624, "poi_total": 1, "poi_kuliner": 0, "poi_peribadatan": 1, "poi_kesehatan": 0, "poi_pendidikan": 0, "poi_perkantoran": 0, "poi_pariwisata": 0, "poi_perdagangan": 0, "poi_transportasi": 0, "penduduk": 345, "densitas_poi": 6.16, "densitas_penduduk": 2124.6, "skor_poi": 0.021, "skor_penduduk": 0.096, "skor_aktivitas": 0.058, "kelas_aktivitas": "Sangat Rendah" }, "geometry": { "type": "Polygon", "coordinates": [ [ [ 110.36048017758894, -7.825855299461578 ], [ 110.358518171876497, -7.824721686125329 ], [ 110.356552710259379, -7.825849328404309 ], [ 110.35654924222753, -7.828110592100546 ], [ 110.358511256977394, -7.82924421526659 ], [ 110.3604767307217, -7.828116564903945 ], [ 110.36048017758894, -7.825855299461578 ] ] ] } },
{ "type": "Feature", "properties": { "hex_id": 24, "hex_r_m": 250.0, "luas_km2": 0.1624, "poi_total": 3, "poi_kuliner": 0, "poi_peribadatan": 1, "poi_kesehatan": 0, "poi_pendidikan": 2, "poi_perkantoran": 0, "poi_pariwisata": 0, "poi_perdagangan": 0, "poi_transportasi": 0, "penduduk": 285, "densitas_poi": 18.48, "densitas_penduduk": 1755.1, "skor_poi": 0.064, "skor_penduduk": 0.079, "skor_aktivitas": 0.072, "kelas_aktivitas": "Sangat Rendah" }, "geometry": { "type": "Polygon", "coordinates": [ [ [ 110.364407647998789, -7.825861233967149 ], [ 110.362445630168594, -7.82472763803638 ], [ 110.36048017758894, -7.825855299461578 ], [ 110.3604767307217, -7.828116564903945 ], [ 110.362438757598795, -7.829250170659212 ], [ 110.36440422229623, -7.828122501144958 ], [ 110.364407647998789, -7.825861233967149 ] ] ] } },
{ "type": "Feature", "properties": { "hex_id": 25, "hex_r_m": 250.0, "luas_km2": 0.1624, "poi_total": 3, "poi_kuliner": 1, "poi_peribadatan": 0, "poi_kesehatan": 2, "poi_pendidikan": 0, "poi_perkantoran": 0, "poi_pariwisata": 0, "poi_perdagangan": 0, "poi_transportasi": 0, "penduduk": 417, "densitas_poi": 18.48, "densitas_penduduk": 2568.1, "skor_poi": 0.064, "skor_penduduk": 0.116, "skor_aktivitas": 0.09, "kelas_aktivitas": "Sangat Rendah" }, "geometry": { "type": "Polygon", "coordinates": [ [ [ 110.368335121469983, -7.825867131920882 ], [ 110.366373091531486, -7.82473355340101 ], [ 110.364407647998789, -7.825861233967149 ], [ 110.36440422229623, -7.828122501144958 ], [ 110.366366261291148, -7.829256089484033 ], [ 110.368331716932218, -7.828128400823442 ], [ 110.368335121469983, -7.825867131920882 ] ] ] } },
{ "type": "Feature", "properties": { "hex_id": 26, "hex_r_m": 250.0, "luas_km2": 0.1624, "poi_total": 0, "poi_kuliner": 0, "poi_peribadatan": 0, "poi_kesehatan": 0, "poi_pendidikan": 0, "poi_perkantoran": 0, "poi_pariwisata": 0, "poi_perdagangan": 0, "poi_transportasi": 0, "penduduk": 107, "densitas_poi": 0.0, "densitas_penduduk": 658.9, "skor_poi": 0.0, "skor_penduduk": 0.03, "skor_aktivitas": 0.015, "kelas_aktivitas": "Sangat Rendah" }, "geometry": { "type": "Polygon", "coordinates": [ [ [ 110.372262597983635, -7.825872993322646 ], [ 110.37030055594623, -7.824739432219076 ], [ 110.368335121469983, -7.825867131920882 ], [ 110.368331716932218, -7.828128400823442 ], [ 110.370293768035538, -7.829261971740916 ], [ 110.372259214610736, -7.828134263939265 ], [ 110.372262597983635, -7.825872993322646 ] ] ] } },
{ "type": "Feature", "properties": { "hex_id": 27, "hex_r_m": 250.0, "luas_km2": 0.1624, "poi_total": 1, "poi_kuliner": 0, "poi_peribadatan": 1, "poi_kesehatan": 0, "poi_pendidikan": 0, "poi_perkantoran": 0, "poi_pariwisata": 0, "poi_perdagangan": 0, "poi_transportasi": 0, "penduduk": 164, "densitas_poi": 6.16, "densitas_penduduk": 1010.0, "skor_poi": 0.021, "skor_penduduk": 0.046, "skor_aktivitas": 0.034, "kelas_aktivitas": "Sangat Rendah" }, "geometry": { "type": "Polygon", "coordinates": [ [ [ 110.376190077520832, -7.825878818172294 ], [ 110.37422802339394, -7.824745274490446 ], [ 110.372262597983635, -7.825872993322646 ], [ 110.372259214610736, -7.828134263939265 ], [ 110.374221277813035, -7.829267817429722 ], [ 110.376186715312869, -7.82814009049229 ], [ 110.376190077520832, -7.825878818172294 ] ] ] } },
{ "type": "Feature", "properties": { "hex_id": 28, "hex_r_m": 250.0, "luas_km2": 0.1624, "poi_total": 7, "poi_kuliner": 0, "poi_peribadatan": 2, "poi_kesehatan": 3, "poi_pendidikan": 2, "poi_perkantoran": 0, "poi_pariwisata": 0, "poi_perdagangan": 0, "poi_transportasi": 0, "penduduk": 1426, "densitas_poi": 43.11, "densitas_penduduk": 8781.9, "skor_poi": 0.149, "skor_penduduk": 0.398, "skor_aktivitas": 0.274, "kelas_aktivitas": "Rendah" }, "geometry": { "type": "Polygon", "coordinates": [ [ [ 110.380117560062658, -7.825884606469698 ], [ 110.378155493855687, -7.82475108021498 ], [ 110.376190077520832, -7.825878818172294 ], [ 110.376186715312869, -7.82814009049229 ], [ 110.37814879060474, -7.829273626550316 ], [ 110.380114219019703, -7.828145880482379 ], [ 110.380117560062658, -7.825884606469698 ] ] ] } },
{ "type": "Feature", "properties": { "hex_id": 29, "hex_r_m": 250.0, "luas_km2": 0.1624, "poi_total": 9, "poi_kuliner": 3, "poi_peribadatan": 3, "poi_kesehatan": 2, "poi_pendidikan": 1, "poi_perkantoran": 0, "poi_pariwisata": 0, "poi_perdagangan": 0, "poi_transportasi": 0, "penduduk": 1407, "densitas_poi": 55.43, "densitas_penduduk": 8664.9, "skor_poi": 0.191, "skor_penduduk": 0.392, "skor_aktivitas": 0.292, "kelas_aktivitas": "Rendah" }, "geometry": { "type": "Polygon", "coordinates": [ [ [ 110.384045045590184, -7.825890358214718 ], [ 110.38208296731257, -7.824756849392545 ], [ 110.380117560062658, -7.825884606469698 ], [ 110.380114219019703, -7.828145880482379 ], [ 110.382076306391724, -7.829279399102563 ], [ 110.384041725712322, -7.828151633909397 ], [ 110.384045045590184, -7.825890358214718 ] ] ] } },
{ "type": "Feature", "properties": { "hex_id": 30, "hex_r_m": 250.0, "luas_km2": 0.1624, "poi_total": 11, "poi_kuliner": 2, "poi_peribadatan": 2, "poi_kesehatan": 2, "poi_pendidikan": 5, "poi_perkantoran": 0, "poi_pariwisata": 0, "poi_perdagangan": 0, "poi_transportasi": 0, "penduduk": 1426, "densitas_poi": 67.74, "densitas_penduduk": 8781.9, "skor_poi": 0.234, "skor_penduduk": 0.398, "skor_aktivitas": 0.316, "kelas_aktivitas": "Rendah" }, "geometry": { "type": "Polygon", "coordinates": [ [ [ 110.387972534084511, -7.825896073407223 ], [ 110.386010443745661, -7.824762582023007 ], [ 110.384045045590184, -7.825890358214718 ], [ 110.384041725712322, -7.828151633909397 ], [ 110.386003825155086, -7.829285135086325 ], [ 110.387969235371827, -7.82815735077321 ], [ 110.387972534084511, -7.825896073407223 ] ] ] } },
{ "type": "Feature", "properties": { "hex_id": 31, "hex_r_m": 250.0, "luas_km2": 0.1624, "poi_total": 13, "poi_kuliner": 3, "poi_peribadatan": 3, "poi_kesehatan": 6, "poi_pendidikan": 1, "poi_perkantoran": 0, "poi_pariwisata": 0, "poi_perdagangan": 0, "poi_transportasi": 0, "penduduk": 1443, "densitas_poi": 80.06, "densitas_penduduk": 8886.6, "skor_poi": 0.277, "skor_penduduk": 0.403, "skor_aktivitas": 0.34, "kelas_aktivitas": "Sedang" }, "geometry": { "type": "Polygon", "coordinates": [ [ [ 110.391900025526738, -7.825901752047076 ], [ 110.38993792313606, -7.82476827810623 ], [ 110.387972534084511, -7.825896073407223 ], [ 110.387969235371827, -7.82815735077321 ], [ 110.389931346875883, -7.829290834501474 ], [ 110.391896747979288, -7.828163031073681 ], [ 110.391900025526738, -7.825901752047076 ] ] ] } },
{ "type": "Feature", "properties": { "hex_id": 32, "hex_r_m": 250.0, "luas_km2": 0.1624, "poi_total": 13, "poi_kuliner": 2, "poi_peribadatan": 3, "poi_kesehatan": 2, "poi_pendidikan": 5, "poi_perkantoran": 1, "poi_pariwisata": 0, "poi_perdagangan": 0, "poi_transportasi": 0, "penduduk": 1260, "densitas_poi": 80.06, "densitas_penduduk": 7759.6, "skor_poi": 0.277, "skor_penduduk": 0.351, "skor_aktivitas": 0.314, "kelas_aktivitas": "Rendah" }, "geometry": { "type": "Polygon", "coordinates": [ [ [ 110.395827519897907, -7.825907394134152 ], [ 110.393865405464837, -7.824773937642078 ], [ 110.391900025526738, -7.825901752047076 ], [ 110.391896747979288, -7.828163031073681 ], [ 110.393858871535244, -7.82929649734787 ], [ 110.395824263515792, -7.828168674810682 ], [ 110.395827519897907, -7.825907394134152 ] ] ] } },
{ "type": "Feature", "properties": { "hex_id": 33, "hex_r_m": 250.0, "luas_km2": 0.1624, "poi_total": 10, "poi_kuliner": 2, "poi_peribadatan": 3, "poi_kesehatan": 2, "poi_pendidikan": 2, "poi_perkantoran": 1, "poi_pariwisata": 0, "poi_perdagangan": 0, "poi_transportasi": 0, "penduduk": 1318, "densitas_poi": 61.58, "densitas_penduduk": 8116.8, "skor_poi": 0.213, "skor_penduduk": 0.368, "skor_aktivitas": 0.29, "kelas_aktivitas": "Rendah" }, "geometry": { "type": "Polygon", "coordinates": [ [ [ 110.399755017179146, -7.825912999668308 ], [ 110.397792890713092, -7.824779560630425 ], [ 110.395827519897907, -7.825907394134152 ], [ 110.395824263515792, -7.828168674810682 ], [ 110.397786399114239, -7.829302123625384 ], [ 110.399751781962436, -7.828174281984081 ], [ 110.399755017179146, -7.825912999668308 ] ] ] } },
{ "type": "Feature", "properties": { "hex_id": 34, "hex_r_m": 250.0, "luas_km2": 0.1624, "poi_total": 20, "poi_kuliner": 4, "poi_peribadatan": 8, "poi_kesehatan": 6, "poi_pendidikan": 2, "poi_perkantoran": 0, "poi_pariwisata": 0, "poi_perdagangan": 0, "poi_transportasi": 0, "penduduk": 1951, "densitas_poi": 123.17, "densitas_penduduk": 12015.0, "skor_poi": 0.426, "skor_penduduk": 0.544, "skor_aktivitas": 0.485, "kelas_aktivitas": "Tinggi" }, "geometry": { "type": "Polygon", "coordinates": [ [ [ 110.403682517351527, -7.825918568649424 ], [ 110.40172037886191, -7.824785147071138 ], [ 110.399755017179146, -7.825912999668308 ], [ 110.399751781962436, -7.828174281984081 ], [ 110.401713929593924, -7.829307713333884 ], [ 110.403679303300279, -7.828179852593744 ], [ 110.403682517351527, -7.825918568649424 ] ] ] } },
{ "type": "Feature", "properties": { "hex_id": 35, "hex_r_m": 250.0, "luas_km2": 0.1624, "poi_total": 6, "poi_kuliner": 3, "poi_peribadatan": 0, "poi_kesehatan": 2, "poi_pendidikan": 1, "poi_perkantoran": 0, "poi_pariwisata": 0, "poi_perdagangan": 0, "poi_transportasi": 0, "penduduk": 495, "densitas_poi": 36.95, "densitas_penduduk": 3048.4, "skor_poi": 0.128, "skor_penduduk": 0.138, "skor_aktivitas": 0.133, "kelas_aktivitas": "Sangat Rendah" }, "geometry": { "type": "Polygon", "coordinates": [ [ [ 110.40761002039612, -7.825924101077364 ], [ 110.405647869892377, -7.824790696964083 ], [ 110.403682517351527, -7.825918568649424 ], [ 110.403679303300279, -7.828179852593744 ], [ 110.40564146295543, -7.829313266473244 ], [ 110.407606827510449, -7.828185386639545 ], [ 110.40761002039612, -7.825924101077364 ] ] ] } },
{ "type": "Feature", "properties": { "hex_id": 36, "hex_r_m": 250.0, "luas_km2": 0.1624, "poi_total": 5, "poi_kuliner": 2, "poi_peribadatan": 2, "poi_kesehatan": 1, "poi_pendidikan": 0, "poi_perkantoran": 0, "poi_pariwisata": 0, "poi_perdagangan": 0, "poi_transportasi": 0, "penduduk": 1653, "densitas_poi": 30.79, "densitas_penduduk": 10179.8, "skor_poi": 0.106, "skor_penduduk": 0.461, "skor_aktivitas": 0.284, "kelas_aktivitas": "Rendah" }, "geometry": { "type": "Polygon", "coordinates": [ [ [ 110.354594193733888, -7.822454434483848 ], [ 110.352632221303679, -7.821320796186671 ], [ 110.350666762795129, -7.822448411242505 ], [ 110.350663264580291, -7.824709672664515 ], [ 110.352625246029007, -7.825843320795481 ], [ 110.354590716674096, -7.824715697667995 ], [ 110.354594193733888, -7.822454434483848 ] ] ] } },
{ "type": "Feature", "properties": { "hex_id": 37, "hex_r_m": 250.0, "luas_km2": 0.1624, "poi_total": 11, "poi_kuliner": 4, "poi_peribadatan": 4, "poi_kesehatan": 2, "poi_pendidikan": 0, "poi_perkantoran": 1, "poi_pariwisata": 0, "poi_perdagangan": 0, "poi_transportasi": 0, "penduduk": 2213, "densitas_poi": 67.74, "densitas_penduduk": 13628.5, "skor_poi": 0.234, "skor_penduduk": 0.617, "skor_aktivitas": 0.426, "kelas_aktivitas": "Sedang" }, "geometry": { "type": "Polygon", "coordinates": [ [ [ 110.358521627781187, -7.822460421189737 ], [ 110.356559643223903, -7.821326800281915 ], [ 110.354594193733902, -7.822454434483848 ], [ 110.354590716674096, -7.824715697667995 ], [ 110.356552710259379, -7.825849328404309 ], [ 110.358518171876497, -7.824721686125329 ], [ 110.358521627781187, -7.822460421189737 ] ] ] } },
{ "type": "Feature", "properties": { "hex_id": 38, "hex_r_m": 250.0, "luas_km2": 0.1624, "poi_total": 13, "poi_kuliner": 6, "poi_peribadatan": 1, "poi_kesehatan": 5, "poi_pendidikan": 1, "poi_perkantoran": 0, "poi_pariwisata": 0, "poi_perdagangan": 0, "poi_transportasi": 0, "penduduk": 1881, "densitas_poi": 80.06, "densitas_penduduk": 11584.0, "skor_poi": 0.277, "skor_penduduk": 0.525, "skor_aktivitas": 0.401, "kelas_aktivitas": "Sedang" }, "geometry": { "type": "Polygon", "coordinates": [ [ [ 110.362449064918096, -7.822466371360029 ], [ 110.360487068243145, -7.821332767846978 ], [ 110.358521627781187, -7.822460421189737 ], [ 110.358518171876497, -7.824721686125329 ], [ 110.36048017758894, -7.825855299461578 ], [ 110.362445630168594, -7.82472763803638 ], [ 110.362449064918096, -7.822466371360029 ] ] ] } },
{ "type": "Feature", "properties": { "hex_id": 39, "hex_r_m": 250.0, "luas_km2": 0.1624, "poi_total": 16, "poi_kuliner": 4, "poi_peribadatan": 2, "poi_kesehatan": 6, "poi_pendidikan": 3, "poi_perkantoran": 1, "poi_pariwisata": 0, "poi_perdagangan": 0, "poi_transportasi": 0, "penduduk": 2192, "densitas_poi": 98.53, "densitas_penduduk": 13499.2, "skor_poi": 0.34, "skor_penduduk": 0.611, "skor_aktivitas": 0.476, "kelas_aktivitas": "Tinggi" }, "geometry": { "type": "Polygon", "coordinates": [ [ [ 110.3663765051257, -7.822472284994589 ], [ 110.364414496342505, -7.821338698881722 ], [ 110.362449064918096, -7.822466371360029 ], [ 110.362445630168594, -7.82472763803638 ], [ 110.364407647998789, -7.825861233967149 ], [ 110.366373091531486, -7.82473355340101 ], [ 110.3663765051257, -7.822472284994589 ] ] ] } },
{ "type": "Feature", "properties": { "hex_id": 40, "hex_r_m": 250.0, "luas_km2": 0.1624, "poi_total": 17, "poi_kuliner": 8, "poi_peribadatan": 2, "poi_kesehatan": 5, "poi_pendidikan": 0, "poi_perkantoran": 1, "poi_pariwisata": 1, "poi_perdagangan": 0, "poi_transportasi": 0, "penduduk": 2115, "densitas_poi": 104.69, "densitas_penduduk": 13025.0, "skor_poi": 0.362, "skor_penduduk": 0.59, "skor_aktivitas": 0.476, "kelas_aktivitas": "Tinggi" }, "geometry": { "type": "Polygon", "coordinates": [ [ [ 110.370303948385086, -7.822478162093276 ], [ 110.368341927503081, -7.821344593386006 ], [ 110.3663765051257, -7.822472284994589 ], [ 110.366373091531486, -7.82473355340101 ], [ 110.368335121469983, -7.825867131920882 ], [ 110.37030055594623, -7.824739432219076 ], [ 110.370303948385086, -7.822478162093276 ] ] ] } },
{ "type": "Feature", "properties": { "hex_id": 41, "hex_r_m": 250.0, "luas_km2": 0.1624, "poi_total": 10, "poi_kuliner": 2, "poi_peribadatan": 2, "poi_kesehatan": 3, "poi_pendidikan": 2, "poi_perkantoran": 0, "poi_pariwisata": 0, "poi_perdagangan": 1, "poi_transportasi": 0, "penduduk": 1866, "densitas_poi": 61.58, "densitas_penduduk": 11491.6, "skor_poi": 0.213, "skor_penduduk": 0.521, "skor_aktivitas": 0.367, "kelas_aktivitas": "Sedang" }, "geometry": { "type": "Polygon", "coordinates": [ [ [ 110.374231394677366, -7.822484002655953 ], [ 110.372269361705946, -7.821350451359694 ], [ 110.370303948385086, -7.822478162093276 ], [ 110.37030055594623, -7.824739432219076 ], [ 110.372262597983635, -7.825872993322646 ], [ 110.37422802339394, -7.824745274490446 ], [ 110.374231394677366, -7.822484002655953 ] ] ] } },
{ "type": "Feature", "properties": { "hex_id": 42, "hex_r_m": 250.0, "luas_km2": 0.1624, "poi_total": 7, "poi_kuliner": 1, "poi_peribadatan": 2, "poi_kesehatan": 1, "poi_pendidikan": 2, "poi_perkantoran": 1, "poi_pariwisata": 0, "poi_perdagangan": 0, "poi_transportasi": 0, "penduduk": 1517, "densitas_poi": 43.11, "densitas_penduduk": 9342.3, "skor_poi": 0.149, "skor_penduduk": 0.423, "skor_aktivitas": 0.286, "kelas_aktivitas": "Rendah" }, "geometry": { "type": "Polygon", "coordinates": [ [ [ 110.378158843983599, -7.822489806682484 ], [ 110.376196798932185, -7.821356272802647 ], [ 110.374231394677366, -7.822484002655953 ], [ 110.37422802339394, -7.824745274490446 ], [ 110.376190077520832, -7.825878818172294 ], [ 110.378155493855687, -7.82475108021498 ], [ 110.378158843983599, -7.822489806682484 ] ] ] } },
{ "type": "Feature", "properties": { "hex_id": 43, "hex_r_m": 250.0, "luas_km2": 0.1624, "poi_total": 14, "poi_kuliner": 3, "poi_peribadatan": 3, "poi_kesehatan": 4, "poi_pendidikan": 2, "poi_perkantoran": 2, "poi_pariwisata": 0, "poi_perdagangan": 0, "poi_transportasi": 0, "penduduk": 1426, "densitas_poi": 86.22, "densitas_penduduk": 8781.9, "skor_poi": 0.298, "skor_penduduk": 0.398, "skor_aktivitas": 0.348, "kelas_aktivitas": "Sedang" }, "geometry": { "type": "Polygon", "coordinates": [ [ [ 110.382086296284868, -7.822495574172734 ], [ 110.380124239162882, -7.821362057714734 ], [ 110.378158843983599, -7.822489806682484 ], [ 110.378155493855687, -7.82475108021498 ], [ 110.380117560062658, -7.825884606469698 ], [ 110.38208296731257, -7.824756849392545 ], [ 110.382086296284868, -7.822495574172734 ] ] ] } },
{ "type": "Feature", "properties": { "hex_id": 44, "hex_r_m": 250.0, "luas_km2": 0.1624, "poi_total": 17, "poi_kuliner": 3, "poi_peribadatan": 3, "poi_kesehatan": 6, "poi_pendidikan": 5, "poi_perkantoran": 0, "poi_pariwisata": 0, "poi_perdagangan": 0, "poi_transportasi": 0, "penduduk": 1426, "densitas_poi": 104.69, "densitas_penduduk": 8781.9, "skor_poi": 0.362, "skor_penduduk": 0.398, "skor_aktivitas": 0.38, "kelas_aktivitas": "Sedang" }, "geometry": { "type": "Polygon", "coordinates": [ [ [ 110.386013751562302, -7.82250130512657 ], [ 110.384051682379152, -7.821367806095815 ], [ 110.382086296284868, -7.822495574172734 ], [ 110.38208296731257, -7.824756849392545 ], [ 110.384045045590184, -7.825890358214718 ], [ 110.386010443745661, -7.824762582023007 ], [ 110.386013751562302, -7.82250130512657 ] ] ] } },
{ "type": "Feature", "properties": { "hex_id": 45, "hex_r_m": 250.0, "luas_km2": 0.1624, "poi_total": 11, "poi_kuliner": 2, "poi_peribadatan": 2, "poi_kesehatan": 3, "poi_pendidikan": 3, "poi_perkantoran": 1, "poi_pariwisata": 0, "poi_perdagangan": 0, "poi_transportasi": 0, "penduduk": 1426, "densitas_poi": 67.74, "densitas_penduduk": 8781.9, "skor_poi": 0.234, "skor_penduduk": 0.398, "skor_aktivitas": 0.316, "kelas_aktivitas": "Rendah" }, "geometry": { "type": "Polygon", "coordinates": [ [ [ 110.38994120979693, -7.822506999543856 ], [ 110.387979128562051, -7.821373517945757 ], [ 110.386013751562302, -7.82250130512657 ], [ 110.386010443745661, -7.824762582023007 ], [ 110.387972534084511, -7.825896073407223 ], [ 110.38993792313606, -7.82476827810623 ], [ 110.38994120979693, -7.822506999543856 ] ] ] } },
{ "type": "Feature", "properties": { "hex_id": 46, "hex_r_m": 250.0, "luas_km2": 0.1624, "poi_total": 14, "poi_kuliner": 2, "poi_peribadatan": 6, "poi_kesehatan": 2, "poi_pendidikan": 2, "poi_perkantoran": 0, "poi_pariwisata": 2, "poi_perdagangan": 0, "poi_transportasi": 0, "penduduk": 1653, "densitas_poi": 86.22, "densitas_penduduk": 10179.8, "skor_poi": 0.298, "skor_penduduk": 0.461, "skor_aktivitas": 0.38, "kelas_aktivitas": "Sedang" }, "geometry": { "type": "Polygon", "coordinates": [ [ [ 110.39386867096988, -7.822512657424458 ], [ 110.39190657769268, -7.82137919326443 ], [ 110.38994120979693, -7.822506999543856 ], [ 110.38993792313606, -7.82476827810623 ], [ 110.391900025526738, -7.825901752047076 ], [ 110.393865405464837, -7.824773937642078 ], [ 110.39386867096988, -7.822512657424458 ] ] ] } },
{ "type": "Feature", "properties": { "hex_id": 47, "hex_r_m": 250.0, "luas_km2": 0.1624, "poi_total": 13, "poi_kuliner": 4, "poi_peribadatan": 2, "poi_kesehatan": 0, "poi_pendidikan": 5, "poi_perkantoran": 0, "poi_pariwisata": 2, "poi_perdagangan": 0, "poi_transportasi": 0, "penduduk": 1916, "densitas_poi": 80.06, "densitas_penduduk": 11799.5, "skor_poi": 0.277, "skor_penduduk": 0.534, "skor_aktivitas": 0.406, "kelas_aktivitas": "Sedang" }, "geometry": { "type": "Polygon", "coordinates": [ [ [ 110.397796135062237, -7.822518278768248 ], [ 110.395834029752123, -7.821384832051697 ], [ 110.39386867096988, -7.822512657424458 ], [ 110.393865405464837, -7.824773937642078 ], [ 110.395827519897907, -7.825907394134152 ], [ 110.397792890713092, -7.824779560630425 ], [ 110.397796135062237, -7.822518278768248 ] ] ] } },
{ "type": "Feature", "properties": { "hex_id": 48, "hex_r_m": 250.0, "luas_km2": 0.1624, "poi_total": 23, "poi_kuliner": 2, "poi_peribadatan": 7, "poi_kesehatan": 4, "poi_pendidikan": 5, "poi_perkantoran": 4, "poi_pariwisata": 0, "poi_perdagangan": 0, "poi_transportasi": 1, "penduduk": 1942, "densitas_poi": 141.64, "densitas_penduduk": 11959.6, "skor_poi": 0.489, "skor_penduduk": 0.542, "skor_aktivitas": 0.516, "kelas_aktivitas": "Tinggi" }, "geometry": { "type": "Polygon", "coordinates": [ [ [ 110.401723602055071, -7.822523863575089 ], [ 110.399761484721466, -7.821390434307427 ], [ 110.397796135062237, -7.822518278768248 ], [ 110.397792890713092, -7.824779560630425 ], [ 110.399755017179146, -7.825912999668308 ], [ 110.40172037886191, -7.824785147071138 ], [ 110.401723602055071, -7.822523863575089 ] ] ] } },
{ "type": "Feature", "properties": { "hex_id": 49, "hex_r_m": 250.0, "luas_km2": 0.1624, "poi_total": 3, "poi_kuliner": 0, "poi_peribadatan": 2, "poi_kesehatan": 0, "poi_pendidikan": 1, "poi_perkantoran": 0, "poi_pariwisata": 0, "poi_perdagangan": 0, "poi_transportasi": 0, "penduduk": 1368, "densitas_poi": 18.48, "densitas_penduduk": 8424.7, "skor_poi": 0.064, "skor_penduduk": 0.382, "skor_aktivitas": 0.223, "kelas_aktivitas": "Rendah" }, "geometry": { "type": "Polygon", "coordinates": [ [ [ 110.405651071929455, -7.822529411844856 ], [ 110.403688942581795, -7.82139600003149 ], [ 110.401723602055071, -7.822523863575089 ], [ 110.40172037886191, -7.824785147071138 ], [ 110.403682517351527, -7.825918568649424 ], [ 110.405647869892377, -7.824790696964083 ], [ 110.405651071929455, -7.822529411844856 ] ] ] } },
{ "type": "Feature", "properties": { "hex_id": 50, "hex_r_m": 250.0, "luas_km2": 0.1624, "poi_total": 3, "poi_kuliner": 0, "poi_peribadatan": 2, "poi_kesehatan": 0, "poi_pendidikan": 1, "poi_perkantoran": 0, "poi_pariwisata": 0, "poi_perdagangan": 0, "poi_transportasi": 0, "penduduk": 838, "densitas_poi": 18.48, "densitas_penduduk": 5160.7, "skor_poi": 0.064, "skor_penduduk": 0.234, "skor_aktivitas": 0.149, "kelas_aktivitas": "Sangat Rendah" }, "geometry": { "type": "Polygon", "coordinates": [ [ [ 110.352635707382035, -7.819059533517418 ], [ 110.350673756097379, -7.817925887668797 ], [ 110.348708309725282, -7.819053494659585 ], [ 110.348704802501402, -7.821314755561384 ], [ 110.350666762795129, -7.822448411242505 ], [ 110.352632221303679, -7.821320796186671 ], [ 110.352635707382035, -7.819059533517418 ] ] ] } },
{ "type": "Feature", "properties": { "hex_id": 51, "hex_r_m": 250.0, "luas_km2": 0.1624, "poi_total": 22, "poi_kuliner": 3, "poi_peribadatan": 6, "poi_kesehatan": 7, "poi_pendidikan": 4, "poi_perkantoran": 2, "poi_pariwisata": 0, "poi_perdagangan": 0, "poi_transportasi": 0, "penduduk": 2213, "densitas_poi": 135.48, "densitas_penduduk": 13628.5, "skor_poi": 0.468, "skor_penduduk": 0.617, "skor_aktivitas": 0.542, "kelas_aktivitas": "Tinggi" }, "geometry": { "type": "Polygon", "coordinates": [ [ [ 110.356563108156635, -7.819065535855898 ], [ 110.354601144745004, -7.817931907385923 ], [ 110.352635707382035, -7.819059533517418 ], [ 110.352632221303679, -7.821320796186671 ], [ 110.354594193733888, -7.822454434483848 ], [ 110.356559643223903, -7.821326800281915 ], [ 110.356563108156635, -7.819065535855898 ] ] ] } },
{ "type": "Feature", "properties": { "hex_id": 52, "hex_r_m": 250.0, "luas_km2": 0.1624, "poi_total": 15, "poi_kuliner": 2, "poi_peribadatan": 6, "poi_kesehatan": 2, "poi_pendidikan": 4, "poi_perkantoran": 1, "poi_pariwisata": 0, "poi_perdagangan": 0, "poi_transportasi": 0, "penduduk": 2213, "densitas_poi": 92.38, "densitas_penduduk": 13628.5, "skor_poi": 0.319, "skor_penduduk": 0.617, "skor_aktivitas": 0.468, "kelas_aktivitas": "Tinggi" }, "geometry": { "type": "Polygon", "coordinates": [ [ [ 110.360490512030182, -7.819071501674886 ], [ 110.35852853650097, -7.81793789058897 ], [ 110.356563108156635, -7.819065535855898 ], [ 110.356559643223903, -7.821326800281915 ], [ 110.358521627781187, -7.822460421189737 ], [ 110.360487068243145, -7.821332767846978 ], [ 110.360490512030182, -7.819071501674886 ] ] ] } },
{ "type": "Feature", "properties": { "hex_id": 53, "hex_r_m": 250.0, "luas_km2": 0.1624, "poi_total": 22, "poi_kuliner": 7, "poi_peribadatan": 2, "poi_kesehatan": 9, "poi_pendidikan": 2, "poi_perkantoran": 2, "poi_pariwisata": 0, "poi_perdagangan": 0, "poi_transportasi": 0, "penduduk": 2213, "densitas_poi": 135.48, "densitas_penduduk": 13628.5, "skor_poi": 0.468, "skor_penduduk": 0.617, "skor_aktivitas": 0.542, "kelas_aktivitas": "Tinggi" }, "geometry": { "type": "Polygon", "coordinates": [ [ [ 110.364417918983762, -7.819077430974242 ], [ 110.362455931346403, -7.817943837277802 ], [ 110.360490512030182, -7.819071501674886 ], [ 110.360487068243145, -7.821332767846978 ], [ 110.362449064918096, -7.822466371360029 ], [ 110.364414496342505, -7.821338698881722 ], [ 110.364417918983762, -7.819077430974242 ] ] ] } },
{ "type": "Feature", "properties": { "hex_id": 54, "hex_r_m": 250.0, "luas_km2": 0.1624, "poi_total": 22, "poi_kuliner": 10, "poi_peribadatan": 3, "poi_kesehatan": 6, "poi_pendidikan": 1, "poi_perkantoran": 1, "poi_pariwisata": 0, "poi_perdagangan": 1, "poi_transportasi": 0, "penduduk": 2210, "densitas_poi": 135.48, "densitas_penduduk": 13610.1, "skor_poi": 0.468, "skor_penduduk": 0.616, "skor_aktivitas": 0.542, "kelas_aktivitas": "Tinggi" }, "geometry": { "type": "Polygon", "coordinates": [ [ [ 110.368345328998473, -7.819083323753826 ], [ 110.366383329262376, -7.817949747452273 ], [ 110.364417918983762, -7.819077430974242 ], [ 110.364414496342505, -7.821338698881722 ], [ 110.3663765051257, -7.822472284994589 ], [ 110.368341927503081, -7.821344593386006 ], [ 110.368345328998473, -7.819083323753826 ] ] ] } },
{ "type": "Feature", "properties": { "hex_id": 55, "hex_r_m": 250.0, "luas_km2": 0.1624, "poi_total": 17, "poi_kuliner": 7, "poi_peribadatan": 4, "poi_kesehatan": 2, "poi_pendidikan": 3, "poi_perkantoran": 0, "poi_pariwisata": 1, "poi_perdagangan": 0, "poi_transportasi": 0, "penduduk": 2176, "densitas_poi": 104.69, "densitas_penduduk": 13400.7, "skor_poi": 0.362, "skor_penduduk": 0.607, "skor_aktivitas": 0.484, "kelas_aktivitas": "Tinggi" }, "geometry": { "type": "Polygon", "coordinates": [ [ [ 110.372272742055401, -7.819089180013506 ], [ 110.37031073022996, -7.817955621112253 ], [ 110.368345328998473, -7.819083323753826 ], [ 110.368341927503081, -7.821344593386006 ], [ 110.370303948385086, -7.822478162093276 ], [ 110.372269361705946, -7.821350451359694 ], [ 110.372272742055401, -7.819089180013506 ] ] ] } },
{ "type": "Feature", "properties": { "hex_id": 56, "hex_r_m": 250.0, "luas_km2": 0.1624, "poi_total": 14, "poi_kuliner": 2, "poi_peribadatan": 6, "poi_kesehatan": 2, "poi_pendidikan": 1, "poi_perkantoran": 2, "poi_pariwisata": 1, "poi_perdagangan": 0, "poi_transportasi": 0, "penduduk": 2161, "densitas_poi": 86.22, "densitas_penduduk": 13308.3, "skor_poi": 0.298, "skor_penduduk": 0.603, "skor_aktivitas": 0.45, "kelas_aktivitas": "Tinggi" }, "geometry": { "type": "Polygon", "coordinates": [ [ [ 110.376200158135617, -7.819094999753138 ], [ 110.374238134230268, -7.8179614582576 ], [ 110.372272742055401, -7.819089180013506 ], [ 110.372269361705946, -7.821350451359694 ], [ 110.374231394677366, -7.822484002655953 ], [ 110.376196798932185, -7.821356272802647 ], [ 110.376200158135617, -7.819094999753138 ] ] ] } },
{ "type": "Feature", "properties": { "hex_id": 57, "hex_r_m": 250.0, "luas_km2": 0.1624, "poi_total": 7, "poi_kuliner": 1, "poi_peribadatan": 1, "poi_kesehatan": 2, "poi_pendidikan": 3, "poi_perkantoran": 0, "poi_pariwisata": 0, "poi_perdagangan": 0, "poi_transportasi": 0, "penduduk": 1426, "densitas_poi": 43.11, "densitas_penduduk": 8781.9, "skor_poi": 0.149, "skor_penduduk": 0.398, "skor_aktivitas": 0.274, "kelas_aktivitas": "Rendah" }, "geometry": { "type": "Polygon", "coordinates": [ [ [ 110.380127577220222, -7.819100782972591 ], [ 110.378165541244385, -7.817967258888176 ], [ 110.376200158135617, -7.819094999753138 ], [ 110.376196798932185, -7.821356272802647 ], [ 110.378158843983599, -7.822489806682484 ], [ 110.380124239162882, -7.821362057714734 ], [ 110.380127577220222, -7.819100782972591 ] ] ] } },
{ "type": "Feature", "properties": { "hex_id": 58, "hex_r_m": 250.0, "luas_km2": 0.1624, "poi_total": 9, "poi_kuliner": 2, "poi_peribadatan": 2, "poi_kesehatan": 0, "poi_pendidikan": 4, "poi_perkantoran": 1, "poi_pariwisata": 0, "poi_perdagangan": 0, "poi_transportasi": 0, "penduduk": 1426, "densitas_poi": 55.43, "densitas_penduduk": 8781.9, "skor_poi": 0.191, "skor_penduduk": 0.398, "skor_aktivitas": 0.294, "kelas_aktivitas": "Rendah" }, "geometry": { "type": "Polygon", "coordinates": [ [ [ 110.384054999290299, -7.819106529671727 ], [ 110.382092951253384, -7.817973023003852 ], [ 110.380127577220222, -7.819100782972591 ], [ 110.380124239162882, -7.821362057714734 ], [ 110.382086296284868, -7.822495574172734 ], [ 110.384051682379152, -7.821367806095815 ], [ 110.384054999290299, -7.819106529671727 ] ] ] } },
{ "type": "Feature", "properties": { "hex_id": 59, "hex_r_m": 250.0, "luas_km2": 0.1624, "poi_total": 9, "poi_kuliner": 0, "poi_peribadatan": 4, "poi_kesehatan": 0, "poi_pendidikan": 4, "poi_perkantoran": 0, "poi_pariwisata": 1, "poi_perdagangan": 0, "poi_transportasi": 0, "penduduk": 1426, "densitas_poi": 55.43, "densitas_penduduk": 8781.9, "skor_poi": 0.191, "skor_penduduk": 0.398, "skor_aktivitas": 0.294, "kelas_aktivitas": "Rendah" }, "geometry": { "type": "Polygon", "coordinates": [ [ [ 110.38798242432695, -7.819112239850414 ], [ 110.386020364238362, -7.817978750604484 ], [ 110.384054999290299, -7.819106529671727 ], [ 110.384051682379152, -7.821367806095815 ], [ 110.386013751562302, -7.82250130512657 ], [ 110.387979128562051, -7.821373517945757 ], [ 110.38798242432695, -7.819112239850414 ] ] ] } },
{ "type": "Feature", "properties": { "hex_id": 60, "hex_r_m": 250.0, "luas_km2": 0.1624, "poi_total": 12, "poi_kuliner": 3, "poi_peribadatan": 8, "poi_kesehatan": 0, "poi_pendidikan": 1, "poi_perkantoran": 0, "poi_pariwisata": 0, "poi_perdagangan": 0, "poi_transportasi": 0, "penduduk": 1426, "densitas_poi": 73.9, "densitas_penduduk": 8781.9, "skor_poi": 0.255, "skor_penduduk": 0.398, "skor_aktivitas": 0.326, "kelas_aktivitas": "Rendah" }, "geometry": { "type": "Polygon", "coordinates": [ [ [ 110.39190985231123, -7.819117913508521 ], [ 110.389947780180407, -7.81798444168995 ], [ 110.38798242432695, -7.819112239850414 ], [ 110.387979128562051, -7.821373517945757 ], [ 110.38994120979693, -7.822506999543856 ], [ 110.39190657769268, -7.82137919326443 ], [ 110.39190985231123, -7.819117913508521 ] ] ] } },
{ "type": "Feature", "properties": { "hex_id": 61, "hex_r_m": 250.0, "luas_km2": 0.1624, "poi_total": 10, "poi_kuliner": 2, "poi_peribadatan": 4, "poi_kesehatan": 1, "poi_pendidikan": 1, "poi_perkantoran": 2, "poi_pariwisata": 0, "poi_perdagangan": 0, "poi_transportasi": 0, "penduduk": 1624, "densitas_poi": 61.58, "densitas_penduduk": 10001.2, "skor_poi": 0.213, "skor_penduduk": 0.453, "skor_aktivitas": 0.333, "kelas_aktivitas": "Rendah" }, "geometry": { "type": "Polygon", "coordinates": [ [ [ 110.395837283224267, -7.81912355064591 ], [ 110.393875199060602, -7.81799009626011 ], [ 110.39190985231123, -7.819117913508521 ], [ 110.39190657769268, -7.82137919326443 ], [ 110.39386867096988, -7.822512657424458 ], [ 110.395834029752123, -7.821384832051697 ], [ 110.395837283224267, -7.81912355064591 ] ] ] } },
{ "type": "Feature", "properties": { "hex_id": 62, "hex_r_m": 250.0, "luas_km2": 0.1624, "poi_total": 19, "poi_kuliner": 2, "poi_peribadatan": 6, "poi_kesehatan": 6, "poi_pendidikan": 4, "poi_perkantoran": 1, "poi_pariwisata": 0, "poi_perdagangan": 0, "poi_transportasi": 0, "penduduk": 1951, "densitas_poi": 117.01, "densitas_penduduk": 12015.0, "skor_poi": 0.404, "skor_penduduk": 0.544, "skor_aktivitas": 0.474, "kelas_aktivitas": "Tinggi" }, "geometry": { "type": "Polygon", "coordinates": [ [ [ 110.39976471704712, -7.819129151262452 ], [ 110.397802620860048, -7.817995714314831 ], [ 110.395837283224267, -7.81912355064591 ], [ 110.395834029752123, -7.821384832051697 ], [ 110.397796135062237, -7.822518278768248 ], [ 110.399761484721466, -7.821390434307427 ], [ 110.39976471704712, -7.819129151262452 ] ] ] } },
{ "type": "Feature", "properties": { "hex_id": 63, "hex_r_m": 250.0, "luas_km2": 0.1624, "poi_total": 12, "poi_kuliner": 2, "poi_peribadatan": 3, "poi_kesehatan": 5, "poi_pendidikan": 2, "poi_perkantoran": 0, "poi_pariwisata": 0, "poi_perdagangan": 0, "poi_transportasi": 0, "penduduk": 1545, "densitas_poi": 73.9, "densitas_penduduk": 9514.7, "skor_poi": 0.255, "skor_penduduk": 0.431, "skor_aktivitas": 0.343, "kelas_aktivitas": "Sedang" }, "geometry": { "type": "Polygon", "coordinates": [ [ [ 110.403692153760886, -7.819134715358018 ], [ 110.40173004555983, -7.818001295853986 ], [ 110.39976471704712, -7.819129151262452 ], [ 110.399761484721466, -7.821390434307427 ], [ 110.401723602055071, -7.822523863575089 ], [ 110.403688942581795, -7.82139600003149 ], [ 110.403692153760886, -7.819134715358018 ] ] ] } },
{ "type": "Feature", "properties": { "hex_id": 64, "hex_r_m": 250.0, "luas_km2": 0.1624, "poi_total": 0, "poi_kuliner": 0, "poi_peribadatan": 0, "poi_kesehatan": 0, "poi_pendidikan": 0, "poi_perkantoran": 0, "poi_pariwisata": 0, "poi_perdagangan": 0, "poi_transportasi": 0, "penduduk": 0, "densitas_poi": 0.0, "densitas_penduduk": 0.0, "skor_poi": 0.0, "skor_penduduk": 0.0, "skor_aktivitas": 0.0, "kelas_aktivitas": "Sangat Rendah" }, "geometry": { "type": "Polygon", "coordinates": [ [ [ 110.407619593346652, -7.819140242932472 ], [ 110.405657473141005, -7.818006840877439 ], [ 110.403692153760886, -7.819134715358018 ], [ 110.403688942581795, -7.82139600003149 ], [ 110.405651071929455, -7.822529411844856 ], [ 110.407616403314194, -7.821401529223758 ], [ 110.407619593346652, -7.819140242932472 ] ] ] } },
{ "type": "Feature", "properties": { "hex_id": 65, "hex_r_m": 250.0, "luas_km2": 0.1624, "poi_total": 5, "poi_kuliner": 0, "poi_peribadatan": 3, "poi_kesehatan": 0, "poi_pendidikan": 2, "poi_perkantoran": 0, "poi_pariwisata": 0, "poi_perdagangan": 0, "poi_transportasi": 0, "penduduk": 1638, "densitas_poi": 30.79, "densitas_penduduk": 10087.5, "skor_poi": 0.106, "skor_penduduk": 0.457, "skor_aktivitas": 0.282, "kelas_aktivitas": "Rendah" }, "geometry": { "type": "Polygon", "coordinates": [ [ [ 110.354604618696357, -7.815670643472276 ], [ 110.352642676420899, -7.814537007449556 ], [ 110.350677251184862, -7.815664625517231 ], [ 110.350673756097379, -7.817925887668797 ], [ 110.352635707382035, -7.819059533517418 ], [ 110.354601144745004, -7.817931907385923 ], [ 110.354604618696357, -7.815670643472276 ] ] ] } },
{ "type": "Feature", "properties": { "hex_id": 66, "hex_r_m": 250.0, "luas_km2": 0.1624, "poi_total": 29, "poi_kuliner": 5, "poi_peribadatan": 3, "poi_kesehatan": 10, "poi_pendidikan": 10, "poi_perkantoran": 0, "poi_pariwisata": 0, "poi_perdagangan": 1, "poi_transportasi": 0, "penduduk": 2213, "densitas_poi": 178.59, "densitas_penduduk": 13628.5, "skor_poi": 0.617, "skor_penduduk": 0.617, "skor_aktivitas": 0.617, "kelas_aktivitas": "Sangat Tinggi" }, "geometry": { "type": "Polygon", "coordinates": [ [ [ 110.358531989316134, -7.815676624923932 ], [ 110.356570034923166, -7.814543006274564 ], [ 110.354604618696357, -7.815670643472276 ], [ 110.354601144745004, -7.817931907385923 ], [ 110.356563108156635, -7.819065535855898 ], [ 110.35852853650097, -7.81793789058897 ], [ 110.358531989316134, -7.815676624923932 ] ] ] } },
{ "type": "Feature", "properties": { "hex_id": 67, "hex_r_m": 250.0, "luas_km2": 0.1624, "poi_total": 16, "poi_kuliner": 2, "poi_peribadatan": 4, "poi_kesehatan": 4, "poi_pendidikan": 5, "poi_perkantoran": 1, "poi_pariwisata": 0, "poi_perdagangan": 0, "poi_transportasi": 0, "penduduk": 2213, "densitas_poi": 98.53, "densitas_penduduk": 13628.5, "skor_poi": 0.34, "skor_penduduk": 0.617, "skor_aktivitas": 0.479, "kelas_aktivitas": "Tinggi" }, "geometry": { "type": "Polygon", "coordinates": [ [ [ 110.36245936302528, -7.815682569872059 ], [ 110.360497396524238, -7.814548968601453 ], [ 110.358531989316134, -7.815676624923932 ], [ 110.35852853650097, -7.81793789058897 ], [ 110.360490512030182, -7.819071501674886 ], [ 110.362455931346403, -7.817943837277802 ], [ 110.36245936302528, -7.815682569872059 ] ] ] } },
{ "type": "Feature", "properties": { "hex_id": 68, "hex_r_m": 250.0, "luas_km2": 0.1624, "poi_total": 19, "poi_kuliner": 5, "poi_peribadatan": 3, "poi_kesehatan": 6, "poi_pendidikan": 4, "poi_perkantoran": 1, "poi_pariwisata": 0, "poi_perdagangan": 0, "poi_transportasi": 0, "penduduk": 2213, "densitas_poi": 117.01, "densitas_penduduk": 13628.5, "skor_poi": 0.404, "skor_penduduk": 0.617, "skor_aktivitas": 0.51, "kelas_aktivitas": "Tinggi" }, "geometry": { "type": "Polygon", "coordinates": [ [ [ 110.366386739804867, -7.815688478316515 ], [ 110.364424761205171, -7.814554894430089 ], [ 110.36245936302528, -7.815682569872059 ], [ 110.362455931346403, -7.817943837277802 ], [ 110.364417918983762, -7.819077430974242 ], [ 110.366383329262376, -7.817949747452273 ], [ 110.366386739804867, -7.815688478316515 ] ] ] } },
{ "type": "Feature", "properties": { "hex_id": 69, "hex_r_m": 250.0, "luas_km2": 0.1624, "poi_total": 21, "poi_kuliner": 8, "poi_peribadatan": 4, "poi_kesehatan": 5, "poi_pendidikan": 4, "poi_perkantoran": 0, "poi_pariwisata": 0, "poi_perdagangan": 0, "poi_transportasi": 0, "penduduk": 2193, "densitas_poi": 129.33, "densitas_penduduk": 13505.4, "skor_poi": 0.447, "skor_penduduk": 0.612, "skor_aktivitas": 0.53, "kelas_aktivitas": "Tinggi" }, "geometry": { "type": "Polygon", "coordinates": [ [ [ 110.370314119636021, -7.815694350257165 ], [ 110.368352128947066, -7.814560783760331 ], [ 110.366386739804867, -7.815688478316515 ], [ 110.366383329262376, -7.817949747452273 ], [ 110.368345328998473, -7.819083323753826 ], [ 110.37031073022996, -7.817955621112253 ], [ 110.370314119636021, -7.815694350257165 ] ] ] } },
{ "type": "Feature", "properties": { "hex_id": 70, "hex_r_m": 250.0, "luas_km2": 0.1624, "poi_total": 15, "poi_kuliner": 3, "poi_peribadatan": 3, "poi_kesehatan": 5, "poi_pendidikan": 1, "poi_perkantoran": 1, "poi_pariwisata": 2, "poi_perdagangan": 0, "poi_transportasi": 0, "penduduk": 2176, "densitas_poi": 92.38, "densitas_penduduk": 13400.7, "skor_poi": 0.319, "skor_penduduk": 0.607, "skor_aktivitas": 0.463, "kelas_aktivitas": "Tinggi" }, "geometry": { "type": "Polygon", "coordinates": [ [ [ 110.374241502499814, -7.815700185693873 ], [ 110.372279499731022, -7.814566636592041 ], [ 110.370314119636021, -7.815694350257165 ], [ 110.37031073022996, -7.817955621112253 ], [ 110.372272742055401, -7.819089180013506 ], [ 110.374238134230268, -7.8179614582576 ], [ 110.374241502499814, -7.815700185693873 ] ] ] } },
{ "type": "Feature", "properties": { "hex_id": 71, "hex_r_m": 250.0, "luas_km2": 0.1624, "poi_total": 15, "poi_kuliner": 6, "poi_peribadatan": 2, "poi_kesehatan": 1, "poi_pendidikan": 1, "poi_perkantoran": 5, "poi_pariwisata": 0, "poi_perdagangan": 0, "poi_transportasi": 0, "penduduk": 1759, "densitas_poi": 92.38, "densitas_penduduk": 10832.6, "skor_poi": 0.319, "skor_penduduk": 0.491, "skor_aktivitas": 0.405, "kelas_aktivitas": "Sedang" }, "geometry": { "type": "Polygon", "coordinates": [ [ [ 110.378168888377303, -7.815705984626501 ], [ 110.376206873538109, -7.814572452925083 ], [ 110.374241502499814, -7.815700185693873 ], [ 110.374238134230268, -7.8179614582576 ], [ 110.376200158135617, -7.819094999753138 ], [ 110.378165541244385, -7.817967258888176 ], [ 110.378168888377303, -7.815705984626501 ] ] ] } },
{ "type": "Feature", "properties": { "hex_id": 72, "hex_r_m": 250.0, "luas_km2": 0.1624, "poi_total": 20, "poi_kuliner": 7, "poi_peribadatan": 5, "poi_kesehatan": 7, "poi_pendidikan": 0, "poi_perkantoran": 0, "poi_pariwisata": 0, "poi_perdagangan": 1, "poi_transportasi": 0, "penduduk": 1426, "densitas_poi": 123.17, "densitas_penduduk": 8781.9, "skor_poi": 0.426, "skor_penduduk": 0.398, "skor_aktivitas": 0.412, "kelas_aktivitas": "Sedang" }, "geometry": { "type": "Polygon", "coordinates": [ [ [ 110.382096277249616, -7.815711747054912 ], [ 110.380134250349428, -7.814578232759323 ], [ 110.378168888377303, -7.815705984626501 ], [ 110.378165541244385, -7.817967258888176 ], [ 110.380127577220222, -7.819100782972591 ], [ 110.382092951253384, -7.817973023003852 ], [ 110.382096277249616, -7.815711747054912 ] ] ] } },
{ "type": "Feature", "properties": { "hex_id": 73, "hex_r_m": 250.0, "luas_km2": 0.1624, "poi_total": 17, "poi_kuliner": 2, "poi_peribadatan": 3, "poi_kesehatan": 7, "poi_pendidikan": 3, "poi_perkantoran": 2, "poi_pariwisata": 0, "poi_perdagangan": 0, "poi_transportasi": 0, "penduduk": 1426, "densitas_poi": 104.69, "densitas_penduduk": 8781.9, "skor_poi": 0.362, "skor_penduduk": 0.398, "skor_aktivitas": 0.38, "kelas_aktivitas": "Sedang" }, "geometry": { "type": "Polygon", "coordinates": [ [ [ 110.386023669097852, -7.815717472978974 ], [ 110.384061630146064, -7.814583976094625 ], [ 110.382096277249616, -7.815711747054912 ], [ 110.382092951253384, -7.817973023003852 ], [ 110.384054999290299, -7.819106529671727 ], [ 110.386020364238362, -7.817978750604484 ], [ 110.386023669097852, -7.815717472978974 ] ] ] } },
{ "type": "Feature", "properties": { "hex_id": 74, "hex_r_m": 250.0, "luas_km2": 0.1624, "poi_total": 9, "poi_kuliner": 1, "poi_peribadatan": 1, "poi_kesehatan": 4, "poi_pendidikan": 2, "poi_perkantoran": 1, "poi_pariwisata": 0, "poi_perdagangan": 0, "poi_transportasi": 0, "penduduk": 1426, "densitas_poi": 55.43, "densitas_penduduk": 8781.9, "skor_poi": 0.191, "skor_penduduk": 0.398, "skor_aktivitas": 0.294, "kelas_aktivitas": "Rendah" }, "geometry": { "type": "Polygon", "coordinates": [ [ [ 110.389951063903055, -7.815723162398551 ], [ 110.387989012909102, -7.814589682930854 ], [ 110.386023669097852, -7.815717472978974 ], [ 110.386020364238362, -7.817978750604484 ], [ 110.38798242432695, -7.819112239850414 ], [ 110.389947780180407, -7.81798444168995 ], [ 110.389951063903055, -7.815723162398551 ] ] ] } },
{ "type": "Feature", "properties": { "hex_id": 75, "hex_r_m": 250.0, "luas_km2": 0.1624, "poi_total": 14, "poi_kuliner": 2, "poi_peribadatan": 3, "poi_kesehatan": 3, "poi_pendidikan": 2, "poi_perkantoran": 2, "poi_pariwisata": 2, "poi_perdagangan": 0, "poi_transportasi": 0, "penduduk": 1509, "densitas_poi": 86.22, "densitas_penduduk": 9293.0, "skor_poi": 0.298, "skor_penduduk": 0.421, "skor_aktivitas": 0.36, "kelas_aktivitas": "Sedang" }, "geometry": { "type": "Polygon", "coordinates": [ [ [ 110.393878461646338, -7.815728815313514 ], [ 110.391916398619642, -7.814595353267876 ], [ 110.389951063903055, -7.815723162398551 ], [ 110.389947780180407, -7.81798444168995 ], [ 110.39190985231123, -7.819117913508521 ], [ 110.393875199060602, -7.81799009626011 ], [ 110.393878461646338, -7.815728815313514 ] ] ] } },
{ "type": "Feature", "properties": { "hex_id": 76, "hex_r_m": 250.0, "luas_km2": 0.1624, "poi_total": 13, "poi_kuliner": 0, "poi_peribadatan": 7, "poi_kesehatan": 0, "poi_pendidikan": 5, "poi_perkantoran": 1, "poi_pariwisata": 0, "poi_perdagangan": 0, "poi_transportasi": 0, "penduduk": 1946, "densitas_poi": 80.06, "densitas_penduduk": 11984.3, "skor_poi": 0.277, "skor_penduduk": 0.543, "skor_aktivitas": 0.41, "kelas_aktivitas": "Sedang" }, "geometry": { "type": "Polygon", "coordinates": [ [ [ 110.397805862308786, -7.815734431723731 ], [ 110.395843787258741, -7.814600987105564 ], [ 110.393878461646338, -7.815728815313514 ], [ 110.393875199060602, -7.81799009626011 ], [ 110.395837283224267, -7.81912355064591 ], [ 110.397802620860048, -7.817995714314831 ], [ 110.397805862308786, -7.815734431723731 ] ] ] } },
{ "type": "Feature", "properties": { "hex_id": 77, "hex_r_m": 250.0, "luas_km2": 0.1624, "poi_total": 15, "poi_kuliner": 1, "poi_peribadatan": 4, "poi_kesehatan": 2, "poi_pendidikan": 4, "poi_perkantoran": 4, "poi_pariwisata": 0, "poi_perdagangan": 0, "poi_transportasi": 0, "penduduk": 1951, "densitas_poi": 92.38, "densitas_penduduk": 12015.0, "skor_poi": 0.319, "skor_penduduk": 0.544, "skor_aktivitas": 0.432, "kelas_aktivitas": "Sedang" }, "geometry": { "type": "Polygon", "coordinates": [ [ [ 110.401733265871485, -7.815740011629066 ], [ 110.399771178807541, -7.814606584443779 ], [ 110.397805862308786, -7.815734431723731 ], [ 110.397802620860048, -7.817995714314831 ], [ 110.39976471704712, -7.819129151262452 ], [ 110.40173004555983, -7.818001295853986 ], [ 110.401733265871485, -7.815740011629066 ] ] ] } },
{ "type": "Feature", "properties": { "hex_id": 78, "hex_r_m": 250.0, "luas_km2": 0.1624, "poi_total": 3, "poi_kuliner": 1, "poi_peribadatan": 1, "poi_kesehatan": 0, "poi_pendidikan": 0, "poi_perkantoran": 1, "poi_pariwisata": 0, "poi_perdagangan": 0, "poi_transportasi": 0, "penduduk": 66, "densitas_poi": 18.48, "densitas_penduduk": 406.5, "skor_poi": 0.064, "skor_penduduk": 0.018, "skor_aktivitas": 0.041, "kelas_aktivitas": "Sangat Rendah" }, "geometry": { "type": "Polygon", "coordinates": [ [ [ 110.40566067231552, -7.815745555029389 ], [ 110.403698573247084, -7.814612145282394 ], [ 110.401733265871485, -7.815740011629066 ], [ 110.40173004555983, -7.818001295853986 ], [ 110.403692153760886, -7.819134715358018 ], [ 110.405657473141005, -7.818006840877439 ], [ 110.40566067231552, -7.815745555029389 ] ] ] } },
{ "type": "Feature", "properties": { "hex_id": 79, "hex_r_m": 250.0, "luas_km2": 0.1624, "poi_total": 1, "poi_kuliner": 0, "poi_peribadatan": 1, "poi_kesehatan": 0, "poi_pendidikan": 0, "poi_perkantoran": 0, "poi_pariwisata": 0, "poi_perdagangan": 0, "poi_transportasi": 0, "penduduk": 651, "densitas_poi": 6.16, "densitas_penduduk": 4009.1, "skor_poi": 0.021, "skor_penduduk": 0.182, "skor_aktivitas": 0.102, "kelas_aktivitas": "Sangat Rendah" }, "geometry": { "type": "Polygon", "coordinates": [ [ [ 110.348718825123498, -7.8122697104955 ], [ 110.346756916101526, -7.811136049572222 ], [ 110.344791494002067, -7.812263640452767 ], [ 110.344787968788339, -7.814524900305756 ], [ 110.346749886800566, -7.815658571058934 ], [ 110.348715321036309, -7.814530972126573 ], [ 110.348718825123498, -7.8122697104955 ] ] ] } },
{ "type": "Feature", "properties": { "hex_id": 80, "hex_r_m": 250.0, "luas_km2": 0.1624, "poi_total": 11, "poi_kuliner": 1, "poi_peribadatan": 6, "poi_kesehatan": 2, "poi_pendidikan": 1, "poi_perkantoran": 1, "poi_pariwisata": 0, "poi_perdagangan": 0, "poi_transportasi": 0, "penduduk": 1441, "densitas_poi": 67.74, "densitas_penduduk": 8874.3, "skor_poi": 0.234, "skor_penduduk": 0.402, "skor_aktivitas": 0.318, "kelas_aktivitas": "Rendah" }, "geometry": { "type": "Polygon", "coordinates": [ [ [ 110.352646159381464, -7.812275744051083 ], [ 110.350684238232674, -7.811142100485036 ], [ 110.348718825123498, -7.8122697104955 ], [ 110.348715321036309, -7.814530972126573 ], [ 110.350677251184862, -7.815664625517231 ], [ 110.352642676420885, -7.814537007449556 ], [ 110.352646159381464, -7.812275744051083 ] ] ] } },
{ "type": "Feature", "properties": { "hex_id": 81, "hex_r_m": 250.0, "luas_km2": 0.1624, "poi_total": 15, "poi_kuliner": 2, "poi_peribadatan": 4, "poi_kesehatan": 3, "poi_pendidikan": 4, "poi_perkantoran": 1, "poi_pariwisata": 0, "poi_perdagangan": 0, "poi_transportasi": 1, "penduduk": 2212, "densitas_poi": 92.38, "densitas_penduduk": 13622.4, "skor_poi": 0.319, "skor_penduduk": 0.617, "skor_aktivitas": 0.468, "kelas_aktivitas": "Tinggi" }, "geometry": { "type": "Polygon", "coordinates": [ [ [ 110.356573496757036, -7.812281741119381 ], [ 110.35461156349082, -7.811148114915972 ], [ 110.352646159381464, -7.812275744051083 ], [ 110.352642676420899, -7.814537007449556 ], [ 110.354604618696357, -7.815670643472276 ], [ 110.356570034923166, -7.814543006274564 ], [ 110.356573496757036, -7.812281741119381 ] ] ] } },
{ "type": "Feature", "properties": { "hex_id": 82, "hex_r_m": 250.0, "luas_km2": 0.1624, "poi_total": 26, "poi_kuliner": 5, "poi_peribadatan": 4, "poi_kesehatan": 9, "poi_pendidikan": 4, "poi_perkantoran": 3, "poi_pariwisata": 1, "poi_perdagangan": 0, "poi_transportasi": 0, "penduduk": 2210, "densitas_poi": 160.12, "densitas_penduduk": 13610.1, "skor_poi": 0.553, "skor_penduduk": 0.616, "skor_aktivitas": 0.584, "kelas_aktivitas": "Sangat Tinggi" }, "geometry": { "type": "Polygon", "coordinates": [ [ [ 110.360500837231314, -7.812287701700249 ], [ 110.358538891857094, -7.811154092864895 ], [ 110.356573496757036, -7.812281741119381 ], [ 110.356570034923166, -7.814543006274564 ], [ 110.358531989316134, -7.815676624923932 ], [ 110.360497396524238, -7.814548968601453 ], [ 110.360500837231314, -7.812287701700249 ] ] ] } },
{ "type": "Feature", "properties": { "hex_id": 83, "hex_r_m": 250.0, "luas_km2": 0.1624, "poi_total": 27, "poi_kuliner": 8, "poi_peribadatan": 2, "poi_kesehatan": 7, "poi_pendidikan": 6, "poi_perkantoran": 2, "poi_pariwisata": 1, "poi_perdagangan": 1, "poi_transportasi": 0, "penduduk": 2209, "densitas_poi": 166.28, "densitas_penduduk": 13603.9, "skor_poi": 0.574, "skor_penduduk": 0.616, "skor_aktivitas": 0.595, "kelas_aktivitas": "Sangat Tinggi" }, "geometry": { "type": "Polygon", "coordinates": [ [ [ 110.364428180785382, -7.812293625793552 ], [ 110.362466223312595, -7.811160034331668 ], [ 110.360500837231314, -7.812287701700249 ], [ 110.360497396524238, -7.814548968601453 ], [ 110.36245936302528, -7.815682569872059 ], [ 110.364424761205171, -7.814554894430089 ], [ 110.364428180785382, -7.812293625793552 ] ] ] } },
{ "type": "Feature", "properties": { "hex_id": 84, "hex_r_m": 250.0, "luas_km2": 0.1624, "poi_total": 12, "poi_kuliner": 6, "poi_peribadatan": 2, "poi_kesehatan": 2, "poi_pendidikan": 2, "poi_perkantoran": 0, "poi_pariwisata": 0, "poi_perdagangan": 0, "poi_transportasi": 0, "penduduk": 2208, "densitas_poi": 73.9, "densitas_penduduk": 13597.8, "skor_poi": 0.255, "skor_penduduk": 0.616, "skor_aktivitas": 0.436, "kelas_aktivitas": "Tinggi" }, "geometry": { "type": "Polygon", "coordinates": [ [ [ 110.368355527400325, -7.812299513399148 ], [ 110.366393557838364, -7.811165939316145 ], [ 110.364428180785382, -7.812293625793552 ], [ 110.364424761205171, -7.814554894430089 ], [ 110.366386739804867, -7.815688478316515 ], [ 110.368352128947066, -7.814560783760331 ], [ 110.368355527400325, -7.812299513399148 ] ] ] } },
{ "type": "Feature", "properties": { "hex_id": 85, "hex_r_m": 250.0, "luas_km2": 0.1624, "poi_total": 26, "poi_kuliner": 11, "poi_peribadatan": 2, "poi_kesehatan": 8, "poi_pendidikan": 4, "poi_perkantoran": 0, "poi_pariwisata": 0, "poi_perdagangan": 1, "poi_transportasi": 0, "penduduk": 2178, "densitas_poi": 160.12, "densitas_penduduk": 13413.0, "skor_poi": 0.553, "skor_penduduk": 0.608, "skor_aktivitas": 0.58, "kelas_aktivitas": "Sangat Tinggi" }, "geometry": { "type": "Polygon", "coordinates": [ [ [ 110.372282877057245, -7.812305364516902 ], [ 110.370320895415546, -7.811171807818194 ], [ 110.368355527400325, -7.812299513399148 ], [ 110.368352128947066, -7.814560783760331 ], [ 110.370314119636021, -7.815694350257165 ], [ 110.372279499731022, -7.814566636592041 ], [ 110.372282877057245, -7.812305364516902 ] ] ] } },
{ "type": "Feature", "properties": { "hex_id": 86, "hex_r_m": 250.0, "luas_km2": 0.1624, "poi_total": 12, "poi_kuliner": 4, "poi_peribadatan": 2, "poi_kesehatan": 1, "poi_pendidikan": 3, "poi_perkantoran": 2, "poi_pariwisata": 0, "poi_perdagangan": 0, "poi_transportasi": 0, "penduduk": 2176, "densitas_poi": 73.9, "densitas_penduduk": 13400.7, "skor_poi": 0.255, "skor_penduduk": 0.607, "skor_aktivitas": 0.431, "kelas_aktivitas": "Sedang" }, "geometry": { "type": "Polygon", "coordinates": [ [ [ 110.376210229737239, -7.812311179146675 ], [ 110.374248236025181, -7.811177639837677 ], [ 110.372282877057245, -7.812305364516902 ], [ 110.372279499731022, -7.814566636592041 ], [ 110.374241502499814, -7.815700185693873 ], [ 110.376206873538109, -7.814572452925083 ], [ 110.376210229737239, -7.812311179146675 ] ] ] } },
{ "type": "Feature", "properties": { "hex_id": 87, "hex_r_m": 250.0, "luas_km2": 0.1624, "poi_total": 13, "poi_kuliner": 5, "poi_peribadatan": 3, "poi_kesehatan": 4, "poi_pendidikan": 0, "poi_perkantoran": 1, "poi_pariwisata": 0, "poi_perdagangan": 0, "poi_transportasi": 0, "penduduk": 1945, "densitas_poi": 80.06, "densitas_penduduk": 11978.1, "skor_poi": 0.277, "skor_penduduk": 0.543, "skor_aktivitas": 0.41, "kelas_aktivitas": "Sedang" }, "geometry": { "type": "Polygon", "coordinates": [ [ [ 110.380137585421366, -7.812316957288335 ], [ 110.378175579648399, -7.811183435374454 ], [ 110.376210229737239, -7.812311179146675 ], [ 110.376206873538109, -7.814572452925083 ], [ 110.378168888377303, -7.815705984626501 ], [ 110.380134250349428, -7.814578232759323 ], [ 110.380137585421366, -7.812316957288335 ] ] ] } },
{ "type": "Feature", "properties": { "hex_id": 88, "hex_r_m": 250.0, "luas_km2": 0.1624, "poi_total": 11, "poi_kuliner": 2, "poi_peribadatan": 1, "poi_kesehatan": 3, "poi_pendidikan": 4, "poi_perkantoran": 1, "poi_pariwisata": 0, "poi_perdagangan": 0, "poi_transportasi": 0, "penduduk": 1624, "densitas_poi": 67.74, "densitas_penduduk": 10001.2, "skor_poi": 0.234, "skor_penduduk": 0.453, "skor_aktivitas": 0.344, "kelas_aktivitas": "Sedang" }, "geometry": { "type": "Polygon", "coordinates": [ [ [ 110.384064944090724, -7.812322698941744 ], [ 110.382102926266256, -7.811189194428393 ], [ 110.380137585421366, -7.812316957288335 ], [ 110.380134250349428, -7.814578232759323 ], [ 110.382096277249616, -7.815711747054912 ], [ 110.384061630146064, -7.814583976094625 ], [ 110.384064944090724, -7.812322698941744 ] ] ] } },
{ "type": "Feature", "properties": { "hex_id": 89, "hex_r_m": 250.0, "luas_km2": 0.1624, "poi_total": 19, "poi_kuliner": 8, "poi_peribadatan": 2, "poi_kesehatan": 6, "poi_pendidikan": 2, "poi_perkantoran": 1, "poi_pariwisata": 0, "poi_perdagangan": 0, "poi_transportasi": 0, "penduduk": 1426, "densitas_poi": 117.01, "densitas_penduduk": 8781.9, "skor_poi": 0.404, "skor_penduduk": 0.398, "skor_aktivitas": 0.401, "kelas_aktivitas": "Sedang" }, "geometry": { "type": "Polygon", "coordinates": [ [ [ 110.387992305726414, -7.812328404106771 ], [ 110.386030275859852, -7.81119491699936 ], [ 110.384064944090724, -7.812322698941744 ], [ 110.384061630146064, -7.814583976094625 ], [ 110.386023669097852, -7.815717472978974 ], [ 110.387989012909102, -7.814589682930854 ], [ 110.387992305726414, -7.812328404106771 ] ] ] } },
{ "type": "Feature", "properties": { "hex_id": 90, "hex_r_m": 250.0, "luas_km2": 0.1624, "poi_total": 12, "poi_kuliner": 2, "poi_peribadatan": 3, "poi_kesehatan": 5, "poi_pendidikan": 1, "poi_perkantoran": 1, "poi_pariwisata": 0, "poi_perdagangan": 0, "poi_transportasi": 0, "penduduk": 1426, "densitas_poi": 73.9, "densitas_penduduk": 8781.9, "skor_poi": 0.255, "skor_penduduk": 0.398, "skor_aktivitas": 0.326, "kelas_aktivitas": "Rendah" }, "geometry": { "type": "Polygon", "coordinates": [ [ [ 110.391919670309534, -7.812334072783279 ], [ 110.389957628410286, -7.811200603087221 ], [ 110.387992305726414, -7.812328404106771 ], [ 110.387989012909102, -7.814589682930854 ], [ 110.389951063903055, -7.815723162398551 ], [ 110.391916398619642, -7.814595353267876 ], [ 110.391919670309534, -7.812334072783279 ] ] ] } },
{ "type": "Feature", "properties": { "hex_id": 91, "hex_r_m": 250.0, "luas_km2": 0.1624, "poi_total": 10, "poi_kuliner": 1, "poi_peribadatan": 5, "poi_kesehatan": 2, "poi_pendidikan": 1, "poi_perkantoran": 0, "poi_pariwisata": 1, "poi_perdagangan": 0, "poi_transportasi": 0, "penduduk": 1731, "densitas_poi": 61.58, "densitas_penduduk": 10660.2, "skor_poi": 0.213, "skor_penduduk": 0.483, "skor_aktivitas": 0.348, "kelas_aktivitas": "Sedang" }, "geometry": { "type": "Polygon", "coordinates": [ [ [ 110.395847037821156, -7.812339704971138 ], [ 110.393884983898658, -7.811206252691841 ], [ 110.391919670309534, -7.812334072783279 ], [ 110.391916398619642, -7.814595353267876 ], [ 110.393878461646338, -7.815728815313514 ], [ 110.395843787258741, -7.814600987105564 ], [ 110.395847037821156, -7.812339704971138 ] ] ] } },
{ "type": "Feature", "properties": { "hex_id": 92, "hex_r_m": 250.0, "luas_km2": 0.1624, "poi_total": 12, "poi_kuliner": 5, "poi_peribadatan": 2, "poi_kesehatan": 2, "poi_pendidikan": 0, "poi_perkantoran": 3, "poi_pariwisata": 0, "poi_perdagangan": 0, "poi_transportasi": 0, "penduduk": 1951, "densitas_poi": 73.9, "densitas_penduduk": 12015.0, "skor_poi": 0.255, "skor_penduduk": 0.544, "skor_aktivitas": 0.4, "kelas_aktivitas": "Sedang" }, "geometry": { "type": "Polygon", "coordinates": [ [ [ 110.399774408242365, -7.812345300670216 ], [ 110.397812342306025, -7.811211865813092 ], [ 110.395847037821156, -7.812339704971138 ], [ 110.395843787258741, -7.814600987105564 ], [ 110.397805862308786, -7.815734431723731 ], [ 110.399771178807541, -7.814606584443779 ], [ 110.399774408242365, -7.812345300670216 ] ] ] } },
{ "type": "Feature", "properties": { "hex_id": 93, "hex_r_m": 250.0, "luas_km2": 0.1624, "poi_total": 10, "poi_kuliner": 2, "poi_peribadatan": 4, "poi_kesehatan": 2, "poi_pendidikan": 0, "poi_perkantoran": 2, "poi_pariwisata": 0, "poi_perdagangan": 0, "poi_transportasi": 0, "penduduk": 1159, "densitas_poi": 61.58, "densitas_penduduk": 7137.6, "skor_poi": 0.213, "skor_penduduk": 0.323, "skor_aktivitas": 0.268, "kelas_aktivitas": "Rendah" }, "geometry": { "type": "Polygon", "coordinates": [ [ [ 110.403701781554247, -7.812350859880383 ], [ 110.401739703613501, -7.81121744245084 ], [ 110.399774408242365, -7.812345300670216 ], [ 110.399771178807541, -7.814606584443779 ], [ 110.401733265871485, -7.815740011629066 ], [ 110.403698573247084, -7.814612145282394 ], [ 110.403701781554247, -7.812350859880383 ] ] ] } },
{ "type": "Feature", "properties": { "hex_id": 94, "hex_r_m": 250.0, "luas_km2": 0.1624, "poi_total": 1, "poi_kuliner": 1, "poi_peribadatan": 0, "poi_kesehatan": 0, "poi_pendidikan": 0, "poi_perkantoran": 0, "poi_pariwisata": 0, "poi_perdagangan": 0, "poi_transportasi": 0, "penduduk": 666, "densitas_poi": 6.16, "densitas_penduduk": 4101.5, "skor_poi": 0.021, "skor_penduduk": 0.186, "skor_aktivitas": 0.104, "kelas_aktivitas": "Sangat Rendah" }, "geometry": { "type": "Polygon", "coordinates": [ [ [ 110.346760429179028, -7.808874788464437 ], [ 110.34479854127413, -7.807741120017948 ], [ 110.342833131310869, -7.808868702853292 ], [ 110.342829597116321, -7.811129962177677 ], [ 110.344791494002067, -7.812263640452767 ], [ 110.346756916101526, -7.811136049572222 ], [ 110.346760429179028, -7.808874788464437 ] ] ] } },
{ "type": "Feature", "properties": { "hex_id": 95, "hex_r_m": 250.0, "luas_km2": 0.1624, "poi_total": 20, "poi_kuliner": 4, "poi_peribadatan": 2, "poi_kesehatan": 6, "poi_pendidikan": 3, "poi_perkantoran": 5, "poi_pariwisata": 0, "poi_perdagangan": 0, "poi_transportasi": 0, "penduduk": 2638, "densitas_poi": 123.17, "densitas_penduduk": 16245.9, "skor_poi": 0.426, "skor_penduduk": 0.736, "skor_aktivitas": 0.581, "kelas_aktivitas": "Sangat Tinggi" }, "geometry": { "type": "Polygon", "coordinates": [ [ [ 110.35068773019303, -7.808880837604533 ], [ 110.348725830161399, -7.807747186504561 ], [ 110.346760429179028, -7.808874788464437 ], [ 110.346756916101526, -7.811136049572222 ], [ 110.348718825123498, -7.8122697104955 ], [ 110.350684238232674, -7.811142100485036 ], [ 110.35068773019303, -7.808880837604533 ] ] ] } },
{ "type": "Feature", "properties": { "hex_id": 96, "hex_r_m": 250.0, "luas_km2": 0.1624, "poi_total": 18, "poi_kuliner": 3, "poi_peribadatan": 8, "poi_kesehatan": 1, "poi_pendidikan": 4, "poi_perkantoran": 2, "poi_pariwisata": 0, "poi_perdagangan": 0, "poi_transportasi": 0, "penduduk": 2405, "densitas_poi": 110.85, "densitas_penduduk": 14811.0, "skor_poi": 0.383, "skor_penduduk": 0.671, "skor_aktivitas": 0.527, "kelas_aktivitas": "Tinggi" }, "geometry": { "type": "Polygon", "coordinates": [ [ [ 110.354615034333989, -7.808886850273444 ], [ 110.352653122185032, -7.807753216525405 ], [ 110.35068773019303, -7.808880837604533 ], [ 110.350684238232674, -7.811142100485036 ], [ 110.352646159381464, -7.812275744051083 ], [ 110.35461156349082, -7.811148114915972 ], [ 110.354615034333989, -7.808886850273444 ] ] ] } },
{ "type": "Feature", "properties": { "hex_id": 97, "hex_r_m": 250.0, "luas_km2": 0.1624, "poi_total": 20, "poi_kuliner": 5, "poi_peribadatan": 6, "poi_kesehatan": 3, "poi_pendidikan": 4, "poi_perkantoran": 0, "poi_pariwisata": 1, "poi_perdagangan": 1, "poi_transportasi": 0, "penduduk": 2230, "densitas_poi": 123.17, "densitas_penduduk": 13733.2, "skor_poi": 0.426, "skor_penduduk": 0.622, "skor_aktivitas": 0.524, "kelas_aktivitas": "Tinggi" }, "geometry": { "type": "Polygon", "coordinates": [ [ [ 110.358542341582975, -7.80889282647103 ], [ 110.3565804173261, -7.807759210080335 ], [ 110.354615034333989, -7.808886850273444 ], [ 110.35461156349082, -7.811148114915972 ], [ 110.356573496757036, -7.812281741119381 ], [ 110.358538891857094, -7.811154092864895 ], [ 110.358542341582975, -7.80889282647103 ] ] ] } },
{ "type": "Feature", "properties": { "hex_id": 98, "hex_r_m": 250.0, "luas_km2": 0.1624, "poi_total": 13, "poi_kuliner": 1, "poi_peribadatan": 3, "poi_kesehatan": 0, "poi_pendidikan": 2, "poi_perkantoran": 2, "poi_pariwisata": 4, "poi_perdagangan": 1, "poi_transportasi": 0, "penduduk": 2207, "densitas_poi": 80.06, "densitas_penduduk": 13591.6, "skor_poi": 0.277, "skor_penduduk": 0.616, "skor_aktivitas": 0.446, "kelas_aktivitas": "Tinggi" }, "geometry": { "type": "Polygon", "coordinates": [ [ [ 110.362469651921089, -7.80889876619715 ], [ 110.360507715565703, -7.807765167169219 ], [ 110.358542341582975, -7.80889282647103 ], [ 110.358538891857094, -7.811154092864895 ], [ 110.360500837231314, -7.812287701700249 ], [ 110.362466223312595, -7.811160034331668 ], [ 110.362469651921089, -7.80889876619715 ] ] ] } },
{ "type": "Feature", "properties": { "hex_id": 99, "hex_r_m": 250.0, "luas_km2": 0.1624, "poi_total": 14, "poi_kuliner": 7, "poi_peribadatan": 3, "poi_kesehatan": 0, "poi_pendidikan": 0, "poi_perkantoran": 3, "poi_pariwisata": 0, "poi_perdagangan": 1, "poi_transportasi": 0, "penduduk": 2207, "densitas_poi": 86.22, "densitas_penduduk": 13591.6, "skor_poi": 0.298, "skor_penduduk": 0.616, "skor_aktivitas": 0.457, "kelas_aktivitas": "Tinggi" }, "geometry": { "type": "Polygon", "coordinates": [ [ [ 110.366396965329415, -7.808904669451668 ], [ 110.364435016884954, -7.807771087791903 ], [ 110.362469651921089, -7.80889876619715 ], [ 110.362466223312595, -7.811160034331668 ], [ 110.364428180785382, -7.812293625793552 ], [ 110.366393557838364, -7.811165939316145 ], [ 110.366396965329415, -7.808904669451668 ] ] ] } },
{ "type": "Feature", "properties": { "hex_id": 100, "hex_r_m": 250.0, "luas_km2": 0.1624, "poi_total": 19, "poi_kuliner": 6, "poi_peribadatan": 1, "poi_kesehatan": 6, "poi_pendidikan": 1, "poi_perkantoran": 5, "poi_pariwisata": 0, "poi_perdagangan": 0, "poi_transportasi": 0, "penduduk": 2198, "densitas_poi": 117.01, "densitas_penduduk": 13536.2, "skor_poi": 0.404, "skor_penduduk": 0.613, "skor_aktivitas": 0.508, "kelas_aktivitas": "Tinggi" }, "geometry": { "type": "Polygon", "coordinates": [ [ [ 110.370324281789038, -7.808910536234442 ], [ 110.368362321264911, -7.807776971948264 ], [ 110.366396965329415, -7.808904669451668 ], [ 110.366393557838364, -7.811165939316145 ], [ 110.368355527400325, -7.812299513399148 ], [ 110.370320895415546, -7.811171807818194 ], [ 110.370324281789038, -7.808910536234442 ] ] ] } },
{ "type": "Feature", "properties": { "hex_id": 101, "hex_r_m": 250.0, "luas_km2": 0.1624, "poi_total": 15, "poi_kuliner": 2, "poi_peribadatan": 2, "poi_kesehatan": 4, "poi_pendidikan": 2, "poi_perkantoran": 2, "poi_pariwisata": 3, "poi_perdagangan": 0, "poi_transportasi": 0, "penduduk": 2176, "densitas_poi": 92.38, "densitas_penduduk": 13400.7, "skor_poi": 0.319, "skor_penduduk": 0.607, "skor_aktivitas": 0.463, "kelas_aktivitas": "Tinggi" }, "geometry": { "type": "Polygon", "coordinates": [ [ [ 110.374251601281074, -7.808916366545334 ], [ 110.372289628686673, -7.807782819638159 ], [ 110.370324281789053, -7.808910536234442 ], [ 110.370320895415546, -7.811171807818194 ], [ 110.372282877057245, -7.812305364516902 ], [ 110.374248236025181, -7.811177639837677 ], [ 110.374251601281074, -7.808916366545334 ] ] ] } },
{ "type": "Feature", "properties": { "hex_id": 102, "hex_r_m": 250.0, "luas_km2": 0.1624, "poi_total": 21, "poi_kuliner": 8, "poi_peribadatan": 5, "poi_kesehatan": 4, "poi_pendidikan": 1, "poi_perkantoran": 3, "poi_pariwisata": 0, "poi_perdagangan": 0, "poi_transportasi": 0, "penduduk": 2176, "densitas_poi": 129.33, "densitas_penduduk": 13400.7, "skor_poi": 0.447, "skor_penduduk": 0.607, "skor_aktivitas": 0.527, "kelas_aktivitas": "Tinggi" }, "geometry": { "type": "Polygon", "coordinates": [ [ [ 110.378178923786592, -7.808922160384214 ], [ 110.376216939131353, -7.807788630861448 ], [ 110.374251601281074, -7.808916366545334 ], [ 110.374248236025181, -7.811177639837677 ], [ 110.376210229737239, -7.812311179146675 ], [ 110.378175579648399, -7.811183435374454 ], [ 110.378178923786592, -7.808922160384214 ] ] ] } },
{ "type": "Feature", "properties": { "hex_id": 103, "hex_r_m": 250.0, "luas_km2": 0.1624, "poi_total": 6, "poi_kuliner": 3, "poi_peribadatan": 2, "poi_kesehatan": 0, "poi_pendidikan": 1, "poi_perkantoran": 0, "poi_pariwisata": 0, "poi_perdagangan": 0, "poi_transportasi": 0, "penduduk": 1715, "densitas_poi": 36.95, "densitas_penduduk": 10561.7, "skor_poi": 0.128, "skor_penduduk": 0.478, "skor_aktivitas": 0.303, "kelas_aktivitas": "Rendah" }, "geometry": { "type": "Polygon", "coordinates": [ [ [ 110.382106249286679, -7.808927917750943 ], [ 110.38014425258001, -7.807794405617997 ], [ 110.378178923786592, -7.808922160384214 ], [ 110.378175579648399, -7.811183435374454 ], [ 110.380137585421366, -7.812316957288335 ], [ 110.382102926266256, -7.811189194428393 ], [ 110.382106249286679, -7.808927917750943 ] ] ] } },
{ "type": "Feature", "properties": { "hex_id": 104, "hex_r_m": 250.0, "luas_km2": 0.1624, "poi_total": 5, "poi_kuliner": 1, "poi_peribadatan": 2, "poi_kesehatan": 1, "poi_pendidikan": 0, "poi_perkantoran": 1, "poi_pariwisata": 0, "poi_perdagangan": 0, "poi_transportasi": 0, "penduduk": 1426, "densitas_poi": 30.79, "densitas_penduduk": 8781.9, "skor_poi": 0.106, "skor_penduduk": 0.398, "skor_aktivitas": 0.252, "kelas_aktivitas": "Rendah" }, "geometry": { "type": "Polygon", "coordinates": [ [ [ 110.386033577762433, -7.80893363864539 ], [ 110.384071569013756, -7.807800143907677 ], [ 110.382106249286679, -7.808927917750943 ], [ 110.382102926266256, -7.811189194428393 ], [ 110.384064944090724, -7.812322698941744 ], [ 110.386030275859852, -7.81119491699936 ], [ 110.386033577762433, -7.80893363864539 ] ] ] } },
{ "type": "Feature", "properties": { "hex_id": 105, "hex_r_m": 250.0, "luas_km2": 0.1624, "poi_total": 19, "poi_kuliner": 7, "poi_peribadatan": 4, "poi_kesehatan": 4, "poi_pendidikan": 1, "poi_perkantoran": 1, "poi_pariwisata": 2, "poi_perdagangan": 0, "poi_transportasi": 0, "penduduk": 1426, "densitas_poi": 117.01, "densitas_penduduk": 8781.9, "skor_poi": 0.404, "skor_penduduk": 0.398, "skor_aktivitas": 0.401, "kelas_aktivitas": "Sedang" }, "geometry": { "type": "Polygon", "coordinates": [ [ [ 110.38996090919494, -7.808939323067416 ], [ 110.387998888413662, -7.807805845730346 ], [ 110.386033577762433, -7.80893363864539 ], [ 110.386030275859852, -7.81119491699936 ], [ 110.387992305726414, -7.812328404106771 ], [ 110.389957628410286, -7.811200603087221 ], [ 110.38996090919494, -7.808939323067416 ] ] ] } },
{ "type": "Feature", "properties": { "hex_id": 106, "hex_r_m": 250.0, "luas_km2": 0.1624, "poi_total": 25, "poi_kuliner": 4, "poi_peribadatan": 5, "poi_kesehatan": 5, "poi_pendidikan": 7, "poi_perkantoran": 1, "poi_pariwisata": 3, "poi_perdagangan": 0, "poi_transportasi": 0, "penduduk": 1426, "densitas_poi": 153.96, "densitas_penduduk": 8781.9, "skor_poi": 0.532, "skor_penduduk": 0.398, "skor_aktivitas": 0.465, "kelas_aktivitas": "Tinggi" }, "geometry": { "type": "Polygon", "coordinates": [ [ [ 110.3938882435653, -7.808944971016892 ], [ 110.391926210760843, -7.807811511085876 ], [ 110.38996090919494, -7.808939323067416 ], [ 110.389957628410286, -7.811200603087221 ], [ 110.391919670309534, -7.812334072783279 ], [ 110.393884983898658, -7.811206252691841 ], [ 110.3938882435653, -7.808944971016892 ] ] ] } },
{ "type": "Feature", "properties": { "hex_id": 107, "hex_r_m": 250.0, "luas_km2": 0.1624, "poi_total": 8, "poi_kuliner": 1, "poi_peribadatan": 3, "poi_kesehatan": 1, "poi_pendidikan": 1, "poi_perkantoran": 1, "poi_pariwisata": 1, "poi_perdagangan": 0, "poi_transportasi": 0, "penduduk": 1849, "densitas_poi": 49.27, "densitas_penduduk": 11386.9, "skor_poi": 0.17, "skor_penduduk": 0.516, "skor_aktivitas": 0.343, "kelas_aktivitas": "Sedang" }, "geometry": { "type": "Polygon", "coordinates": [ [ [ 110.397815580854569, -7.808950582493686 ], [ 110.39585353603637, -7.807817139974135 ], [ 110.3938882435653, -7.808944971016892 ], [ 110.393884983898658, -7.811206252691841 ], [ 110.395847037821156, -7.812339704971138 ], [ 110.397812342306025, -7.811211865813092 ], [ 110.397815580854569, -7.808950582493686 ] ] ] } },
{ "type": "Feature", "properties": { "hex_id": 108, "hex_r_m": 250.0, "luas_km2": 0.1624, "poi_total": 14, "poi_kuliner": 5, "poi_peribadatan": 3, "poi_kesehatan": 2, "poi_pendidikan": 3, "poi_perkantoran": 1, "poi_pariwisata": 0, "poi_perdagangan": 0, "poi_transportasi": 0, "penduduk": 1951, "densitas_poi": 86.22, "densitas_penduduk": 12015.0, "skor_poi": 0.298, "skor_penduduk": 0.544, "skor_aktivitas": 0.421, "kelas_aktivitas": "Sedang" }, "geometry": { "type": "Polygon", "coordinates": [ [ [ 110.401742921043891, -7.808956157497666 ], [ 110.399780864221327, -7.807822732394984 ], [ 110.397815580854569, -7.808950582493686 ], [ 110.397812342306025, -7.811211865813092 ], [ 110.399774408242365, -7.812345300670216 ], [ 110.401739703613501, -7.81121744245084 ], [ 110.401742921043891, -7.808956157497666 ] ] ] } },
{ "type": "Feature", "properties": { "hex_id": 109, "hex_r_m": 250.0, "luas_km2": 0.1624, "poi_total": 2, "poi_kuliner": 1, "poi_peribadatan": 0, "poi_kesehatan": 1, "poi_pendidikan": 0, "poi_perkantoran": 0, "poi_pariwisata": 0, "poi_perdagangan": 0, "poi_transportasi": 0, "penduduk": 127, "densitas_poi": 12.32, "densitas_penduduk": 782.1, "skor_poi": 0.043, "skor_penduduk": 0.035, "skor_aktivitas": 0.039, "kelas_aktivitas": "Sangat Rendah" }, "geometry": { "type": "Polygon", "coordinates": [ [ [ 110.405670264114306, -7.8089616960287 ], [ 110.403708195296829, -7.807828288348302 ], [ 110.401742921043891, -7.808956157497666 ], [ 110.401739703613501, -7.81121744245084 ], [ 110.403701781554247, -7.812350859880383 ], [ 110.405667067802156, -7.811222982604957 ], [ 110.405670264114306, -7.8089616960287 ] ] ] } },
{ "type": "Feature", "properties": { "hex_id": 110, "hex_r_m": 250.0, "luas_km2": 0.1624, "poi_total": 19, "poi_kuliner": 3, "poi_peribadatan": 3, "poi_kesehatan": 8, "poi_pendidikan": 3, "poi_perkantoran": 1, "poi_pariwisata": 1, "poi_perdagangan": 0, "poi_transportasi": 0, "penduduk": 2482, "densitas_poi": 117.01, "densitas_penduduk": 15285.2, "skor_poi": 0.404, "skor_penduduk": 0.692, "skor_aktivitas": 0.548, "kelas_aktivitas": "Tinggi" }, "geometry": { "type": "Polygon", "coordinates": [ [ [ 110.348729331112153, -7.805485924144836 ], [ 110.346767452188189, -7.804352265520357 ], [ 110.344802063332509, -7.805479859436248 ], [ 110.34479854127413, -7.807741120017948 ], [ 110.346760429179028, -7.808874788464437 ], [ 110.348725830161399, -7.807747186504561 ], [ 110.348729331112153, -7.805485924144836 ] ] ] } },
{ "type": "Feature", "properties": { "hex_id": 111, "hex_r_m": 250.0, "luas_km2": 0.1624, "poi_total": 25, "poi_kuliner": 4, "poi_peribadatan": 4, "poi_kesehatan": 5, "poi_pendidikan": 10, "poi_perkantoran": 2, "poi_pariwisata": 0, "poi_perdagangan": 0, "poi_transportasi": 0, "penduduk": 2638, "densitas_poi": 153.96, "densitas_penduduk": 16245.9, "skor_poi": 0.532, "skor_penduduk": 0.736, "skor_aktivitas": 0.634, "kelas_aktivitas": "Sangat Tinggi" }, "geometry": { "type": "Polygon", "coordinates": [ [ [ 110.352656602028063, -7.805491952398333 ], [ 110.350694710986858, -7.80435831111508 ], [ 110.348729331112153, -7.805485924144836 ], [ 110.348725830161399, -7.807747186504561 ], [ 110.35068773019303, -7.808880837604533 ], [ 110.352653122185032, -7.807753216525405 ], [ 110.352656602028063, -7.805491952398333 ] ] ] } },
{ "type": "Feature", "properties": { "hex_id": 112, "hex_r_m": 250.0, "luas_km2": 0.1624, "poi_total": 17, "poi_kuliner": 3, "poi_peribadatan": 6, "poi_kesehatan": 3, "poi_pendidikan": 4, "poi_perkantoran": 1, "poi_pariwisata": 0, "poi_perdagangan": 0, "poi_transportasi": 0, "penduduk": 3090, "densitas_poi": 104.69, "densitas_penduduk": 19029.5, "skor_poi": 0.362, "skor_penduduk": 0.862, "skor_aktivitas": 0.612, "kelas_aktivitas": "Sangat Tinggi" }, "geometry": { "type": "Polygon", "coordinates": [ [ [ 110.356583876061336, -7.80549794419661 ], [ 110.354621972912298, -7.804364320259992 ], [ 110.352656602028063, -7.805491952398333 ], [ 110.352653122185032, -7.807753216525405 ], [ 110.354615034333989, -7.808886850273444 ], [ 110.3565804173261, -7.807759210080335 ], [ 110.356583876061336, -7.80549794419661 ] ] ] } },
{ "type": "Feature", "properties": { "hex_id": 113, "hex_r_m": 250.0, "luas_km2": 0.1624, "poi_total": 22, "poi_kuliner": 5, "poi_peribadatan": 5, "poi_kesehatan": 5, "poi_pendidikan": 6, "poi_perkantoran": 1, "poi_pariwisata": 0, "poi_perdagangan": 0, "poi_transportasi": 0, "penduduk": 2207, "densitas_poi": 135.48, "densitas_penduduk": 13591.6, "skor_poi": 0.468, "skor_penduduk": 0.616, "skor_aktivitas": 0.542, "kelas_aktivitas": "Tinggi" }, "geometry": { "type": "Polygon", "coordinates": [ [ [ 110.360511153193073, -7.805503899539523 ], [ 110.35854923794561, -7.804370292954954 ], [ 110.356583876061336, -7.80549794419661 ], [ 110.3565804173261, -7.807759210080335 ], [ 110.358542341582975, -7.80889282647103 ], [ 110.360507715565703, -7.807765167169219 ], [ 110.360511153193073, -7.805503899539523 ] ] ] } },
{ "type": "Feature", "properties": { "hex_id": 114, "hex_r_m": 250.0, "luas_km2": 0.1624, "poi_total": 17, "poi_kuliner": 5, "poi_peribadatan": 3, "poi_kesehatan": 3, "poi_pendidikan": 4, "poi_perkantoran": 2, "poi_pariwisata": 0, "poi_perdagangan": 0, "poi_transportasi": 0, "penduduk": 2207, "densitas_poi": 104.69, "densitas_penduduk": 13591.6, "skor_poi": 0.362, "skor_penduduk": 0.616, "skor_aktivitas": 0.489, "kelas_aktivitas": "Tinggi" }, "geometry": { "type": "Polygon", "coordinates": [ [ [ 110.364438433404359, -7.80550981842693 ], [ 110.362476506067893, -7.804376229199829 ], [ 110.360511153193073, -7.805503899539523 ], [ 110.360507715565703, -7.807765167169219 ], [ 110.362469651921089, -7.80889876619715 ], [ 110.364435016884954, -7.807771087791903 ], [ 110.364438433404359, -7.80550981842693 ] ] ] } },
{ "type": "Feature", "properties": { "hex_id": 115, "hex_r_m": 250.0, "luas_km2": 0.1624, "poi_total": 22, "poi_kuliner": 6, "poi_peribadatan": 7, "poi_kesehatan": 3, "poi_pendidikan": 3, "poi_perkantoran": 1, "poi_pariwisata": 1, "poi_perdagangan": 1, "poi_transportasi": 0, "penduduk": 2207, "densitas_poi": 135.48, "densitas_penduduk": 13591.6, "skor_poi": 0.468, "skor_penduduk": 0.616, "skor_aktivitas": 0.542, "kelas_aktivitas": "Tinggi" }, "geometry": { "type": "Polygon", "coordinates": [ [ [ 110.36836571667628, -7.805515700858699 ], [ 110.366403777260217, -7.804382128994473 ], [ 110.364438433404359, -7.80550981842693 ], [ 110.364435016884954, -7.807771087791903 ], [ 110.366396965329415, -7.808904669451668 ], [ 110.368362321264911, -7.807776971948264 ], [ 110.36836571667628, -7.805515700858699 ] ] ] } },
{ "type": "Feature", "properties": { "hex_id": 116, "hex_r_m": 250.0, "luas_km2": 0.1624, "poi_total": 19, "poi_kuliner": 4, "poi_peribadatan": 7, "poi_kesehatan": 3, "poi_pendidikan": 1, "poi_perkantoran": 2, "poi_pariwisata": 1, "poi_perdagangan": 1, "poi_transportasi": 0, "penduduk": 2206, "densitas_poi": 117.01, "densitas_penduduk": 13585.4, "skor_poi": 0.404, "skor_penduduk": 0.615, "skor_aktivitas": 0.51, "kelas_aktivitas": "Tinggi" }, "geometry": { "type": "Polygon", "coordinates": [ [ [ 110.37229300298992, -7.805521546834687 ], [ 110.370331051503697, -7.804387992338748 ], [ 110.36836571667628, -7.805515700858699 ], [ 110.368362321264911, -7.807776971948264 ], [ 110.370324281789038, -7.808910536234442 ], [ 110.372289628686673, -7.807782819638159 ], [ 110.37229300298992, -7.805521546834687 ] ] ] } },
{ "type": "Feature", "properties": { "hex_id": 117, "hex_r_m": 250.0, "luas_km2": 0.1624, "poi_total": 10, "poi_kuliner": 2, "poi_peribadatan": 5, "poi_kesehatan": 1, "poi_pendidikan": 1, "poi_perkantoran": 0, "poi_pariwisata": 1, "poi_perdagangan": 0, "poi_transportasi": 0, "penduduk": 2190, "densitas_poi": 61.58, "densitas_penduduk": 13486.9, "skor_poi": 0.213, "skor_penduduk": 0.611, "skor_aktivitas": 0.412, "kelas_aktivitas": "Sedang" }, "geometry": { "type": "Polygon", "coordinates": [ [ [ 110.376220292326408, -7.805527356354761 ], [ 110.374258328779405, -7.804393819232526 ], [ 110.37229300298992, -7.805521546834687 ], [ 110.372289628686673, -7.807782819638159 ], [ 110.374251601281074, -7.808916366545334 ], [ 110.376216939131353, -7.807788630861448 ], [ 110.376220292326408, -7.805527356354761 ] ] ] } },
{ "type": "Feature", "properties": { "hex_id": 118, "hex_r_m": 250.0, "luas_km2": 0.1624, "poi_total": 22, "poi_kuliner": 4, "poi_peribadatan": 6, "poi_kesehatan": 4, "poi_pendidikan": 7, "poi_perkantoran": 0, "poi_pariwisata": 1, "poi_perdagangan": 0, "poi_transportasi": 0, "penduduk": 2085, "densitas_poi": 135.48, "densitas_penduduk": 12840.3, "skor_poi": 0.468, "skor_penduduk": 0.582, "skor_aktivitas": 0.525, "kelas_aktivitas": "Tinggi" }, "geometry": { "type": "Polygon", "coordinates": [ [ [ 110.380147584666787, -7.805533129418785 ], [ 110.378185609068439, -7.804399609675663 ], [ 110.376220292326408, -7.805527356354761 ], [ 110.376216939131353, -7.807788630861448 ], [ 110.378178923786592, -7.808922160384214 ], [ 110.38014425258001, -7.807794405617997 ], [ 110.380147584666787, -7.805533129418785 ] ] ] } },
{ "type": "Feature", "properties": { "hex_id": 119, "hex_r_m": 250.0, "luas_km2": 0.1624, "poi_total": 9, "poi_kuliner": 3, "poi_peribadatan": 1, "poi_kesehatan": 2, "poi_pendidikan": 1, "poi_perkantoran": 2, "poi_pariwisata": 0, "poi_perdagangan": 0, "poi_transportasi": 0, "penduduk": 1429, "densitas_poi": 55.43, "densitas_penduduk": 8800.4, "skor_poi": 0.191, "skor_penduduk": 0.399, "skor_aktivitas": 0.295, "kelas_aktivitas": "Rendah" }, "geometry": { "type": "Polygon", "coordinates": [ [ [ 110.38407487999217, -7.805538866026622 ], [ 110.382112892351884, -7.804405363668023 ], [ 110.380147584666787, -7.805533129418785 ], [ 110.38014425258001, -7.807794405617997 ], [ 110.382106249286679, -7.808927917750943 ], [ 110.384071569013756, -7.807800143907677 ], [ 110.38407487999217, -7.805538866026622 ] ] ] } },
{ "type": "Feature", "properties": { "hex_id": 120, "hex_r_m": 250.0, "luas_km2": 0.1624, "poi_total": 8, "poi_kuliner": 1, "poi_peribadatan": 3, "poi_kesehatan": 0, "poi_pendidikan": 1, "poi_perkantoran": 3, "poi_pariwisata": 0, "poi_perdagangan": 0, "poi_transportasi": 0, "penduduk": 1426, "densitas_poi": 49.27, "densitas_penduduk": 8781.9, "skor_poi": 0.17, "skor_penduduk": 0.398, "skor_aktivitas": 0.284, "kelas_aktivitas": "Rendah" }, "geometry": { "type": "Polygon", "coordinates": [ [ [ 110.388002178283656, -7.805544566178141 ], [ 110.386040178610855, -7.804411081209476 ], [ 110.38407487999217, -7.805538866026622 ], [ 110.384071569013756, -7.807800143907677 ], [ 110.386033577762433, -7.80893363864539 ], [ 110.387998888413662, -7.807805845730346 ], [ 110.388002178283656, -7.805544566178141 ] ] ] } },
{ "type": "Feature", "properties": { "hex_id": 121, "hex_r_m": 250.0, "luas_km2": 0.1624, "poi_total": 19, "poi_kuliner": 11, "poi_peribadatan": 4, "poi_kesehatan": 2, "poi_pendidikan": 2, "poi_perkantoran": 0, "poi_pariwisata": 0, "poi_perdagangan": 0, "poi_transportasi": 0, "penduduk": 1426, "densitas_poi": 117.01, "densitas_penduduk": 8781.9, "skor_poi": 0.404, "skor_penduduk": 0.398, "skor_aktivitas": 0.401, "kelas_aktivitas": "Sedang" }, "geometry": { "type": "Polygon", "coordinates": [ [ [ 110.391929479522318, -7.805550229873206 ], [ 110.389967467826409, -7.804416762299888 ], [ 110.388002178283656, -7.805544566178141 ], [ 110.387998888413662, -7.807805845730346 ], [ 110.38996090919494, -7.808939323067416 ], [ 110.391926210760843, -7.807811511085876 ], [ 110.391929479522318, -7.805550229873206 ] ] ] } },
{ "type": "Feature", "properties": { "hex_id": 122, "hex_r_m": 250.0, "luas_km2": 0.1624, "poi_total": 12, "poi_kuliner": 1, "poi_peribadatan": 3, "poi_kesehatan": 2, "poi_pendidikan": 3, "poi_perkantoran": 1, "poi_pariwisata": 2, "poi_perdagangan": 0, "poi_transportasi": 0, "penduduk": 1426, "densitas_poi": 73.9, "densitas_penduduk": 8781.9, "skor_poi": 0.255, "skor_penduduk": 0.398, "skor_aktivitas": 0.326, "kelas_aktivitas": "Rendah" }, "geometry": { "type": "Polygon", "coordinates": [ [ [ 110.395856783689254, -7.805555857111688 ], [ 110.393894759979673, -7.804422406939125 ], [ 110.391929479522318, -7.805550229873206 ], [ 110.391926210760843, -7.807811511085876 ], [ 110.3938882435653, -7.808944971016892 ], [ 110.39585353603637, -7.807817139974135 ], [ 110.395856783689254, -7.805555857111688 ] ] ] } },
{ "type": "Feature", "properties": { "hex_id": 123, "hex_r_m": 250.0, "luas_km2": 0.1624, "poi_total": 3, "poi_kuliner": 0, "poi_peribadatan": 1, "poi_kesehatan": 1, "poi_pendidikan": 0, "poi_perkantoran": 1, "poi_pariwisata": 0, "poi_perdagangan": 0, "poi_transportasi": 0, "penduduk": 1857, "densitas_poi": 18.48, "densitas_penduduk": 11436.2, "skor_poi": 0.064, "skor_penduduk": 0.518, "skor_aktivitas": 0.291, "kelas_aktivitas": "Rendah" }, "geometry": { "type": "Polygon", "coordinates": [ [ [ 110.39978409076555, -7.805561447893454 ], [ 110.397822055051691, -7.804428015127053 ], [ 110.395856783689254, -7.805555857111688 ], [ 110.39585353603637, -7.807817139974135 ], [ 110.397815580854569, -7.808950582493686 ], [ 110.399780864221327, -7.807822732394984 ], [ 110.39978409076555, -7.805561447893454 ] ] ] } },
{ "type": "Feature", "properties": { "hex_id": 124, "hex_r_m": 250.0, "luas_km2": 0.1624, "poi_total": 11, "poi_kuliner": 3, "poi_peribadatan": 2, "poi_kesehatan": 3, "poi_pendidikan": 0, "poi_perkantoran": 3, "poi_pariwisata": 0, "poi_perdagangan": 0, "poi_transportasi": 0, "penduduk": 1239, "densitas_poi": 67.74, "densitas_penduduk": 7630.3, "skor_poi": 0.234, "skor_penduduk": 0.346, "skor_aktivitas": 0.29, "kelas_aktivitas": "Rendah" }, "geometry": { "type": "Polygon", "coordinates": [ [ [ 110.403711400732305, -7.805567002218371 ], [ 110.40174935302359, -7.804433586863548 ], [ 110.39978409076555, -7.805561447893454 ], [ 110.399780864221327, -7.807822732394984 ], [ 110.401742921043891, -7.808956157497666 ], [ 110.403708195296829, -7.807828288348302 ], [ 110.403711400732305, -7.805567002218371 ] ] ] } },
{ "type": "Feature", "properties": { "hex_id": 125, "hex_r_m": 250.0, "luas_km2": 0.1624, "poi_total": 2, "poi_kuliner": 0, "poi_peribadatan": 1, "poi_kesehatan": 0, "poi_pendidikan": 1, "poi_perkantoran": 0, "poi_pariwisata": 0, "poi_perdagangan": 0, "poi_transportasi": 0, "penduduk": 299, "densitas_poi": 12.32, "densitas_penduduk": 1841.4, "skor_poi": 0.043, "skor_penduduk": 0.083, "skor_aktivitas": 0.063, "kelas_aktivitas": "Sangat Rendah" }, "geometry": { "type": "Polygon", "coordinates": [ [ [ 110.346770962119919, -7.802091003684199 ], [ 110.344809104294129, -7.800957337544627 ], [ 110.342843727565082, -7.802084923423154 ], [ 110.342840196535221, -7.804346183475964 ], [ 110.344802063332509, -7.805479859436248 ], [ 110.346767452188189, -7.804352265520357 ], [ 110.346770962119919, -7.802091003684199 ] ] ] } },
{ "type": "Feature", "properties": { "hex_id": 126, "hex_r_m": 250.0, "luas_km2": 0.1624, "poi_total": 16, "poi_kuliner": 1, "poi_peribadatan": 2, "poi_kesehatan": 4, "poi_pendidikan": 5, "poi_perkantoran": 4, "poi_pariwisata": 0, "poi_perdagangan": 0, "poi_transportasi": 0, "penduduk": 2572, "densitas_poi": 98.53, "densitas_penduduk": 15839.4, "skor_poi": 0.34, "skor_penduduk": 0.717, "skor_aktivitas": 0.528, "kelas_aktivitas": "Tinggi" }, "geometry": { "type": "Polygon", "coordinates": [ [ [ 110.350698199820357, -7.802097047506263 ], [ 110.348736329877426, -7.800963398697204 ], [ 110.346770962119919, -7.802091003684199 ], [ 110.346767452188189, -7.804352265520357 ], [ 110.348729331112153, -7.805485924144836 ], [ 110.350694710986858, -7.80435831111508 ], [ 110.350698199820357, -7.802097047506263 ] ] ] } },
{ "type": "Feature", "properties": { "hex_id": 127, "hex_r_m": 250.0, "luas_km2": 0.1624, "poi_total": 22, "poi_kuliner": 6, "poi_peribadatan": 6, "poi_kesehatan": 4, "poi_pendidikan": 2, "poi_perkantoran": 3, "poi_pariwisata": 1, "poi_perdagangan": 0, "poi_transportasi": 0, "penduduk": 2704, "densitas_poi": 135.48, "densitas_penduduk": 16652.3, "skor_poi": 0.468, "skor_penduduk": 0.754, "skor_aktivitas": 0.611, "kelas_aktivitas": "Sangat Tinggi" }, "geometry": { "type": "Polygon", "coordinates": [ [ [ 110.35462544064751, -7.802103054889203 ], [ 110.352663558596817, -7.800969423416073 ], [ 110.350698199820357, -7.802097047506263 ], [ 110.350694710986858, -7.80435831111508 ], [ 110.352656602028063, -7.805491952398333 ], [ 110.354621972912298, -7.804364320259992 ], [ 110.35462544064751, -7.802103054889203 ] ] ] } },
{ "type": "Feature", "properties": { "hex_id": 128, "hex_r_m": 250.0, "luas_km2": 0.1624, "poi_total": 24, "poi_kuliner": 5, "poi_peribadatan": 5, "poi_kesehatan": 6, "poi_pendidikan": 5, "poi_perkantoran": 2, "poi_pariwisata": 0, "poi_perdagangan": 1, "poi_transportasi": 0, "penduduk": 3394, "densitas_poi": 147.8, "densitas_penduduk": 20901.6, "skor_poi": 0.511, "skor_penduduk": 0.947, "skor_aktivitas": 0.729, "kelas_aktivitas": "Sangat Tinggi" }, "geometry": { "type": "Polygon", "coordinates": [ [ [ 110.358552684582449, -7.802109025832883 ], [ 110.356590790433401, -7.800975411701091 ], [ 110.35462544064751, -7.802103054889203 ], [ 110.354621972912298, -7.804364320259992 ], [ 110.356583876061336, -7.80549794419661 ], [ 110.35854923794561, -7.804370292954954 ], [ 110.358552684582449, -7.802109025832883 ] ] ] } },
{ "type": "Feature", "properties": { "hex_id": 129, "hex_r_m": 250.0, "luas_km2": 0.1624, "poi_total": 19, "poi_kuliner": 3, "poi_peribadatan": 9, "poi_kesehatan": 3, "poi_pendidikan": 4, "poi_perkantoran": 0, "poi_pariwisata": 0, "poi_perdagangan": 0, "poi_transportasi": 0, "penduduk": 2870, "densitas_poi": 117.01, "densitas_penduduk": 17674.6, "skor_poi": 0.404, "skor_penduduk": 0.801, "skor_aktivitas": 0.602, "kelas_aktivitas": "Sangat Tinggi" }, "geometry": { "type": "Polygon", "coordinates": [ [ [ 110.362479931606259, -7.802114960337158 ], [ 110.360518025368293, -7.800981363552123 ], [ 110.358552684582449, -7.802109025832883 ], [ 110.35854923794561, -7.804370292954954 ], [ 110.360511153193073, -7.805503899539523 ], [ 110.362476506067893, -7.804376229199829 ], [ 110.362479931606259, -7.802114960337158 ] ] ] } },
{ "type": "Feature", "properties": { "hex_id": 130, "hex_r_m": 250.0, "luas_km2": 0.1624, "poi_total": 17, "poi_kuliner": 3, "poi_peribadatan": 5, "poi_kesehatan": 0, "poi_pendidikan": 3, "poi_perkantoran": 1, "poi_pariwisata": 5, "poi_perdagangan": 0, "poi_transportasi": 0, "penduduk": 2209, "densitas_poi": 104.69, "densitas_penduduk": 13603.9, "skor_poi": 0.362, "skor_penduduk": 0.616, "skor_aktivitas": 0.489, "kelas_aktivitas": "Tinggi" }, "geometry": { "type": "Polygon", "coordinates": [ [ [ 110.36640718170004, -7.802120858401892 ], [ 110.364445263382564, -7.800987278969024 ], [ 110.362479931606259, -7.802114960337158 ], [ 110.362476506067893, -7.804376229199829 ], [ 110.364438433404359, -7.80550981842693 ], [ 110.366403777260217, -7.804382128994473 ], [ 110.36640718170004, -7.802120858401892 ] ] ] } },
{ "type": "Feature", "properties": { "hex_id": 131, "hex_r_m": 250.0, "luas_km2": 0.1624, "poi_total": 29, "poi_kuliner": 3, "poi_peribadatan": 9, "poi_kesehatan": 7, "poi_pendidikan": 6, "poi_perkantoran": 3, "poi_pariwisata": 1, "poi_perdagangan": 0, "poi_transportasi": 0, "penduduk": 2209, "densitas_poi": 178.59, "densitas_penduduk": 13603.9, "skor_poi": 0.617, "skor_penduduk": 0.616, "skor_aktivitas": 0.616, "kelas_aktivitas": "Sangat Tinggi" }, "geometry": { "type": "Polygon", "coordinates": [ [ [ 110.370334434844892, -7.802126720026949 ], [ 110.368372504457312, -7.800993157951663 ], [ 110.36640718170004, -7.802120858401892 ], [ 110.366403777260217, -7.804382128994473 ], [ 110.36836571667628, -7.805515700858699 ], [ 110.370331051503697, -7.804387992338748 ], [ 110.370334434844892, -7.802126720026949 ] ] ] } },
{ "type": "Feature", "properties": { "hex_id": 132, "hex_r_m": 250.0, "luas_km2": 0.1624, "poi_total": 29, "poi_kuliner": 6, "poi_peribadatan": 7, "poi_kesehatan": 4, "poi_pendidikan": 9, "poi_perkantoran": 3, "poi_pariwisata": 0, "poi_perdagangan": 0, "poi_transportasi": 0, "penduduk": 2209, "densitas_poi": 178.59, "densitas_penduduk": 13603.9, "skor_poi": 0.617, "skor_penduduk": 0.616, "skor_aktivitas": 0.616, "kelas_aktivitas": "Sangat Tinggi" }, "geometry": { "type": "Polygon", "coordinates": [ [ [ 110.374261691021886, -7.802132545212189 ], [ 110.372299748573624, -7.800999000499897 ], [ 110.370334434844892, -7.802126720026949 ], [ 110.370331051503697, -7.804387992338748 ], [ 110.37229300298992, -7.805521546834687 ], [ 110.374258328779405, -7.804393819232526 ], [ 110.374261691021886, -7.802132545212189 ] ] ] } },
{ "type": "Feature", "properties": { "hex_id": 133, "hex_r_m": 250.0, "luas_km2": 0.1624, "poi_total": 26, "poi_kuliner": 4, "poi_peribadatan": 2, "poi_kesehatan": 8, "poi_pendidikan": 3, "poi_perkantoran": 6, "poi_pariwisata": 2, "poi_perdagangan": 1, "poi_transportasi": 0, "penduduk": 2508, "densitas_poi": 160.12, "densitas_penduduk": 15445.3, "skor_poi": 0.553, "skor_penduduk": 0.7, "skor_aktivitas": 0.626, "kelas_aktivitas": "Sangat Tinggi" }, "geometry": { "type": "Polygon", "coordinates": [ [ [ 110.378188950212135, -7.802138333957481 ], [ 110.376226995712628, -7.801004806613592 ], [ 110.374261691021886, -7.802132545212189 ], [ 110.374258328779405, -7.804393819232526 ], [ 110.376220292326408, -7.805527356354761 ], [ 110.378185609068439, -7.804399609675663 ], [ 110.378188950212135, -7.802138333957481 ] ] ] } },
{ "type": "Feature", "properties": { "hex_id": 134, "hex_r_m": 250.0, "luas_km2": 0.1624, "poi_total": 12, "poi_kuliner": 4, "poi_peribadatan": 1, "poi_kesehatan": 0, "poi_pendidikan": 5, "poi_perkantoran": 2, "poi_pariwisata": 0, "poi_perdagangan": 0, "poi_transportasi": 0, "penduduk": 2000, "densitas_poi": 73.9, "densitas_penduduk": 12316.8, "skor_poi": 0.255, "skor_penduduk": 0.558, "skor_aktivitas": 0.406, "kelas_aktivitas": "Sedang" }, "geometry": { "type": "Polygon", "coordinates": [ [ [ 110.382116212396724, -7.802144086262684 ], [ 110.380154245855351, -7.801010576292612 ], [ 110.378188950212135, -7.802138333957481 ], [ 110.378185609068439, -7.804399609675663 ], [ 110.380147584666787, -7.805533129418785 ], [ 110.382112892351884, -7.804405363668023 ], [ 110.382116212396724, -7.802144086262684 ] ] ] } },
{ "type": "Feature", "properties": { "hex_id": 135, "hex_r_m": 250.0, "luas_km2": 0.1624, "poi_total": 14, "poi_kuliner": 2, "poi_peribadatan": 3, "poi_kesehatan": 3, "poi_pendidikan": 1, "poi_perkantoran": 4, "poi_pariwisata": 1, "poi_perdagangan": 0, "poi_transportasi": 0, "penduduk": 1426, "densitas_poi": 86.22, "densitas_penduduk": 8781.9, "skor_poi": 0.298, "skor_penduduk": 0.398, "skor_aktivitas": 0.348, "kelas_aktivitas": "Sedang" }, "geometry": { "type": "Polygon", "coordinates": [ [ [ 110.386043477556754, -7.802149802127669 ], [ 110.384081498982937, -7.80101630953682 ], [ 110.382116212396724, -7.802144086262684 ], [ 110.382112892351884, -7.804405363668023 ], [ 110.38407487999217, -7.805538866026622 ], [ 110.386040178610855, -7.804411081209476 ], [ 110.386043477556754, -7.802149802127669 ] ] ] } },
{ "type": "Feature", "properties": { "hex_id": 136, "hex_r_m": 250.0, "luas_km2": 0.1624, "poi_total": 17, "poi_kuliner": 7, "poi_peribadatan": 2, "poi_kesehatan": 6, "poi_pendidikan": 0, "poi_perkantoran": 2, "poi_pariwisata": 0, "poi_perdagangan": 0, "poi_transportasi": 0, "penduduk": 1426, "densitas_poi": 104.69, "densitas_penduduk": 8781.9, "skor_poi": 0.362, "skor_penduduk": 0.398, "skor_aktivitas": 0.38, "kelas_aktivitas": "Sedang" }, "geometry": { "type": "Polygon", "coordinates": [ [ [ 110.389970745673295, -7.802155481552297 ], [ 110.388008755076456, -7.801022006346086 ], [ 110.386043477556754, -7.802149802127669 ], [ 110.386040178610855, -7.804411081209476 ], [ 110.388002178283656, -7.805544566178141 ], [ 110.389967467826409, -7.804416762299888 ], [ 110.389970745673295, -7.802155481552297 ] ] ] } },
{ "type": "Feature", "properties": { "hex_id": 137, "hex_r_m": 250.0, "luas_km2": 0.1624, "poi_total": 25, "poi_kuliner": 6, "poi_peribadatan": 6, "poi_kesehatan": 5, "poi_pendidikan": 3, "poi_perkantoran": 4, "poi_pariwisata": 1, "poi_perdagangan": 0, "poi_transportasi": 0, "penduduk": 1426, "densitas_poi": 153.96, "densitas_penduduk": 8781.9, "skor_poi": 0.532, "skor_penduduk": 0.398, "skor_aktivitas": 0.465, "kelas_aktivitas": "Tinggi" }, "geometry": { "type": "Polygon", "coordinates": [ [ [ 110.393898016727448, -7.80216112453644 ], [ 110.391936014117007, -7.801027666720277 ], [ 110.389970745673295, -7.802155481552297 ], [ 110.389967467826409, -7.804416762299888 ], [ 110.391929479522318, -7.805550229873206 ], [ 110.393894759979673, -7.804422406939125 ], [ 110.393898016727448, -7.80216112453644 ] ] ] } },
{ "type": "Feature", "properties": { "hex_id": 138, "hex_r_m": 250.0, "luas_km2": 0.1624, "poi_total": 7, "poi_kuliner": 0, "poi_peribadatan": 0, "poi_kesehatan": 4, "poi_pendidikan": 0, "poi_perkantoran": 2, "poi_pariwisata": 1, "poi_perdagangan": 0, "poi_transportasi": 0, "penduduk": 1462, "densitas_poi": 43.11, "densitas_penduduk": 9003.6, "skor_poi": 0.149, "skor_penduduk": 0.408, "skor_aktivitas": 0.278, "kelas_aktivitas": "Rendah" }, "geometry": { "type": "Polygon", "coordinates": [ [ [ 110.397825290700311, -7.802166731079965 ], [ 110.395863276085663, -7.801033290659257 ], [ 110.393898016727448, -7.80216112453644 ], [ 110.393894759979673, -7.804422406939125 ], [ 110.395856783689254, -7.805555857111688 ], [ 110.397822055051691, -7.804428015127053 ], [ 110.397825290700311, -7.802166731079965 ] ] ] } },
{ "type": "Feature", "properties": { "hex_id": 139, "hex_r_m": 250.0, "luas_km2": 0.1624, "poi_total": 14, "poi_kuliner": 2, "poi_peribadatan": 2, "poi_kesehatan": 2, "poi_pendidikan": 4, "poi_perkantoran": 2, "poi_pariwisata": 1, "poi_perdagangan": 1, "poi_transportasi": 0, "penduduk": 1537, "densitas_poi": 86.22, "densitas_penduduk": 9465.5, "skor_poi": 0.298, "skor_penduduk": 0.429, "skor_aktivitas": 0.364, "kelas_aktivitas": "Sedang" }, "geometry": { "type": "Polygon", "coordinates": [ [ [ 110.401752567572956, -7.802172301182739 ], [ 110.399790540963537, -7.801038878162899 ], [ 110.397825290700311, -7.802166731079965 ], [ 110.397822055051691, -7.804428015127053 ], [ 110.39978409076555, -7.805561447893454 ], [ 110.40174935302359, -7.804433586863548 ], [ 110.401752567572956, -7.802172301182739 ] ] ] } },
{ "type": "Feature", "properties": { "hex_id": 140, "hex_r_m": 250.0, "luas_km2": 0.1624, "poi_total": 2, "poi_kuliner": 0, "poi_peribadatan": 1, "poi_kesehatan": 0, "poi_pendidikan": 1, "poi_perkantoran": 0, "poi_pariwisata": 0, "poi_perdagangan": 0, "poi_transportasi": 0, "penduduk": 153, "densitas_poi": 12.32, "densitas_penduduk": 942.2, "skor_poi": 0.043, "skor_penduduk": 0.043, "skor_aktivitas": 0.043, "kelas_aktivitas": "Sangat Rendah" }, "geometry": { "type": "Polygon", "coordinates": [ [ [ 110.405679847326482, -7.802177834844636 ], [ 110.403717808731713, -7.801044429231069 ], [ 110.401752567572956, -7.802172301182739 ], [ 110.40174935302359, -7.804433586863548 ], [ 110.403711400732305, -7.805567002218371 ], [ 110.405676653876469, -7.804439122148474 ], [ 110.405679847326482, -7.802177834844636 ] ] ] } },
{ "type": "Feature", "properties": { "hex_id": 141, "hex_r_m": 250.0, "luas_km2": 0.1624, "poi_total": 4, "poi_kuliner": 0, "poi_peribadatan": 0, "poi_kesehatan": 3, "poi_pendidikan": 1, "poi_perkantoran": 0, "poi_pariwisata": 0, "poi_perdagangan": 0, "poi_transportasi": 0, "penduduk": 393, "densitas_poi": 24.63, "densitas_penduduk": 2420.3, "skor_poi": 0.085, "skor_penduduk": 0.11, "skor_aktivitas": 0.098, "kelas_aktivitas": "Sangat Rendah" }, "geometry": { "type": "Polygon", "coordinates": [ [ [ 110.348739827691986, -7.79870213560944 ], [ 110.346777978837792, -7.79756847928399 ], [ 110.344812623197427, -7.798696076234839 ], [ 110.344809104294129, -7.800957337544627 ], [ 110.346770962119919, -7.802091003684199 ], [ 110.348736329877426, -7.800963398697204 ], [ 110.348739827691986, -7.79870213560944 ] ] ] } },
{ "type": "Feature", "properties": { "hex_id": 142, "hex_r_m": 250.0, "luas_km2": 0.1624, "poi_total": 31, "poi_kuliner": 3, "poi_peribadatan": 9, "poi_kesehatan": 12, "poi_pendidikan": 5, "poi_perkantoran": 0, "poi_pariwisata": 2, "poi_perdagangan": 0, "poi_transportasi": 0, "penduduk": 2638, "densitas_poi": 190.91, "densitas_penduduk": 16245.9, "skor_poi": 0.66, "skor_penduduk": 0.736, "skor_aktivitas": 0.698, "kelas_aktivitas": "Sangat Tinggi" }, "geometry": { "type": "Polygon", "coordinates": [ [ [ 110.352667035322568, -7.798708158561019 ], [ 110.350705174360712, -7.797574519560788 ], [ 110.348739827691986, -7.79870213560944 ], [ 110.348736329877426, -7.800963398697204 ], [ 110.350698199820357, -7.802097047506263 ], [ 110.352663558596817, -7.800969423416073 ], [ 110.352667035322568, -7.798708158561019 ] ] ] } },
{ "type": "Feature", "properties": { "hex_id": 143, "hex_r_m": 250.0, "luas_km2": 0.1624, "poi_total": 19, "poi_kuliner": 4, "poi_peribadatan": 6, "poi_kesehatan": 2, "poi_pendidikan": 3, "poi_perkantoran": 2, "poi_pariwisata": 1, "poi_perdagangan": 1, "poi_transportasi": 0, "penduduk": 3005, "densitas_poi": 117.01, "densitas_penduduk": 18506.0, "skor_poi": 0.404, "skor_penduduk": 0.838, "skor_aktivitas": 0.621, "kelas_aktivitas": "Sangat Tinggi" }, "geometry": { "type": "Polygon", "coordinates": [ [ [ 110.356594246070273, -7.798714145089438 ], [ 110.354632373010162, -7.79758052341984 ], [ 110.352667035322568, -7.798708158561019 ], [ 110.352663558596817, -7.800969423416073 ], [ 110.35462544064751, -7.802103054889203 ], [ 110.356590790433401, -7.800975411701091 ], [ 110.356594246070273, -7.798714145089438 ] ] ] } },
{ "type": "Feature", "properties": { "hex_id": 144, "hex_r_m": 250.0, "luas_km2": 0.1624, "poi_total": 21, "poi_kuliner": 2, "poi_peribadatan": 3, "poi_kesehatan": 3, "poi_pendidikan": 13, "poi_perkantoran": 0, "poi_pariwisata": 0, "poi_perdagangan": 0, "poi_transportasi": 0, "penduduk": 3585, "densitas_poi": 129.33, "densitas_penduduk": 22077.9, "skor_poi": 0.447, "skor_penduduk": 1.0, "skor_aktivitas": 0.724, "kelas_aktivitas": "Sangat Tinggi" }, "geometry": { "type": "Polygon", "coordinates": [ [ [ 110.360521459916185, -7.798720095194556 ], [ 110.358559574767241, -7.797586490861004 ], [ 110.356594246070273, -7.798714145089438 ], [ 110.356590790433401, -7.800975411701091 ], [ 110.358552684582449, -7.802109025832883 ], [ 110.360518025368293, -7.800981363552123 ], [ 110.360521459916185, -7.798720095194556 ] ] ] } },
{ "type": "Feature", "properties": { "hex_id": 145, "hex_r_m": 250.0, "luas_km2": 0.1624, "poi_total": 41, "poi_kuliner": 7, "poi_peribadatan": 10, "poi_kesehatan": 10, "poi_pendidikan": 5, "poi_perkantoran": 5, "poi_pariwisata": 2, "poi_perdagangan": 2, "poi_transportasi": 0, "penduduk": 2681, "densitas_poi": 252.49, "densitas_penduduk": 16510.7, "skor_poi": 0.872, "skor_penduduk": 0.748, "skor_aktivitas": 0.81, "kelas_aktivitas": "Sangat Tinggi" }, "geometry": { "type": "Polygon", "coordinates": [ [ [ 110.364448676841405, -7.798726008876231 ], [ 110.362486779613036, -7.797592421884136 ], [ 110.360521459916185, -7.798720095194556 ], [ 110.360518025368293, -7.800981363552123 ], [ 110.362479931606259, -7.802114960337158 ], [ 110.364445263382564, -7.800987278969024 ], [ 110.364448676841405, -7.798726008876231 ] ] ] } },
{ "type": "Feature", "properties": { "hex_id": 146, "hex_r_m": 250.0, "luas_km2": 0.1624, "poi_total": 36, "poi_kuliner": 11, "poi_peribadatan": 7, "poi_kesehatan": 2, "poi_pendidikan": 0, "poi_perkantoran": 0, "poi_pariwisata": 9, "poi_perdagangan": 7, "poi_transportasi": 0, "penduduk": 2210, "densitas_poi": 221.7, "densitas_penduduk": 13610.1, "skor_poi": 0.766, "skor_penduduk": 0.616, "skor_aktivitas": 0.691, "kelas_aktivitas": "Sangat Tinggi" }, "geometry": { "type": "Polygon", "coordinates": [ [ [ 110.368375896827033, -7.798731886134329 ], [ 110.366413987528631, -7.797598316489108 ], [ 110.364448676841405, -7.798726008876231 ], [ 110.364445263382564, -7.800987278969024 ], [ 110.36640718170004, -7.802120858401892 ], [ 110.368372504457312, -7.800993157951663 ], [ 110.368375896827033, -7.798731886134329 ] ] ] } },
{ "type": "Feature", "properties": { "hex_id": 147, "hex_r_m": 250.0, "luas_km2": 0.1624, "poi_total": 20, "poi_kuliner": 11, "poi_peribadatan": 4, "poi_kesehatan": 2, "poi_pendidikan": 1, "poi_perkantoran": 0, "poi_pariwisata": 1, "poi_perdagangan": 1, "poi_transportasi": 0, "penduduk": 2397, "densitas_poi": 123.17, "densitas_penduduk": 14761.7, "skor_poi": 0.426, "skor_penduduk": 0.669, "skor_aktivitas": 0.548, "kelas_aktivitas": "Tinggi" }, "geometry": { "type": "Polygon", "coordinates": [ [ [ 110.372303119854138, -7.798737726968712 ], [ 110.37034119849514, -7.797604174675778 ], [ 110.368375896827033, -7.798731886134329 ], [ 110.368372504457312, -7.800993157951663 ], [ 110.370334434844892, -7.802126720026949 ], [ 110.372299748573624, -7.800999000499897 ], [ 110.372303119854138, -7.798737726968712 ] ] ] } },
{ "type": "Feature", "properties": { "hex_id": 148, "hex_r_m": 250.0, "luas_km2": 0.1624, "poi_total": 34, "poi_kuliner": 8, "poi_peribadatan": 4, "poi_kesehatan": 15, "poi_pendidikan": 5, "poi_perkantoran": 1, "poi_pariwisata": 1, "poi_perdagangan": 0, "poi_transportasi": 0, "penduduk": 2660, "densitas_poi": 209.39, "densitas_penduduk": 16381.4, "skor_poi": 0.723, "skor_penduduk": 0.742, "skor_aktivitas": 0.732, "kelas_aktivitas": "Sangat Tinggi" }, "geometry": { "type": "Polygon", "coordinates": [ [ [ 110.376230345903835, -7.798743531379243 ], [ 110.374268412493635, -7.797609996444004 ], [ 110.372303119854138, -7.798737726968712 ], [ 110.372299748573624, -7.800999000499897 ], [ 110.374261691021886, -7.802132545212189 ], [ 110.376226995712628, -7.801004806613592 ], [ 110.376230345903835, -7.798743531379243 ] ] ] } },
{ "type": "Feature", "properties": { "hex_id": 149, "hex_r_m": 250.0, "luas_km2": 0.1624, "poi_total": 15, "poi_kuliner": 2, "poi_peribadatan": 5, "poi_kesehatan": 2, "poi_pendidikan": 3, "poi_perkantoran": 3, "poi_pariwisata": 0, "poi_perdagangan": 0, "poi_transportasi": 0, "penduduk": 2661, "densitas_poi": 92.38, "densitas_penduduk": 16387.5, "skor_poi": 0.319, "skor_penduduk": 0.742, "skor_aktivitas": 0.53, "kelas_aktivitas": "Tinggi" }, "geometry": { "type": "Polygon", "coordinates": [ [ [ 110.380157574957209, -7.798749299365785 ], [ 110.378195629505228, -7.797615781793654 ], [ 110.376230345903835, -7.798743531379243 ], [ 110.376226995712628, -7.801004806613592 ], [ 110.378188950212135, -7.802138333957481 ], [ 110.380154245855351, -7.801010576292612 ], [ 110.380157574957209, -7.798749299365785 ] ] ] } },
{ "type": "Feature", "properties": { "hex_id": 150, "hex_r_m": 250.0, "luas_km2": 0.1624, "poi_total": 21, "poi_kuliner": 3, "poi_peribadatan": 3, "poi_kesehatan": 2, "poi_pendidikan": 8, "poi_perkantoran": 5, "poi_pariwisata": 0, "poi_perdagangan": 0, "poi_transportasi": 0, "penduduk": 1496, "densitas_poi": 129.33, "densitas_penduduk": 9213.0, "skor_poi": 0.447, "skor_penduduk": 0.417, "skor_aktivitas": 0.432, "kelas_aktivitas": "Sedang" }, "geometry": { "type": "Polygon", "coordinates": [ [ [ 110.384084806995347, -7.798755030928207 ], [ 110.38212284951102, -7.797621530724595 ], [ 110.380157574957209, -7.798749299365785 ], [ 110.380154245855351, -7.801010576292612 ], [ 110.382116212396724, -7.802144086262684 ], [ 110.384081498982937, -7.80101630953682 ], [ 110.384084806995347, -7.798755030928207 ] ] ] } },
{ "type": "Feature", "properties": { "hex_id": 151, "hex_r_m": 250.0, "luas_km2": 0.1624, "poi_total": 11, "poi_kuliner": 2, "poi_peribadatan": 3, "poi_kesehatan": 2, "poi_pendidikan": 1, "poi_perkantoran": 2, "poi_pariwisata": 1, "poi_perdagangan": 0, "poi_transportasi": 0, "penduduk": 1426, "densitas_poi": 67.74, "densitas_penduduk": 8781.9, "skor_poi": 0.234, "skor_penduduk": 0.398, "skor_aktivitas": 0.316, "kelas_aktivitas": "Rendah" }, "geometry": { "type": "Polygon", "coordinates": [ [ [ 110.388012041999332, -7.798760726066375 ], [ 110.386050072492054, -7.79762724323669 ], [ 110.384084806995347, -7.798755030928207 ], [ 110.384081498982937, -7.80101630953682 ], [ 110.386043477556754, -7.802149802127669 ], [ 110.388008755076456, -7.801022006346086 ], [ 110.388012041999332, -7.798760726066375 ] ] ] } },
{ "type": "Feature", "properties": { "hex_id": 152, "hex_r_m": 250.0, "luas_km2": 0.1624, "poi_total": 41, "poi_kuliner": 3, "poi_peribadatan": 5, "poi_kesehatan": 6, "poi_pendidikan": 4, "poi_perkantoran": 23, "poi_pariwisata": 0, "poi_perdagangan": 0, "poi_transportasi": 0, "penduduk": 1426, "densitas_poi": 252.49, "densitas_penduduk": 8781.9, "skor_poi": 0.872, "skor_penduduk": 0.398, "skor_aktivitas": 0.635, "kelas_aktivitas": "Sangat Tinggi" }, "geometry": { "type": "Polygon", "coordinates": [ [ [ 110.391939279950279, -7.798766384780151 ], [ 110.389977298429457, -7.797632919329805 ], [ 110.388012041999332, -7.798760726066375 ], [ 110.388008755076456, -7.801022006346086 ], [ 110.389970745673295, -7.802155481552297 ], [ 110.391936014117007, -7.801027666720277 ], [ 110.391939279950279, -7.798766384780151 ] ] ] } },
{ "type": "Feature", "properties": { "hex_id": 153, "hex_r_m": 250.0, "luas_km2": 0.1624, "poi_total": 13, "poi_kuliner": 0, "poi_peribadatan": 2, "poi_kesehatan": 2, "poi_pendidikan": 5, "poi_perkantoran": 4, "poi_pariwisata": 0, "poi_perdagangan": 0, "poi_transportasi": 0, "penduduk": 1426, "densitas_poi": 80.06, "densitas_penduduk": 8781.9, "skor_poi": 0.277, "skor_penduduk": 0.398, "skor_aktivitas": 0.338, "kelas_aktivitas": "Rendah" }, "geometry": { "type": "Polygon", "coordinates": [ [ [ 110.395866520829259, -7.798772007069409 ], [ 110.393904527304329, -7.797638559003813 ], [ 110.391939279950279, -7.798766384780151 ], [ 110.391936014117007, -7.801027666720277 ], [ 110.393898016727448, -7.80216112453644 ], [ 110.395863276085663, -7.801033290659257 ], [ 110.395866520829259, -7.798772007069409 ] ] ] } },
{ "type": "Feature", "properties": { "hex_id": 154, "hex_r_m": 250.0, "luas_km2": 0.1624, "poi_total": 3, "poi_kuliner": 0, "poi_peribadatan": 3, "poi_kesehatan": 0, "poi_pendidikan": 0, "poi_perkantoran": 0, "poi_pariwisata": 0, "poi_perdagangan": 0, "poi_transportasi": 0, "penduduk": 848, "densitas_poi": 18.48, "densitas_penduduk": 5222.3, "skor_poi": 0.064, "skor_penduduk": 0.237, "skor_aktivitas": 0.15, "kelas_aktivitas": "Sangat Rendah" }, "geometry": { "type": "Polygon", "coordinates": [ [ [ 110.399793764617371, -7.798777592934014 ], [ 110.397831759097755, -7.797644162258575 ], [ 110.395866520829259, -7.798772007069409 ], [ 110.395863276085663, -7.801033290659257 ], [ 110.397825290700311, -7.802166731079965 ], [ 110.399790540963537, -7.801038878162899 ], [ 110.399793764617371, -7.798777592934014 ] ] ] } },
{ "type": "Feature", "properties": { "hex_id": 155, "hex_r_m": 250.0, "luas_km2": 0.1624, "poi_total": 7, "poi_kuliner": 0, "poi_peribadatan": 2, "poi_kesehatan": 2, "poi_pendidikan": 3, "poi_perkantoran": 0, "poi_pariwisata": 0, "poi_perdagangan": 0, "poi_transportasi": 0, "penduduk": 1591, "densitas_poi": 43.11, "densitas_penduduk": 9798.0, "skor_poi": 0.149, "skor_penduduk": 0.444, "skor_aktivitas": 0.296, "kelas_aktivitas": "Rendah" }, "geometry": { "type": "Polygon", "coordinates": [ [ [ 110.35070866006761, -7.795313255224271 ], [ 110.348746820185099, -7.794179608706352 ], [ 110.346781485623993, -7.795307216720075 ], [ 110.346777978837792, -7.79756847928399 ], [ 110.348739827691986, -7.79870213560944 ], [ 110.350705174360712, -7.797574519560788 ], [ 110.35070866006761, -7.795313255224271 ] ] ] } },
{ "type": "Feature", "properties": { "hex_id": 156, "hex_r_m": 250.0, "luas_km2": 0.1624, "poi_total": 22, "poi_kuliner": 10, "poi_peribadatan": 3, "poi_kesehatan": 3, "poi_pendidikan": 3, "poi_perkantoran": 1, "poi_pariwisata": 0, "poi_perdagangan": 2, "poi_transportasi": 0, "penduduk": 2638, "densitas_poi": 135.48, "densitas_penduduk": 16245.9, "skor_poi": 0.468, "skor_penduduk": 0.736, "skor_aktivitas": 0.602, "kelas_aktivitas": "Sangat Tinggi" }, "geometry": { "type": "Polygon", "coordinates": [ [ [ 110.354635837637659, -7.795319257321403 ], [ 110.352673985656992, -7.794185628123408 ], [ 110.35070866006761, -7.795313255224271 ], [ 110.350705174360712, -7.797574519560788 ], [ 110.352667035322568, -7.798708158561019 ], [ 110.354632373010162, -7.79758052341984 ], [ 110.354635837637659, -7.795319257321403 ] ] ] } },
{ "type": "Feature", "properties": { "hex_id": 157, "hex_r_m": 250.0, "luas_km2": 0.1624, "poi_total": 27, "poi_kuliner": 5, "poi_peribadatan": 6, "poi_kesehatan": 10, "poi_pendidikan": 2, "poi_perkantoran": 2, "poi_pariwisata": 2, "poi_perdagangan": 0, "poi_transportasi": 0, "penduduk": 3426, "densitas_poi": 166.28, "densitas_penduduk": 21098.7, "skor_poi": 0.574, "skor_penduduk": 0.956, "skor_aktivitas": 0.765, "kelas_aktivitas": "Sangat Tinggi" }, "geometry": { "type": "Polygon", "coordinates": [ [ [ 110.358563018315266, -7.795325223011337 ], [ 110.356601154245823, -7.794191611138679 ], [ 110.354635837637659, -7.795319257321403 ], [ 110.354632373010162, -7.79758052341984 ], [ 110.356594246070273, -7.798714145089438 ], [ 110.358559574767241, -7.797586490861004 ], [ 110.358563018315266, -7.795325223011337 ] ] ] } },
{ "type": "Feature", "properties": { "hex_id": 158, "hex_r_m": 250.0, "luas_km2": 0.1624, "poi_total": 27, "poi_kuliner": 5, "poi_peribadatan": 7, "poi_kesehatan": 7, "poi_pendidikan": 2, "poi_perkantoran": 3, "poi_pariwisata": 1, "poi_perdagangan": 2, "poi_transportasi": 0, "penduduk": 3429, "densitas_poi": 166.28, "densitas_penduduk": 21117.2, "skor_poi": 0.574, "skor_penduduk": 0.956, "skor_aktivitas": 0.765, "kelas_aktivitas": "Sangat Tinggi" }, "geometry": { "type": "Polygon", "coordinates": [ [ [ 110.362490202081503, -7.795331152293929 ], [ 110.360528325932719, -7.794197557752022 ], [ 110.358563018315266, -7.795325223011337 ], [ 110.358559574767241, -7.797586490861004 ], [ 110.360521459916185, -7.798720095194556 ], [ 110.362486779613036, -7.797592421884136 ], [ 110.362490202081503, -7.795331152293929 ] ] ] } },
{ "type": "Feature", "properties": { "hex_id": 159, "hex_r_m": 250.0, "luas_km2": 0.1624, "poi_total": 28, "poi_kuliner": 13, "poi_peribadatan": 2, "poi_kesehatan": 4, "poi_pendidikan": 5, "poi_perkantoran": 2, "poi_pariwisata": 1, "poi_perdagangan": 1, "poi_transportasi": 0, "penduduk": 2674, "densitas_poi": 172.44, "densitas_penduduk": 16467.6, "skor_poi": 0.596, "skor_penduduk": 0.746, "skor_aktivitas": 0.671, "kelas_aktivitas": "Sangat Tinggi" }, "geometry": { "type": "Polygon", "coordinates": [ [ [ 110.366417388917469, -7.795337045169044 ], [ 110.364455500698739, -7.794203467963298 ], [ 110.362490202081503, -7.795331152293929 ], [ 110.362486779613036, -7.797592421884136 ], [ 110.364448676841405, -7.798726008876231 ], [ 110.366413987528631, -7.797598316489108 ], [ 110.366417388917469, -7.795337045169044 ] ] ] } },
{ "type": "Feature", "properties": { "hex_id": 160, "hex_r_m": 250.0, "luas_km2": 0.1624, "poi_total": 47, "poi_kuliner": 14, "poi_peribadatan": 13, "poi_kesehatan": 9, "poi_pendidikan": 5, "poi_perkantoran": 4, "poi_pariwisata": 1, "poi_perdagangan": 1, "poi_transportasi": 0, "penduduk": 2768, "densitas_poi": 289.44, "densitas_penduduk": 17046.5, "skor_poi": 1.0, "skor_penduduk": 0.772, "skor_aktivitas": 0.886, "kelas_aktivitas": "Sangat Tinggi" }, "geometry": { "type": "Polygon", "coordinates": [ [ [ 110.37034457880425, -7.795342901636542 ], [ 110.368382678525009, -7.794209341772373 ], [ 110.366417388917469, -7.795337045169044 ], [ 110.366413987528631, -7.797598316489108 ], [ 110.368375896827033, -7.798731886134329 ], [ 110.37034119849514, -7.797604174675778 ], [ 110.37034457880425, -7.795342901636542 ] ] ] } },
{ "type": "Feature", "properties": { "hex_id": 161, "hex_r_m": 250.0, "luas_km2": 0.1624, "poi_total": 29, "poi_kuliner": 8, "poi_peribadatan": 5, "poi_kesehatan": 6, "poi_pendidikan": 5, "poi_perkantoran": 4, "poi_pariwisata": 1, "poi_perdagangan": 0, "poi_transportasi": 0, "penduduk": 2998, "densitas_poi": 178.59, "densitas_penduduk": 18462.9, "skor_poi": 0.617, "skor_penduduk": 0.836, "skor_aktivitas": 0.726, "kelas_aktivitas": "Sangat Tinggi" }, "geometry": { "type": "Polygon", "coordinates": [ [ [ 110.37427177172296, -7.795348721696287 ], [ 110.372309859392601, -7.794215179179107 ], [ 110.370344578804264, -7.795342901636542 ], [ 110.37034119849514, -7.797604174675778 ], [ 110.372303119854138, -7.798737726968712 ], [ 110.374268412493635, -7.797609996444004 ], [ 110.37427177172296, -7.795348721696287 ] ] ] } },
{ "type": "Feature", "properties": { "hex_id": 162, "hex_r_m": 250.0, "luas_km2": 0.1624, "poi_total": 17, "poi_kuliner": 5, "poi_peribadatan": 1, "poi_kesehatan": 5, "poi_pendidikan": 4, "poi_perkantoran": 2, "poi_pariwisata": 0, "poi_perdagangan": 0, "poi_transportasi": 0, "penduduk": 2918, "densitas_poi": 104.69, "densitas_penduduk": 17970.2, "skor_poi": 0.362, "skor_penduduk": 0.814, "skor_aktivitas": 0.588, "kelas_aktivitas": "Sangat Tinggi" }, "geometry": { "type": "Polygon", "coordinates": [ [ [ 110.378198967654683, -7.795354505348146 ], [ 110.376237043282629, -7.794220980183364 ], [ 110.37427177172296, -7.795348721696287 ], [ 110.374268412493635, -7.797609996444004 ], [ 110.376230345903835, -7.798743531379243 ], [ 110.378195629505228, -7.797615781793654 ], [ 110.378198967654683, -7.795354505348146 ] ] ] } },
{ "type": "Feature", "properties": { "hex_id": 163, "hex_r_m": 250.0, "luas_km2": 0.1624, "poi_total": 12, "poi_kuliner": 1, "poi_peribadatan": 2, "poi_kesehatan": 4, "poi_pendidikan": 5, "poi_perkantoran": 0, "poi_pariwisata": 0, "poi_perdagangan": 0, "poi_transportasi": 0, "penduduk": 1645, "densitas_poi": 73.9, "densitas_penduduk": 10130.6, "skor_poi": 0.255, "skor_penduduk": 0.459, "skor_aktivitas": 0.357, "kelas_aktivitas": "Sedang" }, "geometry": { "type": "Polygon", "coordinates": [ [ [ 110.382126166580491, -7.79536025259198 ], [ 110.380164230176163, -7.794226744785009 ], [ 110.378198967654683, -7.795354505348146 ], [ 110.378195629505228, -7.797615781793654 ], [ 110.380157574957209, -7.798749299365785 ], [ 110.38212284951102, -7.797621530724595 ], [ 110.382126166580491, -7.79536025259198 ] ] ] } },
{ "type": "Feature", "properties": { "hex_id": 164, "hex_r_m": 250.0, "luas_km2": 0.1624, "poi_total": 9, "poi_kuliner": 0, "poi_peribadatan": 0, "poi_kesehatan": 2, "poi_pendidikan": 2, "poi_perkantoran": 5, "poi_pariwisata": 0, "poi_perdagangan": 0, "poi_transportasi": 0, "penduduk": 1426, "densitas_poi": 55.43, "densitas_penduduk": 8781.9, "skor_poi": 0.191, "skor_penduduk": 0.398, "skor_aktivitas": 0.294, "kelas_aktivitas": "Rendah" }, "geometry": { "type": "Polygon", "coordinates": [ [ [ 110.386053368481512, -7.795365963427656 ], [ 110.384091420054318, -7.794232472983909 ], [ 110.382126166580491, -7.79536025259198 ], [ 110.38212284951102, -7.797621530724595 ], [ 110.384084806995347, -7.798755030928207 ], [ 110.386050072492054, -7.79762724323669 ], [ 110.386053368481512, -7.795365963427656 ] ] ] } },
{ "type": "Feature", "properties": { "hex_id": 165, "hex_r_m": 250.0, "luas_km2": 0.1624, "poi_total": 10, "poi_kuliner": 2, "poi_peribadatan": 5, "poi_kesehatan": 1, "poi_pendidikan": 2, "poi_perkantoran": 0, "poi_pariwisata": 0, "poi_perdagangan": 0, "poi_transportasi": 0, "penduduk": 1426, "densitas_poi": 61.58, "densitas_penduduk": 8781.9, "skor_poi": 0.213, "skor_penduduk": 0.398, "skor_aktivitas": 0.306, "kelas_aktivitas": "Rendah" }, "geometry": { "type": "Polygon", "coordinates": [ [ [ 110.389980573338804, -7.795371637855042 ], [ 110.388018612898151, -7.794238164779924 ], [ 110.386053368481512, -7.795365963427656 ], [ 110.386050072492054, -7.79762724323669 ], [ 110.388012041999332, -7.798760726066375 ], [ 110.389977298429457, -7.797632919329805 ], [ 110.389980573338804, -7.795371637855042 ] ] ] } },
{ "type": "Feature", "properties": { "hex_id": 166, "hex_r_m": 250.0, "luas_km2": 0.1624, "poi_total": 17, "poi_kuliner": 7, "poi_peribadatan": 2, "poi_kesehatan": 2, "poi_pendidikan": 2, "poi_perkantoran": 4, "poi_pariwisata": 0, "poi_perdagangan": 0, "poi_transportasi": 0, "penduduk": 1426, "densitas_poi": 104.69, "densitas_penduduk": 8781.9, "skor_poi": 0.362, "skor_penduduk": 0.398, "skor_aktivitas": 0.38, "kelas_aktivitas": "Sedang" }, "geometry": { "type": "Polygon", "coordinates": [ [ [ 110.393907781133493, -7.795377275874007 ], [ 110.391945808688803, -7.794243820172928 ], [ 110.389980573338804, -7.795371637855042 ], [ 110.389977298429457, -7.797632919329805 ], [ 110.391939279950279, -7.798766384780151 ], [ 110.393904527304329, -7.797638559003813 ], [ 110.393907781133493, -7.795377275874007 ] ] ] } },
{ "type": "Feature", "properties": { "hex_id": 167, "hex_r_m": 250.0, "luas_km2": 0.1624, "poi_total": 6, "poi_kuliner": 0, "poi_peribadatan": 1, "poi_kesehatan": 1, "poi_pendidikan": 2, "poi_perkantoran": 1, "poi_pariwisata": 1, "poi_perdagangan": 0, "poi_transportasi": 0, "penduduk": 1085, "densitas_poi": 36.95, "densitas_penduduk": 6681.9, "skor_poi": 0.128, "skor_penduduk": 0.303, "skor_aktivitas": 0.216, "kelas_aktivitas": "Rendah" }, "geometry": { "type": "Polygon", "coordinates": [ [ [ 110.397834991846636, -7.795382877484414 ], [ 110.395873007407332, -7.794249439162788 ], [ 110.393907781133493, -7.795377275874007 ], [ 110.393904527304329, -7.797638559003813 ], [ 110.395866520829259, -7.798772007069409 ], [ 110.397831759097755, -7.797644162258575 ], [ 110.397834991846636, -7.795382877484414 ] ] ] } },
{ "type": "Feature", "properties": { "hex_id": 168, "hex_r_m": 250.0, "luas_km2": 0.1624, "poi_total": 0, "poi_kuliner": 0, "poi_peribadatan": 0, "poi_kesehatan": 0, "poi_pendidikan": 0, "poi_perkantoran": 0, "poi_pariwisata": 0, "poi_perdagangan": 0, "poi_transportasi": 0, "penduduk": 6, "densitas_poi": 0.0, "densitas_penduduk": 37.0, "skor_poi": 0.0, "skor_penduduk": 0.002, "skor_aktivitas": 0.001, "kelas_aktivitas": "Sangat Rendah" }, "geometry": { "type": "Polygon", "coordinates": [ [ [ 110.348750314863722, -7.791918344891164 ], [ 110.346788496051076, -7.790784690864974 ], [ 110.344823173597518, -7.791912290850381 ], [ 110.344819657849087, -7.794173552887647 ], [ 110.346781485623993, -7.795307216720075 ], [ 110.348746820185099, -7.794179608706352 ], [ 110.348750314863722, -7.791918344891164 ] ] ] } },
{ "type": "Feature", "properties": { "hex_id": 169, "hex_r_m": 250.0, "luas_km2": 0.1624, "poi_total": 19, "poi_kuliner": 2, "poi_peribadatan": 5, "poi_kesehatan": 1, "poi_pendidikan": 8, "poi_perkantoran": 3, "poi_pariwisata": 0, "poi_perdagangan": 0, "poi_transportasi": 0, "penduduk": 2165, "densitas_poi": 117.01, "densitas_penduduk": 13332.9, "skor_poi": 0.404, "skor_penduduk": 0.604, "skor_aktivitas": 0.504, "kelas_aktivitas": "Tinggi" }, "geometry": { "type": "Polygon", "coordinates": [ [ [ 110.352677459265706, -7.791924362540988 ], [ 110.350715628354976, -7.790790725824011 ], [ 110.348750314863722, -7.791918344891164 ], [ 110.348746820185099, -7.794179608706352 ], [ 110.35070866006761, -7.795313255224271 ], [ 110.352673985656992, -7.794185628123408 ], [ 110.352677459265706, -7.791924362540988 ] ] ] } },
{ "type": "Feature", "properties": { "hex_id": 170, "hex_r_m": 250.0, "luas_km2": 0.1624, "poi_total": 20, "poi_kuliner": 6, "poi_peribadatan": 4, "poi_kesehatan": 5, "poi_pendidikan": 5, "poi_perkantoran": 0, "poi_pariwisata": 0, "poi_perdagangan": 0, "poi_transportasi": 0, "penduduk": 2465, "densitas_poi": 123.17, "densitas_penduduk": 15180.5, "skor_poi": 0.426, "skor_penduduk": 0.688, "skor_aktivitas": 0.557, "kelas_aktivitas": "Sangat Tinggi" }, "geometry": { "type": "Polygon", "coordinates": [ [ [ 110.356604606784572, -7.791930343799711 ], [ 110.354642763785151, -7.790796724397362 ], [ 110.352677459265706, -7.791924362540988 ], [ 110.352673985656992, -7.794185628123408 ], [ 110.354635837637659, -7.795319257321403 ], [ 110.356601154245823, -7.794191611138679 ], [ 110.356604606784572, -7.791930343799711 ] ] ] } },
{ "type": "Feature", "properties": { "hex_id": 171, "hex_r_m": 250.0, "luas_km2": 0.1624, "poi_total": 23, "poi_kuliner": 10, "poi_peribadatan": 6, "poi_kesehatan": 2, "poi_pendidikan": 3, "poi_perkantoran": 1, "poi_pariwisata": 0, "poi_perdagangan": 1, "poi_transportasi": 0, "penduduk": 3300, "densitas_poi": 141.64, "densitas_penduduk": 20322.7, "skor_poi": 0.489, "skor_penduduk": 0.921, "skor_aktivitas": 0.705, "kelas_aktivitas": "Sangat Tinggi" }, "geometry": { "type": "Polygon", "coordinates": [ [ [ 110.36053175740139, -7.791936288667194 ], [ 110.358569902322714, -7.79080268658489 ], [ 110.356604606784572, -7.791930343799711 ], [ 110.356601154245823, -7.794191611138679 ], [ 110.358563018315266, -7.795325223011337 ], [ 110.360528325932719, -7.794197557752022 ], [ 110.36053175740139, -7.791936288667194 ] ] ] } },
{ "type": "Feature", "properties": { "hex_id": 172, "hex_r_m": 250.0, "luas_km2": 0.1624, "poi_total": 35, "poi_kuliner": 15, "poi_peribadatan": 5, "poi_kesehatan": 6, "poi_pendidikan": 8, "poi_perkantoran": 1, "poi_pariwisata": 0, "poi_perdagangan": 0, "poi_transportasi": 0, "penduduk": 3300, "densitas_poi": 215.54, "densitas_penduduk": 20322.7, "skor_poi": 0.745, "skor_penduduk": 0.921, "skor_aktivitas": 0.833, "kelas_aktivitas": "Sangat Tinggi" }, "geometry": { "type": "Polygon", "coordinates": [ [ [ 110.364458911097273, -7.791942197143299 ], [ 110.362497043948736, -7.790808612386447 ], [ 110.36053175740139, -7.791936288667194 ], [ 110.360528325932719, -7.794197557752022 ], [ 110.362490202081503, -7.795331152293929 ], [ 110.364455500698739, -7.794203467963298 ], [ 110.364458911097273, -7.791942197143299 ] ] ] } },
{ "type": "Feature", "properties": { "hex_id": 173, "hex_r_m": 250.0, "luas_km2": 0.1624, "poi_total": 38, "poi_kuliner": 18, "poi_peribadatan": 5, "poi_kesehatan": 9, "poi_pendidikan": 1, "poi_perkantoran": 4, "poi_pariwisata": 1, "poi_perdagangan": 0, "poi_transportasi": 0, "penduduk": 3235, "densitas_poi": 234.02, "densitas_penduduk": 19922.4, "skor_poi": 0.809, "skor_penduduk": 0.902, "skor_aktivitas": 0.856, "kelas_aktivitas": "Sangat Tinggi" }, "geometry": { "type": "Polygon", "coordinates": [ [ [ 110.368386067853322, -7.791948069227888 ], [ 110.366424188644331, -7.790814501801904 ], [ 110.364458911097273, -7.791942197143299 ], [ 110.364455500698739, -7.794203467963298 ], [ 110.366417388917469, -7.795337045169044 ], [ 110.368382678525009, -7.794209341772373 ], [ 110.368386067853322, -7.791948069227888 ] ] ] } },
{ "type": "Feature", "properties": { "hex_id": 174, "hex_r_m": 250.0, "luas_km2": 0.1624, "poi_total": 25, "poi_kuliner": 6, "poi_peribadatan": 9, "poi_kesehatan": 3, "poi_pendidikan": 5, "poi_perkantoran": 0, "poi_pariwisata": 1, "poi_perdagangan": 1, "poi_transportasi": 0, "penduduk": 3207, "densitas_poi": 153.96, "densitas_penduduk": 19750.0, "skor_poi": 0.532, "skor_penduduk": 0.895, "skor_aktivitas": 0.714, "kelas_aktivitas": "Sangat Tinggi" }, "geometry": { "type": "Polygon", "coordinates": [ [ [ 110.372313227650622, -7.791953904920822 ], [ 110.370351336390613, -7.790820354831118 ], [ 110.368386067853322, -7.791948069227888 ], [ 110.368382678525009, -7.794209341772373 ], [ 110.37034457880425, -7.795342901636542 ], [ 110.372309859392601, -7.794215179179107 ], [ 110.372313227650622, -7.791953904920822 ] ] ] } },
{ "type": "Feature", "properties": { "hex_id": 175, "hex_r_m": 250.0, "luas_km2": 0.1624, "poi_total": 23, "poi_kuliner": 10, "poi_peribadatan": 6, "poi_kesehatan": 5, "poi_pendidikan": 1, "poi_perkantoran": 0, "poi_pariwisata": 0, "poi_perdagangan": 1, "poi_transportasi": 0, "penduduk": 3207, "densitas_poi": 141.64, "densitas_penduduk": 19750.0, "skor_poi": 0.489, "skor_penduduk": 0.895, "skor_aktivitas": 0.692, "kelas_aktivitas": "Sangat Tinggi" }, "geometry": { "type": "Polygon", "coordinates": [ [ [ 110.376240390470258, -7.791959704221968 ], [ 110.374278487168624, -7.790826171473957 ], [ 110.372313227650622, -7.791953904920822 ], [ 110.372309859392601, -7.794215179179107 ], [ 110.37427177172296, -7.795348721696287 ], [ 110.376237043282629, -7.794220980183364 ], [ 110.376240390470258, -7.791959704221968 ] ] ] } },
{ "type": "Feature", "properties": { "hex_id": 176, "hex_r_m": 250.0, "luas_km2": 0.1624, "poi_total": 17, "poi_kuliner": 3, "poi_peribadatan": 6, "poi_kesehatan": 5, "poi_pendidikan": 2, "poi_perkantoran": 0, "poi_pariwisata": 1, "poi_perdagangan": 0, "poi_transportasi": 0, "penduduk": 2307, "densitas_poi": 104.69, "densitas_penduduk": 14207.4, "skor_poi": 0.362, "skor_penduduk": 0.644, "skor_aktivitas": 0.503, "kelas_aktivitas": "Tinggi" }, "geometry": { "type": "Polygon", "coordinates": [ [ [ 110.38016755629333, -7.791965467131191 ], [ 110.378205640959493, -7.790831951730278 ], [ 110.376240390470258, -7.791959704221968 ], [ 110.376237043282629, -7.794220980183364 ], [ 110.378198967654683, -7.795354505348146 ], [ 110.380164230176163, -7.794226744785009 ], [ 110.38016755629333, -7.791965467131191 ] ] ] } },
{ "type": "Feature", "properties": { "hex_id": 177, "hex_r_m": 250.0, "luas_km2": 0.1624, "poi_total": 17, "poi_kuliner": 3, "poi_peribadatan": 5, "poi_kesehatan": 2, "poi_pendidikan": 5, "poi_perkantoran": 0, "poi_pariwisata": 2, "poi_perdagangan": 0, "poi_transportasi": 0, "penduduk": 1674, "densitas_poi": 104.69, "densitas_penduduk": 10309.2, "skor_poi": 0.362, "skor_penduduk": 0.467, "skor_aktivitas": 0.414, "kelas_aktivitas": "Sedang" }, "geometry": { "type": "Polygon", "coordinates": [ [ [ 110.384094725100937, -7.791971193648352 ], [ 110.382132797744305, -7.790837695599955 ], [ 110.38016755629333, -7.791965467131191 ], [ 110.380164230176163, -7.794226744785009 ], [ 110.382126166580491, -7.79536025259198 ], [ 110.384091420054318, -7.794232472983909 ], [ 110.384094725100937, -7.791971193648352 ] ] ] } },
{ "type": "Feature", "properties": { "hex_id": 178, "hex_r_m": 250.0, "luas_km2": 0.1624, "poi_total": 22, "poi_kuliner": 4, "poi_peribadatan": 3, "poi_kesehatan": 9, "poi_pendidikan": 2, "poi_perkantoran": 3, "poi_pariwisata": 0, "poi_perdagangan": 1, "poi_transportasi": 0, "penduduk": 1665, "densitas_poi": 135.48, "densitas_penduduk": 10253.7, "skor_poi": 0.468, "skor_penduduk": 0.464, "skor_aktivitas": 0.466, "kelas_aktivitas": "Tinggi" }, "geometry": { "type": "Polygon", "coordinates": [ [ [ 110.388021896874164, -7.791976883773319 ], [ 110.386059957504159, -7.790843403082846 ], [ 110.384094725100937, -7.791971193648352 ], [ 110.384091420054318, -7.794232472983909 ], [ 110.386053368481512, -7.795365963427656 ], [ 110.388018612898151, -7.794238164779924 ], [ 110.388021896874164, -7.791976883773319 ] ] ] } },
{ "type": "Feature", "properties": { "hex_id": 179, "hex_r_m": 250.0, "luas_km2": 0.1624, "poi_total": 18, "poi_kuliner": 3, "poi_peribadatan": 2, "poi_kesehatan": 6, "poi_pendidikan": 6, "poi_perkantoran": 1, "poi_pariwisata": 0, "poi_perdagangan": 0, "poi_transportasi": 0, "penduduk": 1621, "densitas_poi": 110.85, "densitas_penduduk": 9982.8, "skor_poi": 0.383, "skor_penduduk": 0.452, "skor_aktivitas": 0.418, "kelas_aktivitas": "Sedang" }, "geometry": { "type": "Polygon", "coordinates": [ [ [ 110.391949071594112, -7.791982537505963 ], [ 110.389987120220155, -7.790849074178824 ], [ 110.388021896874164, -7.791976883773319 ], [ 110.388018612898151, -7.794238164779924 ], [ 110.389980573338804, -7.795371637855042 ], [ 110.391945808688803, -7.794243820172928 ], [ 110.391949071594112, -7.791982537505963 ] ] ] } },
{ "type": "Feature", "properties": { "hex_id": 180, "hex_r_m": 250.0, "luas_km2": 0.1624, "poi_total": 6, "poi_kuliner": 2, "poi_peribadatan": 0, "poi_kesehatan": 3, "poi_pendidikan": 1, "poi_perkantoran": 0, "poi_pariwisata": 0, "poi_perdagangan": 0, "poi_transportasi": 0, "penduduk": 1493, "densitas_poi": 36.95, "densitas_penduduk": 9194.5, "skor_poi": 0.128, "skor_penduduk": 0.416, "skor_aktivitas": 0.272, "kelas_aktivitas": "Rendah" }, "geometry": { "type": "Polygon", "coordinates": [ [ [ 110.395876249241866, -7.791988154846147 ], [ 110.39391428587335, -7.790854708887751 ], [ 110.391949071594112, -7.791982537505963 ], [ 110.391945808688803, -7.794243820172928 ], [ 110.393907781133493, -7.795377275874007 ], [ 110.395873007407332, -7.794249439162788 ], [ 110.395876249241866, -7.791988154846147 ] ] ] } },
{ "type": "Feature", "properties": { "hex_id": 181, "hex_r_m": 250.0, "luas_km2": 0.1624, "poi_total": 0, "poi_kuliner": 0, "poi_peribadatan": 0, "poi_kesehatan": 0, "poi_pendidikan": 0, "poi_perkantoran": 0, "poi_pariwisata": 0, "poi_perdagangan": 0, "poi_transportasi": 0, "penduduk": 17, "densitas_poi": 0.0, "densitas_penduduk": 104.7, "skor_poi": 0.0, "skor_penduduk": 0.005, "skor_aktivitas": 0.002, "kelas_aktivitas": "Sangat Rendah" }, "geometry": { "type": "Polygon", "coordinates": [ [ [ 110.399803429798524, -7.791993735793745 ], [ 110.397841454444887, -7.790860307209501 ], [ 110.395876249241866, -7.791988154846147 ], [ 110.395873007407332, -7.794249439162788 ], [ 110.397834991846636, -7.795382877484414 ], [ 110.399800209034836, -7.794255021749369 ], [ 110.399803429798524, -7.791993735793745 ] ] ] } },
{ "type": "Feature", "properties": { "hex_id": 182, "hex_r_m": 250.0, "luas_km2": 0.1624, "poi_total": 1, "poi_kuliner": 0, "poi_peribadatan": 0, "poi_kesehatan": 0, "poi_pendidikan": 0, "poi_perkantoran": 1, "poi_pariwisata": 0, "poi_perdagangan": 0, "poi_transportasi": 0, "penduduk": 523, "densitas_poi": 6.16, "densitas_penduduk": 3220.8, "skor_poi": 0.021, "skor_penduduk": 0.146, "skor_aktivitas": 0.083, "kelas_aktivitas": "Sangat Rendah" }, "geometry": { "type": "Polygon", "coordinates": [ [ [ 110.350719110935501, -7.788529460760405 ], [ 110.3487573010852, -7.787395816533857 ], [ 110.346791999692016, -7.788523427573918 ], [ 110.346788496051076, -7.790784690864974 ], [ 110.348750314863722, -7.791918344891164 ], [ 110.350715628354976, -7.790790725824011 ], [ 110.350719110935501, -7.788529460760405 ] ] ] } },
{ "type": "Feature", "properties": { "hex_id": 183, "hex_r_m": 250.0, "luas_km2": 0.1624, "poi_total": 14, "poi_kuliner": 2, "poi_peribadatan": 4, "poi_kesehatan": 4, "poi_pendidikan": 2, "poi_perkantoran": 1, "poi_pariwisata": 1, "poi_perdagangan": 0, "poi_transportasi": 0, "penduduk": 2051, "densitas_poi": 86.22, "densitas_penduduk": 12630.9, "skor_poi": 0.298, "skor_penduduk": 0.572, "skor_aktivitas": 0.435, "kelas_aktivitas": "Sedang" }, "geometry": { "type": "Polygon", "coordinates": [ [ [ 110.354646225305189, -7.788535457571894 ], [ 110.352684403366297, -7.787401830649263 ], [ 110.350719110935501, -7.788529460760405 ], [ 110.350715628354976, -7.790790725824011 ], [ 110.352677459265706, -7.791924362540988 ], [ 110.354642763785151, -7.790796724397362 ], [ 110.354646225305189, -7.788535457571894 ] ] ] } },
{ "type": "Feature", "properties": { "hex_id": 184, "hex_r_m": 250.0, "luas_km2": 0.1624, "poi_total": 17, "poi_kuliner": 3, "poi_peribadatan": 5, "poi_kesehatan": 4, "poi_pendidikan": 4, "poi_perkantoran": 0, "poi_pariwisata": 1, "poi_perdagangan": 0, "poi_transportasi": 0, "penduduk": 2769, "densitas_poi": 104.69, "densitas_penduduk": 17052.6, "skor_poi": 0.362, "skor_penduduk": 0.772, "skor_aktivitas": 0.567, "kelas_aktivitas": "Sangat Tinggi" }, "geometry": { "type": "Polygon", "coordinates": [ [ [ 110.358573342782179, -7.788541418008243 ], [ 110.356611508764104, -7.787407808394946 ], [ 110.354646225305189, -7.788535457571894 ], [ 110.354642763785151, -7.790796724397362 ], [ 110.356604606784572, -7.791930343799711 ], [ 110.358569902322714, -7.79080268658489 ], [ 110.358573342782179, -7.788541418008243 ] ] ] } },
{ "type": "Feature", "properties": { "hex_id": 185, "hex_r_m": 250.0, "luas_km2": 0.1624, "poi_total": 18, "poi_kuliner": 1, "poi_peribadatan": 7, "poi_kesehatan": 3, "poi_pendidikan": 0, "poi_perkantoran": 6, "poi_pariwisata": 1, "poi_perdagangan": 0, "poi_transportasi": 0, "penduduk": 3083, "densitas_poi": 110.85, "densitas_penduduk": 18986.4, "skor_poi": 0.383, "skor_penduduk": 0.86, "skor_aktivitas": 0.621, "kelas_aktivitas": "Sangat Tinggi" }, "geometry": { "type": "Polygon", "coordinates": [ [ [ 110.362500463347558, -7.788547342069314 ], [ 110.360538617259706, -7.787413749770765 ], [ 110.358573342782179, -7.788541418008243 ], [ 110.358569902322714, -7.79080268658489 ], [ 110.36053175740139, -7.791936288667194 ], [ 110.362497043948736, -7.790808612386447 ], [ 110.362500463347558, -7.788547342069314 ] ] ] } },
{ "type": "Feature", "properties": { "hex_id": 186, "hex_r_m": 250.0, "luas_km2": 0.1624, "poi_total": 23, "poi_kuliner": 11, "poi_peribadatan": 4, "poi_kesehatan": 2, "poi_pendidikan": 1, "poi_perkantoran": 1, "poi_pariwisata": 1, "poi_perdagangan": 1, "poi_transportasi": 2, "penduduk": 3285, "densitas_poi": 141.64, "densitas_penduduk": 20230.4, "skor_poi": 0.489, "skor_penduduk": 0.916, "skor_aktivitas": 0.702, "kelas_aktivitas": "Sangat Tinggi" }, "geometry": { "type": "Polygon", "coordinates": [ [ [ 110.366427586982439, -7.788553229754966 ], [ 110.364465728834219, -7.787419654776578 ], [ 110.362500463347558, -7.788547342069314 ], [ 110.36249704394875, -7.790808612386447 ], [ 110.364458911097273, -7.791942197143299 ], [ 110.366424188644331, -7.790814501801904 ], [ 110.366427586982439, -7.788553229754966 ] ] ] } },
{ "type": "Feature", "properties": { "hex_id": 187, "hex_r_m": 250.0, "luas_km2": 0.1624, "poi_total": 19, "poi_kuliner": 4, "poi_peribadatan": 8, "poi_kesehatan": 2, "poi_pendidikan": 1, "poi_perkantoran": 1, "poi_pariwisata": 3, "poi_perdagangan": 0, "poi_transportasi": 0, "penduduk": 2583, "densitas_poi": 117.01, "densitas_penduduk": 15907.2, "skor_poi": 0.404, "skor_penduduk": 0.721, "skor_aktivitas": 0.562, "kelas_aktivitas": "Sangat Tinggi" }, "geometry": { "type": "Polygon", "coordinates": [ [ [ 110.370354713667879, -7.788559081065067 ], [ 110.368392843468726, -7.787425523412249 ], [ 110.366427586982439, -7.788553229754966 ], [ 110.366424188644331, -7.790814501801904 ], [ 110.368386067853322, -7.791948069227888 ], [ 110.370351336390613, -7.790820354831118 ], [ 110.370354713667879, -7.788559081065067 ] ] ] } },
{ "type": "Feature", "properties": { "hex_id": 188, "hex_r_m": 250.0, "luas_km2": 0.1624, "poi_total": 25, "poi_kuliner": 11, "poi_peribadatan": 5, "poi_kesehatan": 4, "poi_pendidikan": 2, "poi_perkantoran": 2, "poi_pariwisata": 1, "poi_perdagangan": 0, "poi_transportasi": 0, "penduduk": 2291, "densitas_poi": 153.96, "densitas_penduduk": 14108.9, "skor_poi": 0.532, "skor_penduduk": 0.639, "skor_aktivitas": 0.586, "kelas_aktivitas": "Sangat Tinggi" }, "geometry": { "type": "Polygon", "coordinates": [ [ [ 110.374281843385006, -7.788564895999477 ], [ 110.372319961144314, -7.787431355677642 ], [ 110.370354713667894, -7.788559081065067 ], [ 110.370351336390613, -7.790820354831118 ], [ 110.372313227650622, -7.791953904920822 ], [ 110.374278487168624, -7.790826171473957 ], [ 110.374281843385006, -7.788564895999477 ] ] ] } },
{ "type": "Feature", "properties": { "hex_id": 189, "hex_r_m": 250.0, "luas_km2": 0.1624, "poi_total": 20, "poi_kuliner": 6, "poi_peribadatan": 4, "poi_kesehatan": 4, "poi_pendidikan": 1, "poi_perkantoran": 2, "poi_pariwisata": 0, "poi_perdagangan": 0, "poi_transportasi": 3, "penduduk": 2866, "densitas_poi": 123.17, "densitas_penduduk": 17650.0, "skor_poi": 0.426, "skor_penduduk": 0.799, "skor_aktivitas": 0.612, "kelas_aktivitas": "Sangat Tinggi" }, "geometry": { "type": "Polygon", "coordinates": [ [ [ 110.378208976114905, -7.78857067455806 ], [ 110.376247081842081, -7.78743715157262 ], [ 110.374281843385006, -7.788564895999477 ], [ 110.374278487168624, -7.790826171473957 ], [ 110.376240390470258, -7.791959704221968 ], [ 110.378205640959493, -7.790831951730278 ], [ 110.378208976114905, -7.78857067455806 ] ] ] } },
{ "type": "Feature", "properties": { "hex_id": 190, "hex_r_m": 250.0, "luas_km2": 0.1624, "poi_total": 5, "poi_kuliner": 4, "poi_peribadatan": 1, "poi_kesehatan": 0, "poi_pendidikan": 0, "poi_perkantoran": 0, "poi_pariwisata": 0, "poi_perdagangan": 0, "poi_transportasi": 0, "penduduk": 1740, "densitas_poi": 30.79, "densitas_penduduk": 10715.6, "skor_poi": 0.106, "skor_penduduk": 0.485, "skor_aktivitas": 0.296, "kelas_aktivitas": "Rendah" }, "geometry": { "type": "Polygon", "coordinates": [ [ [ 110.382136111838676, -7.78857641674068 ], [ 110.380174205543142, -7.787442911097043 ], [ 110.378208976114905, -7.78857067455806 ], [ 110.378205640959493, -7.790831951730278 ], [ 110.38016755629333, -7.791965467131191 ], [ 110.382132797744305, -7.790837695599955 ], [ 110.382136111838676, -7.78857641674068 ] ] ] } },
{ "type": "Feature", "properties": { "hex_id": 191, "hex_r_m": 250.0, "luas_km2": 0.1624, "poi_total": 8, "poi_kuliner": 3, "poi_peribadatan": 4, "poi_kesehatan": 0, "poi_pendidikan": 1, "poi_perkantoran": 0, "poi_pariwisata": 0, "poi_perdagangan": 0, "poi_transportasi": 0, "penduduk": 1731, "densitas_poi": 49.27, "densitas_penduduk": 10660.2, "skor_poi": 0.17, "skor_penduduk": 0.483, "skor_aktivitas": 0.326, "kelas_aktivitas": "Rendah" }, "geometry": { "type": "Polygon", "coordinates": [ [ [ 110.386063250537404, -7.788582122547205 ], [ 110.384101332228582, -7.787448634250783 ], [ 110.38213611183869, -7.78857641674068 ], [ 110.382132797744305, -7.790837695599955 ], [ 110.384094725100937, -7.791971193648352 ], [ 110.386059957504159, -7.790843403082846 ], [ 110.386063250537404, -7.788582122547205 ] ] ] } },
{ "type": "Feature", "properties": { "hex_id": 192, "hex_r_m": 250.0, "luas_km2": 0.1624, "poi_total": 15, "poi_kuliner": 3, "poi_peribadatan": 5, "poi_kesehatan": 3, "poi_pendidikan": 2, "poi_perkantoran": 1, "poi_pariwisata": 1, "poi_perdagangan": 0, "poi_transportasi": 0, "penduduk": 1731, "densitas_poi": 92.38, "densitas_penduduk": 10660.2, "skor_poi": 0.319, "skor_penduduk": 0.483, "skor_aktivitas": 0.401, "kelas_aktivitas": "Sedang" }, "geometry": { "type": "Polygon", "coordinates": [ [ [ 110.389990392192189, -7.788587791977501 ], [ 110.388028461879472, -7.787454321033709 ], [ 110.386063250537404, -7.788582122547205 ], [ 110.386059957504159, -7.790843403082846 ], [ 110.388021896874164, -7.791976883773319 ], [ 110.389987120220155, -7.790849074178824 ], [ 110.389990392192189, -7.788587791977501 ] ] ] } },
{ "type": "Feature", "properties": { "hex_id": 193, "hex_r_m": 250.0, "luas_km2": 0.1624, "poi_total": 16, "poi_kuliner": 5, "poi_peribadatan": 4, "poi_kesehatan": 2, "poi_pendidikan": 1, "poi_perkantoran": 3, "poi_pariwisata": 0, "poi_perdagangan": 1, "poi_transportasi": 0, "penduduk": 1731, "densitas_poi": 98.53, "densitas_penduduk": 10660.2, "skor_poi": 0.34, "skor_penduduk": 0.483, "skor_aktivitas": 0.412, "kelas_aktivitas": "Sedang" }, "geometry": { "type": "Polygon", "coordinates": [ [ [ 110.393917536784116, -7.788593425031439 ], [ 110.391955594476926, -7.78745997144568 ], [ 110.389990392192189, -7.788587791977501 ], [ 110.389987120220155, -7.790849074178824 ], [ 110.391949071594112, -7.791982537505963 ], [ 110.39391428587335, -7.790854708887751 ], [ 110.393917536784116, -7.788593425031439 ] ] ] } },
{ "type": "Feature", "properties": { "hex_id": 194, "hex_r_m": 250.0, "luas_km2": 0.1624, "poi_total": 4, "poi_kuliner": 0, "poi_peribadatan": 1, "poi_kesehatan": 2, "poi_pendidikan": 1, "poi_perkantoran": 0, "poi_pariwisata": 0, "poi_perdagangan": 0, "poi_transportasi": 0, "penduduk": 1054, "densitas_poi": 24.63, "densitas_penduduk": 6491.0, "skor_poi": 0.085, "skor_penduduk": 0.294, "skor_aktivitas": 0.19, "kelas_aktivitas": "Rendah" }, "geometry": { "type": "Polygon", "coordinates": [ [ [ 110.397844684294299, -7.788599021708884 ], [ 110.395882730002043, -7.787465585486568 ], [ 110.393917536784116, -7.788593425031439 ], [ 110.39391428587335, -7.790854708887751 ], [ 110.395876249241866, -7.791988154846147 ], [ 110.397841454444887, -7.790860307209501 ], [ 110.397844684294299, -7.788599021708884 ] ] ] } },
{ "type": "Feature", "properties": { "hex_id": 195, "hex_r_m": 250.0, "luas_km2": 0.1624, "poi_total": 10, "poi_kuliner": 3, "poi_peribadatan": 1, "poi_kesehatan": 0, "poi_pendidikan": 3, "poi_perkantoran": 2, "poi_pariwisata": 1, "poi_perdagangan": 0, "poi_transportasi": 0, "penduduk": 1345, "densitas_poi": 61.58, "densitas_penduduk": 8283.1, "skor_poi": 0.213, "skor_penduduk": 0.375, "skor_aktivitas": 0.294, "kelas_aktivitas": "Rendah" }, "geometry": { "type": "Polygon", "coordinates": [ [ [ 110.352687873858216, -7.785140564340094 ], [ 110.350726072970375, -7.784006929906595 ], [ 110.348760792628127, -7.785134551991866 ], [ 110.3487573010852, -7.787395816533857 ], [ 110.350719110935501, -7.788529460760405 ], [ 110.352684403366297, -7.787401830649263 ], [ 110.352687873858216, -7.785140564340094 ] ] ] } },
{ "type": "Feature", "properties": { "hex_id": 196, "hex_r_m": 250.0, "luas_km2": 0.1624, "poi_total": 10, "poi_kuliner": 0, "poi_peribadatan": 5, "poi_kesehatan": 0, "poi_pendidikan": 3, "poi_perkantoran": 1, "poi_pariwisata": 1, "poi_perdagangan": 0, "poi_transportasi": 0, "penduduk": 2187, "densitas_poi": 61.58, "densitas_penduduk": 13468.4, "skor_poi": 0.213, "skor_penduduk": 0.61, "skor_aktivitas": 0.412, "kelas_aktivitas": "Sedang" }, "geometry": { "type": "Polygon", "coordinates": [ [ [ 110.356614958204958, -7.785146540329285 ], [ 110.35465314523799, -7.784012923194411 ], [ 110.35268787385823, -7.785140564340094 ], [ 110.352684403366297, -7.787401830649263 ], [ 110.354646225305189, -7.788535457571894 ], [ 110.356611508764104, -7.787407808394946 ], [ 110.356614958204958, -7.785146540329285 ] ] ] } },
{ "type": "Feature", "properties": { "hex_id": 197, "hex_r_m": 250.0, "luas_km2": 0.1624, "poi_total": 26, "poi_kuliner": 8, "poi_peribadatan": 4, "poi_kesehatan": 5, "poi_pendidikan": 4, "poi_perkantoran": 4, "poi_pariwisata": 1, "poi_perdagangan": 0, "poi_transportasi": 0, "penduduk": 2468, "densitas_poi": 160.12, "densitas_penduduk": 15198.9, "skor_poi": 0.553, "skor_penduduk": 0.688, "skor_aktivitas": 0.62, "kelas_aktivitas": "Sangat Tinggi" }, "geometry": { "type": "Polygon", "coordinates": [ [ [ 110.36054204564941, -7.785152479959295 ], [ 110.358580220612751, -7.784018880128461 ], [ 110.356614958204958, -7.785146540329285 ], [ 110.356611508764104, -7.787407808394946 ], [ 110.358573342782179, -7.788541418008243 ], [ 110.360538617259706, -7.787413749770765 ], [ 110.36054204564941, -7.785152479959295 ] ] ] } },
{ "type": "Feature", "properties": { "hex_id": 198, "hex_r_m": 250.0, "luas_km2": 0.1624, "poi_total": 24, "poi_kuliner": 5, "poi_peribadatan": 4, "poi_kesehatan": 9, "poi_pendidikan": 3, "poi_perkantoran": 3, "poi_pariwisata": 0, "poi_perdagangan": 0, "poi_transportasi": 0, "penduduk": 2551, "densitas_poi": 147.8, "densitas_penduduk": 15710.1, "skor_poi": 0.511, "skor_penduduk": 0.712, "skor_aktivitas": 0.611, "kelas_aktivitas": "Sangat Tinggi" }, "geometry": { "type": "Polygon", "coordinates": [ [ [ 110.364469136172673, -7.785158383229989 ], [ 110.362507299075745, -7.784024800708606 ], [ 110.36054204564941, -7.785152479959295 ], [ 110.360538617259706, -7.787413749770765 ], [ 110.362500463347558, -7.788547342069314 ], [ 110.364465728834219, -7.787419654776578 ], [ 110.364469136172673, -7.785158383229989 ] ] ] } },
{ "type": "Feature", "properties": { "hex_id": 199, "hex_r_m": 250.0, "luas_km2": 0.1624, "poi_total": 31, "poi_kuliner": 16, "poi_peribadatan": 5, "poi_kesehatan": 4, "poi_pendidikan": 4, "poi_perkantoran": 1, "poi_pariwisata": 1, "poi_perdagangan": 0, "poi_transportasi": 0, "penduduk": 2504, "densitas_poi": 190.91, "densitas_penduduk": 15420.6, "skor_poi": 0.66, "skor_penduduk": 0.698, "skor_aktivitas": 0.679, "kelas_aktivitas": "Sangat Tinggi" }, "geometry": { "type": "Polygon", "coordinates": [ [ [ 110.368396229755859, -7.785164250141229 ], [ 110.366434380608055, -7.784030684934707 ], [ 110.364469136172673, -7.785158383229989 ], [ 110.364465728834219, -7.787419654776578 ], [ 110.366427586982439, -7.788553229754966 ], [ 110.368392843468726, -7.787425523412249 ], [ 110.368396229755859, -7.785164250141229 ] ] ] } },
{ "type": "Feature", "properties": { "hex_id": 200, "hex_r_m": 250.0, "luas_km2": 0.1624, "poi_total": 18, "poi_kuliner": 5, "poi_peribadatan": 3, "poi_kesehatan": 2, "poi_pendidikan": 6, "poi_perkantoran": 0, "poi_pariwisata": 2, "poi_perdagangan": 0, "poi_transportasi": 0, "penduduk": 1824, "densitas_poi": 110.85, "densitas_penduduk": 11232.9, "skor_poi": 0.383, "skor_penduduk": 0.509, "skor_aktivitas": 0.446, "kelas_aktivitas": "Tinggi" }, "geometry": { "type": "Polygon", "coordinates": [ [ [ 110.372323326380055, -7.785170080692874 ], [ 110.370361465190797, -7.784036532806631 ], [ 110.368396229755859, -7.785164250141229 ], [ 110.368392843468726, -7.787425523412249 ], [ 110.370354713667879, -7.788559081065067 ], [ 110.372319961144314, -7.787431355677642 ], [ 110.372323326380055, -7.785170080692874 ] ] ] } },
{ "type": "Feature", "properties": { "hex_id": 201, "hex_r_m": 250.0, "luas_km2": 0.1624, "poi_total": 29, "poi_kuliner": 9, "poi_peribadatan": 3, "poi_kesehatan": 8, "poi_pendidikan": 8, "poi_perkantoran": 0, "poi_pariwisata": 1, "poi_perdagangan": 0, "poi_transportasi": 0, "penduduk": 1731, "densitas_poi": 178.59, "densitas_penduduk": 10660.2, "skor_poi": 0.617, "skor_penduduk": 0.483, "skor_aktivitas": 0.55, "kelas_aktivitas": "Tinggi" }, "geometry": { "type": "Polygon", "coordinates": [ [ [ 110.37625042602636, -7.785175874884792 ], [ 110.374288552805041, -7.784042344324234 ], [ 110.372323326380055, -7.785170080692874 ], [ 110.372319961144314, -7.787431355677642 ], [ 110.374281843385006, -7.788564895999477 ], [ 110.376247081842081, -7.78743715157262 ], [ 110.37625042602636, -7.785175874884792 ] ] ] } },
{ "type": "Feature", "properties": { "hex_id": 202, "hex_r_m": 250.0, "luas_km2": 0.1624, "poi_total": 20, "poi_kuliner": 6, "poi_peribadatan": 4, "poi_kesehatan": 7, "poi_pendidikan": 1, "poi_perkantoran": 2, "poi_pariwisata": 0, "poi_perdagangan": 0, "poi_transportasi": 0, "penduduk": 1749, "densitas_poi": 123.17, "densitas_penduduk": 10771.0, "skor_poi": 0.426, "skor_penduduk": 0.488, "skor_aktivitas": 0.457, "kelas_aktivitas": "Tinggi" }, "geometry": { "type": "Polygon", "coordinates": [ [ [ 110.380177528675844, -7.785181632716848 ], [ 110.378215643431915, -7.784048119487387 ], [ 110.37625042602636, -7.785175874884792 ], [ 110.376247081842081, -7.78743715157262 ], [ 110.378208976114905, -7.78857067455806 ], [ 110.380174205543142, -7.787442911097043 ], [ 110.380177528675844, -7.785181632716848 ] ] ] } },
{ "type": "Feature", "properties": { "hex_id": 203, "hex_r_m": 250.0, "luas_km2": 0.1624, "poi_total": 9, "poi_kuliner": 5, "poi_peribadatan": 2, "poi_kesehatan": 0, "poi_pendidikan": 2, "poi_perkantoran": 0, "poi_pariwisata": 0, "poi_perdagangan": 0, "poi_transportasi": 0, "penduduk": 1731, "densitas_poi": 55.43, "densitas_penduduk": 10660.2, "skor_poi": 0.191, "skor_penduduk": 0.483, "skor_aktivitas": 0.337, "kelas_aktivitas": "Rendah" }, "geometry": { "type": "Polygon", "coordinates": [ [ [ 110.384104634309651, -7.785187354188906 ], [ 110.38214273705249, -7.784053858295953 ], [ 110.380177528675844, -7.785181632716848 ], [ 110.380174205543142, -7.787442911097043 ], [ 110.382136111838676, -7.78857641674068 ], [ 110.384101332228582, -7.787448634250783 ], [ 110.384104634309651, -7.785187354188906 ] ] ] } },
{ "type": "Feature", "properties": { "hex_id": 204, "hex_r_m": 250.0, "luas_km2": 0.1624, "poi_total": 11, "poi_kuliner": 2, "poi_peribadatan": 1, "poi_kesehatan": 3, "poi_pendidikan": 3, "poi_perkantoran": 1, "poi_pariwisata": 1, "poi_perdagangan": 0, "poi_transportasi": 0, "penduduk": 1731, "densitas_poi": 67.74, "densitas_penduduk": 10660.2, "skor_poi": 0.234, "skor_penduduk": 0.483, "skor_aktivitas": 0.358, "kelas_aktivitas": "Sedang" }, "geometry": { "type": "Polygon", "coordinates": [ [ [ 110.388031742908836, -7.785193039300833 ], [ 110.386069833647866, -7.7840595607498 ], [ 110.384104634309651, -7.785187354188906 ], [ 110.384101332228582, -7.787448634250783 ], [ 110.386063250537404, -7.788582122547205 ], [ 110.388028461879472, -7.787454321033709 ], [ 110.388031742908836, -7.785193039300833 ] ] ] } },
{ "type": "Feature", "properties": { "hex_id": 205, "hex_r_m": 250.0, "luas_km2": 0.1624, "poi_total": 8, "poi_kuliner": 3, "poi_peribadatan": 3, "poi_kesehatan": 1, "poi_pendidikan": 0, "poi_perkantoran": 1, "poi_pariwisata": 0, "poi_perdagangan": 0, "poi_transportasi": 0, "penduduk": 1731, "densitas_poi": 49.27, "densitas_penduduk": 10660.2, "skor_poi": 0.17, "skor_penduduk": 0.483, "skor_aktivitas": 0.326, "kelas_aktivitas": "Rendah" }, "geometry": { "type": "Polygon", "coordinates": [ [ [ 110.391958854454501, -7.785198688052495 ], [ 110.389996933199143, -7.784065226848788 ], [ 110.388031742908836, -7.785193039300833 ], [ 110.388028461879472, -7.787454321033709 ], [ 110.389990392192189, -7.788587791977501 ], [ 110.391955594476926, -7.78745997144568 ], [ 110.391958854454501, -7.785198688052495 ] ] ] } },
{ "type": "Feature", "properties": { "hex_id": 206, "hex_r_m": 250.0, "luas_km2": 0.1624, "poi_total": 5, "poi_kuliner": 2, "poi_peribadatan": 1, "poi_kesehatan": 1, "poi_pendidikan": 1, "poi_perkantoran": 0, "poi_pariwisata": 0, "poi_perdagangan": 0, "poi_transportasi": 0, "penduduk": 637, "densitas_poi": 30.79, "densitas_penduduk": 3922.9, "skor_poi": 0.106, "skor_penduduk": 0.178, "skor_aktivitas": 0.142, "kelas_aktivitas": "Sangat Rendah" }, "geometry": { "type": "Polygon", "coordinates": [ [ [ 110.395885968927757, -7.785204300443758 ], [ 110.393924035687419, -7.78407085659279 ], [ 110.391958854454501, -7.785198688052495 ], [ 110.391955594476926, -7.78745997144568 ], [ 110.393917536784116, -7.788593425031439 ], [ 110.395882730002043, -7.787465585486568 ], [ 110.395885968927757, -7.785204300443758 ] ] ] } },
{ "type": "Feature", "properties": { "hex_id": 207, "hex_r_m": 250.0, "luas_km2": 0.1624, "poi_total": 0, "poi_kuliner": 0, "poi_peribadatan": 0, "poi_kesehatan": 0, "poi_pendidikan": 0, "poi_perkantoran": 0, "poi_pariwisata": 0, "poi_perdagangan": 0, "poi_transportasi": 0, "penduduk": 37, "densitas_poi": 0.0, "densitas_penduduk": 227.9, "skor_poi": 0.0, "skor_penduduk": 0.01, "skor_aktivitas": 0.005, "kelas_aktivitas": "Sangat Rendah" }, "geometry": { "type": "Polygon", "coordinates": [ [ [ 110.350729552424781, -7.781745664116525 ], [ 110.348767772578469, -7.780612022181566 ], [ 110.3468025043247, -7.78173963624758 ], [ 110.346799003828778, -7.784000900265152 ], [ 110.348760792628127, -7.785134551991866 ], [ 110.350726072970375, -7.784006929906595 ], [ 110.350729552424781, -7.781745664116525 ] ] ] } },
{ "type": "Feature", "properties": { "hex_id": 208, "hex_r_m": 250.0, "luas_km2": 0.1624, "poi_total": 11, "poi_kuliner": 3, "poi_peribadatan": 2, "poi_kesehatan": 5, "poi_pendidikan": 0, "poi_perkantoran": 1, "poi_pariwisata": 0, "poi_perdagangan": 0, "poi_transportasi": 0, "penduduk": 2051, "densitas_poi": 67.74, "densitas_penduduk": 12630.9, "skor_poi": 0.234, "skor_penduduk": 0.572, "skor_aktivitas": 0.403, "kelas_aktivitas": "Sedang" }, "geometry": { "type": "Polygon", "coordinates": [ [ [ 110.35465660365081, -7.781751655642532 ], [ 110.35269481172547, -7.78061803099549 ], [ 110.350729552424781, -7.781745664116525 ], [ 110.350726072970375, -7.784006929906595 ], [ 110.35268787385823, -7.785140564340094 ], [ 110.35465314523799, -7.784012923194411 ], [ 110.35465660365081, -7.781751655642532 ] ] ] } },
{ "type": "Feature", "properties": { "hex_id": 209, "hex_r_m": 250.0, "luas_km2": 0.1624, "poi_total": 26, "poi_kuliner": 3, "poi_peribadatan": 4, "poi_kesehatan": 3, "poi_pendidikan": 6, "poi_perkantoran": 8, "poi_pariwisata": 2, "poi_perdagangan": 0, "poi_transportasi": 0, "penduduk": 2228, "densitas_poi": 160.12, "densitas_penduduk": 13720.9, "skor_poi": 0.553, "skor_penduduk": 0.621, "skor_aktivitas": 0.587, "kelas_aktivitas": "Sangat Tinggi" }, "geometry": { "type": "Polygon", "coordinates": [ [ [ 110.358583657983914, -7.781757610825458 ], [ 110.356621853988955, -7.780624003471748 ], [ 110.35465660365081, -7.781751655642532 ], [ 110.35465314523799, -7.784012923194411 ], [ 110.356614958204958, -7.785146540329285 ], [ 110.358580220612751, -7.784018880128461 ], [ 110.358583657983914, -7.781757610825458 ] ] ] } },
{ "type": "Feature", "properties": { "hex_id": 210, "hex_r_m": 250.0, "luas_km2": 0.1624, "poi_total": 23, "poi_kuliner": 7, "poi_peribadatan": 5, "poi_kesehatan": 6, "poi_pendidikan": 2, "poi_perkantoran": 2, "poi_pariwisata": 0, "poi_perdagangan": 1, "poi_transportasi": 0, "penduduk": 2468, "densitas_poi": 141.64, "densitas_penduduk": 15198.9, "skor_poi": 0.489, "skor_penduduk": 0.688, "skor_aktivitas": 0.588, "kelas_aktivitas": "Sangat Tinggi" }, "geometry": { "type": "Polygon", "coordinates": [ [ [ 110.362510715405165, -7.781763529665167 ], [ 110.360548899349993, -7.780629939610201 ], [ 110.358583657983914, -7.781757610825458 ], [ 110.358580220612751, -7.784018880128461 ], [ 110.36054204564941, -7.785152479959295 ], [ 110.362507299075745, -7.784024800708606 ], [ 110.362510715405165, -7.781763529665167 ] ] ] } },
{ "type": "Feature", "properties": { "hex_id": 211, "hex_r_m": 250.0, "luas_km2": 0.1624, "poi_total": 47, "poi_kuliner": 20, "poi_peribadatan": 7, "poi_kesehatan": 10, "poi_pendidikan": 5, "poi_perkantoran": 1, "poi_pariwisata": 2, "poi_perdagangan": 2, "poi_transportasi": 0, "penduduk": 2468, "densitas_poi": 289.44, "densitas_penduduk": 15198.9, "skor_poi": 1.0, "skor_penduduk": 0.688, "skor_aktivitas": 0.844, "kelas_aktivitas": "Sangat Tinggi" }, "geometry": { "type": "Polygon", "coordinates": [ [ [ 110.366437775895633, -7.781769412161522 ], [ 110.3644759477897, -7.780635839410711 ], [ 110.362510715405165, -7.781763529665167 ], [ 110.362507299075745, -7.784024800708606 ], [ 110.364469136172673, -7.785158383229989 ], [ 110.366434380608055, -7.784030684934707 ], [ 110.366437775895633, -7.781769412161522 ] ] ] } },
{ "type": "Feature", "properties": { "hex_id": 212, "hex_r_m": 250.0, "luas_km2": 0.1624, "poi_total": 23, "poi_kuliner": 10, "poi_peribadatan": 4, "poi_kesehatan": 5, "poi_pendidikan": 3, "poi_perkantoran": 1, "poi_pariwisata": 0, "poi_perdagangan": 0, "poi_transportasi": 0, "penduduk": 2468, "densitas_poi": 141.64, "densitas_penduduk": 15198.9, "skor_poi": 0.489, "skor_penduduk": 0.688, "skor_aktivitas": 0.588, "kelas_aktivitas": "Sangat Tinggi" }, "geometry": { "type": "Polygon", "coordinates": [ [ [ 110.370364839436476, -7.781775258314381 ], [ 110.36840299928916, -7.780641702873138 ], [ 110.366437775895633, -7.781769412161522 ], [ 110.366434380608055, -7.784030684934707 ], [ 110.368396229755859, -7.785164250141229 ], [ 110.370361465190797, -7.784036532806631 ], [ 110.370364839436476, -7.781775258314381 ] ] ] } },
{ "type": "Feature", "properties": { "hex_id": 213, "hex_r_m": 250.0, "luas_km2": 0.1624, "poi_total": 29, "poi_kuliner": 15, "poi_peribadatan": 5, "poi_kesehatan": 3, "poi_pendidikan": 5, "poi_perkantoran": 0, "poi_pariwisata": 0, "poi_perdagangan": 1, "poi_transportasi": 0, "penduduk": 1837, "densitas_poi": 178.59, "densitas_penduduk": 11313.0, "skor_poi": 0.617, "skor_penduduk": 0.512, "skor_aktivitas": 0.564, "kelas_aktivitas": "Sangat Tinggi" }, "geometry": { "type": "Polygon", "coordinates": [ [ [ 110.37429190600875, -7.781781068123612 ], [ 110.372330053829458, -7.780647529997345 ], [ 110.370364839436476, -7.781775258314381 ], [ 110.370361465190797, -7.784036532806631 ], [ 110.372323326380055, -7.785170080692874 ], [ 110.374288552805041, -7.784042344324234 ], [ 110.37429190600875, -7.781781068123612 ] ] ] } },
{ "type": "Feature", "properties": { "hex_id": 214, "hex_r_m": 250.0, "luas_km2": 0.1624, "poi_total": 24, "poi_kuliner": 2, "poi_peribadatan": 2, "poi_kesehatan": 12, "poi_pendidikan": 4, "poi_perkantoran": 1, "poi_pariwisata": 3, "poi_perdagangan": 0, "poi_transportasi": 0, "penduduk": 1731, "densitas_poi": 147.8, "densitas_penduduk": 10660.2, "skor_poi": 0.511, "skor_penduduk": 0.483, "skor_aktivitas": 0.497, "kelas_aktivitas": "Tinggi" }, "geometry": { "type": "Polygon", "coordinates": [ [ [ 110.378218975593555, -7.781786841589075 ], [ 110.376257111391709, -7.7806533207832 ], [ 110.37429190600875, -7.781781068123612 ], [ 110.374288552805041, -7.784042344324234 ], [ 110.37625042602636, -7.785175874884792 ], [ 110.378215643431915, -7.784048119487387 ], [ 110.378218975593555, -7.781786841589075 ] ] ] } },
{ "type": "Feature", "properties": { "hex_id": 215, "hex_r_m": 250.0, "luas_km2": 0.1624, "poi_total": 18, "poi_kuliner": 8, "poi_peribadatan": 4, "poi_kesehatan": 5, "poi_pendidikan": 1, "poi_perkantoran": 0, "poi_pariwisata": 0, "poi_perdagangan": 0, "poi_transportasi": 0, "penduduk": 1731, "densitas_poi": 110.85, "densitas_penduduk": 10660.2, "skor_poi": 0.383, "skor_penduduk": 0.483, "skor_aktivitas": 0.433, "kelas_aktivitas": "Sedang" }, "geometry": { "type": "Polygon", "coordinates": [ [ [ 110.38214604817199, -7.78179257871064 ], [ 110.380184171956998, -7.780659075230565 ], [ 110.378218975593555, -7.781786841589075 ], [ 110.378215643431915, -7.784048119487387 ], [ 110.380177528675844, -7.785181632716848 ], [ 110.38214273705249, -7.784053858295953 ], [ 110.38214604817199, -7.78179257871064 ] ] ] } },
{ "type": "Feature", "properties": { "hex_id": 216, "hex_r_m": 250.0, "luas_km2": 0.1624, "poi_total": 24, "poi_kuliner": 5, "poi_peribadatan": 5, "poi_kesehatan": 7, "poi_pendidikan": 4, "poi_perkantoran": 3, "poi_pariwisata": 0, "poi_perdagangan": 0, "poi_transportasi": 0, "penduduk": 1731, "densitas_poi": 147.8, "densitas_penduduk": 10660.2, "skor_poi": 0.511, "skor_penduduk": 0.483, "skor_aktivitas": 0.497, "kelas_aktivitas": "Tinggi" }, "geometry": { "type": "Polygon", "coordinates": [ [ [ 110.38607312372514, -7.781798279488167 ], [ 110.384111235506438, -7.780664793339306 ], [ 110.38214604817199, -7.78179257871064 ], [ 110.38214273705249, -7.784053858295953 ], [ 110.384104634309651, -7.785187354188906 ], [ 110.386069833647866, -7.7840595607498 ], [ 110.38607312372514, -7.781798279488167 ] ] ] } },
{ "type": "Feature", "properties": { "hex_id": 217, "hex_r_m": 250.0, "luas_km2": 0.1624, "poi_total": 17, "poi_kuliner": 6, "poi_peribadatan": 2, "poi_kesehatan": 4, "poi_pendidikan": 2, "poi_perkantoran": 1, "poi_pariwisata": 2, "poi_perdagangan": 0, "poi_transportasi": 0, "penduduk": 1731, "densitas_poi": 104.69, "densitas_penduduk": 10660.2, "skor_poi": 0.362, "skor_penduduk": 0.483, "skor_aktivitas": 0.422, "kelas_aktivitas": "Sedang" }, "geometry": { "type": "Polygon", "coordinates": [ [ [ 110.39000020223412, -7.781803943921529 ], [ 110.388038302021101, -7.780670475109289 ], [ 110.38607312372514, -7.781798279488167 ], [ 110.386069833647866, -7.7840595607498 ], [ 110.388031742908836, -7.785193039300833 ], [ 110.389996933199143, -7.784065226848788 ], [ 110.39000020223412, -7.781803943921529 ] ] ] } },
{ "type": "Feature", "properties": { "hex_id": 218, "hex_r_m": 250.0, "luas_km2": 0.1624, "poi_total": 17, "poi_kuliner": 7, "poi_peribadatan": 1, "poi_kesehatan": 4, "poi_pendidikan": 3, "poi_perkantoran": 0, "poi_pariwisata": 2, "poi_perdagangan": 0, "poi_transportasi": 0, "penduduk": 685, "densitas_poi": 104.69, "densitas_penduduk": 4218.5, "skor_poi": 0.362, "skor_penduduk": 0.191, "skor_aktivitas": 0.276, "kelas_aktivitas": "Rendah" }, "geometry": { "type": "Polygon", "coordinates": [ [ [ 110.393927283680014, -7.781809572010592 ], [ 110.391965371482101, -7.78067612054038 ], [ 110.39000020223412, -7.781803943921529 ], [ 110.389996933199143, -7.784065226848788 ], [ 110.391958854454501, -7.785198688052495 ], [ 110.393924035687419, -7.78407085659279 ], [ 110.393927283680014, -7.781809572010592 ] ] ] } },
{ "type": "Feature", "properties": { "hex_id": 219, "hex_r_m": 250.0, "luas_km2": 0.1624, "poi_total": 6, "poi_kuliner": 4, "poi_peribadatan": 0, "poi_kesehatan": 1, "poi_pendidikan": 1, "poi_perkantoran": 0, "poi_pariwisata": 0, "poi_perdagangan": 0, "poi_transportasi": 0, "penduduk": 723, "densitas_poi": 36.95, "densitas_penduduk": 4452.5, "skor_poi": 0.128, "skor_penduduk": 0.202, "skor_aktivitas": 0.165, "kelas_aktivitas": "Sangat Rendah" }, "geometry": { "type": "Polygon", "coordinates": [ [ [ 110.352698279100863, -7.778356763960192 ], [ 110.35073650820766, -7.777223131810397 ], [ 110.348771260985927, -7.778350756913392 ], [ 110.348767772578469, -7.780612022181566 ], [ 110.350729552424781, -7.781745664116525 ], [ 110.35269481172547, -7.78061803099549 ], [ 110.352698279100863, -7.778356763960192 ] ] ] } },
{ "type": "Feature", "properties": { "hex_id": 220, "hex_r_m": 250.0, "luas_km2": 0.1624, "poi_total": 8, "poi_kuliner": 1, "poi_peribadatan": 6, "poi_kesehatan": 1, "poi_pendidikan": 0, "poi_perkantoran": 0, "poi_pariwisata": 0, "poi_perdagangan": 0, "poi_transportasi": 0, "penduduk": 2051, "densitas_poi": 49.27, "densitas_penduduk": 12630.9, "skor_poi": 0.17, "skor_penduduk": 0.572, "skor_aktivitas": 0.371, "kelas_aktivitas": "Sedang" }, "geometry": { "type": "Polygon", "coordinates": [ [ [ 110.356625300332183, -7.778362734680011 ], [ 110.354663517369445, -7.777229119812839 ], [ 110.352698279100863, -7.778356763960192 ], [ 110.35269481172547, -7.78061803099549 ], [ 110.35465660365081, -7.781751655642532 ], [ 110.356621853988955, -7.780624003471748 ], [ 110.356625300332183, -7.778362734680011 ] ] ] } },
{ "type": "Feature", "properties": { "hex_id": 221, "hex_r_m": 250.0, "luas_km2": 0.1624, "poi_total": 10, "poi_kuliner": 2, "poi_peribadatan": 4, "poi_kesehatan": 0, "poi_pendidikan": 3, "poi_perkantoran": 1, "poi_pariwisata": 0, "poi_perdagangan": 0, "poi_transportasi": 0, "penduduk": 2137, "densitas_poi": 61.58, "densitas_penduduk": 13160.5, "skor_poi": 0.213, "skor_penduduk": 0.596, "skor_aktivitas": 0.404, "kelas_aktivitas": "Sedang" }, "geometry": { "type": "Polygon", "coordinates": [ [ [ 110.360552324660958, -7.778368669072711 ], [ 110.358590529638107, -7.777235071493575 ], [ 110.356625300332183, -7.778362734680011 ], [ 110.356621853988955, -7.780624003471748 ], [ 110.358583657983914, -7.781757610825458 ], [ 110.360548899349993, -7.780629939610201 ], [ 110.360552324660958, -7.778368669072711 ] ] ] } },
{ "type": "Feature", "properties": { "hex_id": 222, "hex_r_m": 250.0, "luas_km2": 0.1624, "poi_total": 25, "poi_kuliner": 8, "poi_peribadatan": 5, "poi_kesehatan": 7, "poi_pendidikan": 3, "poi_perkantoran": 2, "poi_pariwisata": 0, "poi_perdagangan": 0, "poi_transportasi": 0, "penduduk": 2182, "densitas_poi": 153.96, "densitas_penduduk": 13437.6, "skor_poi": 0.532, "skor_penduduk": 0.609, "skor_aktivitas": 0.57, "kelas_aktivitas": "Sangat Tinggi" }, "geometry": { "type": "Polygon", "coordinates": [ [ [ 110.364479352068329, -7.778374567138154 ], [ 110.362517544994759, -7.777240986852466 ], [ 110.360552324660958, -7.778368669072711 ], [ 110.360548899349993, -7.780629939610201 ], [ 110.362510715405165, -7.781763529665167 ], [ 110.3644759477897, -7.780635839410711 ], [ 110.364479352068329, -7.778374567138154 ] ] ] } },
{ "type": "Feature", "properties": { "hex_id": 223, "hex_r_m": 250.0, "luas_km2": 0.1624, "poi_total": 27, "poi_kuliner": 8, "poi_peribadatan": 3, "poi_kesehatan": 7, "poi_pendidikan": 8, "poi_perkantoran": 1, "poi_pariwisata": 0, "poi_perdagangan": 0, "poi_transportasi": 0, "penduduk": 2437, "densitas_poi": 166.28, "densitas_penduduk": 15008.0, "skor_poi": 0.574, "skor_penduduk": 0.68, "skor_aktivitas": 0.627, "kelas_aktivitas": "Sangat Tinggi" }, "geometry": { "type": "Polygon", "coordinates": [ [ [ 110.368406382535369, -7.778380428876201 ], [ 110.366444563420501, -7.777246865889375 ], [ 110.364479352068329, -7.778374567138154 ], [ 110.3644759477897, -7.780635839410711 ], [ 110.366437775895633, -7.781769412161522 ], [ 110.36840299928916, -7.780641702873138 ], [ 110.368406382535369, -7.778380428876201 ] ] ] } },
{ "type": "Feature", "properties": { "hex_id": 224, "hex_r_m": 250.0, "luas_km2": 0.1624, "poi_total": 17, "poi_kuliner": 4, "poi_peribadatan": 5, "poi_kesehatan": 2, "poi_pendidikan": 1, "poi_perkantoran": 1, "poi_pariwisata": 2, "poi_perdagangan": 2, "poi_transportasi": 0, "penduduk": 2127, "densitas_poi": 104.69, "densitas_penduduk": 13098.9, "skor_poi": 0.362, "skor_penduduk": 0.593, "skor_aktivitas": 0.478, "kelas_aktivitas": "Tinggi" }, "geometry": { "type": "Polygon", "coordinates": [ [ [ 110.372333416043176, -7.77838625428672 ], [ 110.370371584896432, -7.777252708604164 ], [ 110.368406382535369, -7.778380428876201 ], [ 110.36840299928916, -7.780641702873138 ], [ 110.370364839436476, -7.781775258314381 ], [ 110.372330053829458, -7.780647529997345 ], [ 110.372333416043176, -7.77838625428672 ] ] ] } },
{ "type": "Feature", "properties": { "hex_id": 225, "hex_r_m": 250.0, "luas_km2": 0.1624, "poi_total": 29, "poi_kuliner": 10, "poi_peribadatan": 3, "poi_kesehatan": 11, "poi_pendidikan": 1, "poi_perkantoran": 4, "poi_pariwisata": 0, "poi_perdagangan": 0, "poi_transportasi": 0, "penduduk": 1731, "densitas_poi": 178.59, "densitas_penduduk": 10660.2, "skor_poi": 0.617, "skor_penduduk": 0.483, "skor_aktivitas": 0.55, "kelas_aktivitas": "Tinggi" }, "geometry": { "type": "Polygon", "coordinates": [ [ [ 110.376260452572851, -7.778392043369564 ], [ 110.374298609403624, -7.777258514996694 ], [ 110.37233341604319, -7.77838625428672 ], [ 110.372330053829458, -7.780647529997345 ], [ 110.37429190600875, -7.781781068123612 ], [ 110.376257111391709, -7.7806533207832 ], [ 110.376260452572851, -7.778392043369564 ] ] ] } },
{ "type": "Feature", "properties": { "hex_id": 226, "hex_r_m": 250.0, "luas_km2": 0.1624, "poi_total": 21, "poi_kuliner": 10, "poi_peribadatan": 3, "poi_kesehatan": 4, "poi_pendidikan": 4, "poi_perkantoran": 0, "poi_pariwisata": 0, "poi_perdagangan": 0, "poi_transportasi": 0, "penduduk": 1607, "densitas_poi": 129.33, "densitas_penduduk": 9896.6, "skor_poi": 0.447, "skor_penduduk": 0.448, "skor_aktivitas": 0.448, "kelas_aktivitas": "Tinggi" }, "geometry": { "type": "Polygon", "coordinates": [ [ [ 110.380187492105506, -7.778397796124612 ], [ 110.378225636923204, -7.777264285066835 ], [ 110.376260452572851, -7.778392043369564 ], [ 110.376257111391709, -7.7806533207832 ], [ 110.378218975593555, -7.781786841589075 ], [ 110.380184171956998, -7.780659075230565 ], [ 110.380187492105506, -7.778397796124612 ] ] ] } },
{ "type": "Feature", "properties": { "hex_id": 227, "hex_r_m": 250.0, "luas_km2": 0.1624, "poi_total": 1, "poi_kuliner": 0, "poi_peribadatan": 1, "poi_kesehatan": 0, "poi_pendidikan": 0, "poi_perkantoran": 0, "poi_pariwisata": 0, "poi_perdagangan": 0, "poi_transportasi": 0, "penduduk": 496, "densitas_poi": 6.16, "densitas_penduduk": 3054.6, "skor_poi": 0.021, "skor_penduduk": 0.138, "skor_aktivitas": 0.08, "kelas_aktivitas": "Sangat Rendah" }, "geometry": { "type": "Polygon", "coordinates": [ [ [ 110.384114534622199, -7.778403512551721 ], [ 110.382152667436259, -7.777270018814444 ], [ 110.380187492105506, -7.778397796124612 ], [ 110.380184171956998, -7.780659075230565 ], [ 110.38214604817199, -7.78179257871064 ], [ 110.384111235506438, -7.780664793339306 ], [ 110.384114534622199, -7.778403512551721 ] ] ] } },
{ "type": "Feature", "properties": { "hex_id": 228, "hex_r_m": 250.0, "luas_km2": 0.1624, "poi_total": 4, "poi_kuliner": 0, "poi_peribadatan": 2, "poi_kesehatan": 1, "poi_pendidikan": 0, "poi_perkantoran": 0, "poi_pariwisata": 1, "poi_perdagangan": 0, "poi_transportasi": 0, "penduduk": 495, "densitas_poi": 24.63, "densitas_penduduk": 3048.4, "skor_poi": 0.085, "skor_penduduk": 0.138, "skor_aktivitas": 0.112, "kelas_aktivitas": "Sangat Rendah" }, "geometry": { "type": "Polygon", "coordinates": [ [ [ 110.388041580104058, -7.778409192650759 ], [ 110.386079700923887, -7.777275716239395 ], [ 110.384114534622199, -7.778403512551721 ], [ 110.384111235506438, -7.780664793339306 ], [ 110.38607312372514, -7.781798279488167 ], [ 110.388038302021101, -7.780670475109289 ], [ 110.388041580104058, -7.778409192650759 ] ] ] } },
{ "type": "Feature", "properties": { "hex_id": 229, "hex_r_m": 250.0, "luas_km2": 0.1624, "poi_total": 4, "poi_kuliner": 1, "poi_peribadatan": 1, "poi_kesehatan": 1, "poi_pendidikan": 1, "poi_perkantoran": 0, "poi_pariwisata": 0, "poi_perdagangan": 0, "poi_transportasi": 0, "penduduk": 372, "densitas_poi": 24.63, "densitas_penduduk": 2290.9, "skor_poi": 0.085, "skor_penduduk": 0.104, "skor_aktivitas": 0.094, "kelas_aktivitas": "Sangat Rendah" }, "geometry": { "type": "Polygon", "coordinates": [ [ [ 110.391968628532169, -7.778414836421593 ], [ 110.390006737367159, -7.777281377341553 ], [ 110.388041580104058, -7.778409192650759 ], [ 110.388038302021101, -7.780670475109289 ], [ 110.39000020223412, -7.781803943921529 ], [ 110.391965371482101, -7.78067612054038 ], [ 110.391968628532169, -7.778414836421593 ] ] ] } },
{ "type": "Feature", "properties": { "hex_id": 230, "hex_r_m": 250.0, "luas_km2": 0.1624, "poi_total": 0, "poi_kuliner": 0, "poi_peribadatan": 0, "poi_kesehatan": 0, "poi_pendidikan": 0, "poi_perkantoran": 0, "poi_pariwisata": 0, "poi_perdagangan": 0, "poi_transportasi": 0, "penduduk": 2, "densitas_poi": 0.0, "densitas_penduduk": 12.3, "skor_poi": 0.0, "skor_penduduk": 0.001, "skor_aktivitas": 0.0, "kelas_aktivitas": "Sangat Rendah" }, "geometry": { "type": "Polygon", "coordinates": [ [ [ 110.35073998453619, -7.774961865294474 ], [ 110.348778234665616, -7.773828225651336 ], [ 110.346812999522783, -7.774955842742907 ], [ 110.346809502171666, -7.777217107486388 ], [ 110.348771260985927, -7.778350756913392 ], [ 110.35073650820766, -7.777223131810397 ], [ 110.35073998453619, -7.774961865294474 ] ] ] } },
{ "type": "Feature", "properties": { "hex_id": 231, "hex_r_m": 250.0, "luas_km2": 0.1624, "poi_total": 15, "poi_kuliner": 2, "poi_peribadatan": 4, "poi_kesehatan": 1, "poi_pendidikan": 6, "poi_perkantoran": 1, "poi_pariwisata": 0, "poi_perdagangan": 1, "poi_transportasi": 0, "penduduk": 1977, "densitas_poi": 92.38, "densitas_penduduk": 12175.2, "skor_poi": 0.319, "skor_penduduk": 0.551, "skor_aktivitas": 0.435, "kelas_aktivitas": "Sedang" }, "geometry": { "type": "Polygon", "coordinates": [ [ [ 110.354666972675275, -7.774967851535163 ], [ 110.35270521073528, -7.773834229163939 ], [ 110.35073998453619, -7.774961865294474 ], [ 110.35073650820766, -7.777223131810397 ], [ 110.352698279100863, -7.778356763960192 ], [ 110.354663517369445, -7.777229119812839 ], [ 110.354666972675275, -7.774967851535163 ] ] ] } },
{ "type": "Feature", "properties": { "hex_id": 232, "hex_r_m": 250.0, "luas_km2": 0.1624, "poi_total": 7, "poi_kuliner": 0, "poi_peribadatan": 4, "poi_kesehatan": 0, "poi_pendidikan": 3, "poi_perkantoran": 0, "poi_pariwisata": 0, "poi_perdagangan": 0, "poi_transportasi": 0, "penduduk": 2051, "densitas_poi": 43.11, "densitas_penduduk": 12630.9, "skor_poi": 0.149, "skor_penduduk": 0.572, "skor_aktivitas": 0.36, "kelas_aktivitas": "Sedang" }, "geometry": { "type": "Polygon", "coordinates": [ [ [ 110.358593963921194, -7.77497380146483 ], [ 110.356632189921143, -7.773840196370936 ], [ 110.354666972675275, -7.774967851535163 ], [ 110.354663517369445, -7.777229119812839 ], [ 110.356625300332183, -7.778362734680011 ], [ 110.358590529638107, -7.777235071493575 ], [ 110.358593963921194, -7.77497380146483 ] ] ] } },
{ "type": "Feature", "properties": { "hex_id": 233, "hex_r_m": 250.0, "luas_km2": 0.1624, "poi_total": 25, "poi_kuliner": 6, "poi_peribadatan": 7, "poi_kesehatan": 6, "poi_pendidikan": 3, "poi_perkantoran": 3, "poi_pariwisata": 0, "poi_perdagangan": 0, "poi_transportasi": 0, "penduduk": 2051, "densitas_poi": 153.96, "densitas_penduduk": 12630.9, "skor_poi": 0.532, "skor_penduduk": 0.572, "skor_aktivitas": 0.552, "kelas_aktivitas": "Tinggi" }, "geometry": { "type": "Polygon", "coordinates": [ [ [ 110.362520958255018, -7.77497971508334 ], [ 110.360559172204333, -7.773846127272186 ], [ 110.358593963921194, -7.77497380146483 ], [ 110.358590529638107, -7.777235071493575 ], [ 110.360552324660958, -7.778368669072711 ], [ 110.362517544994759, -7.777240986852466 ], [ 110.362520958255018, -7.77497971508334 ] ] ] } },
{ "type": "Feature", "properties": { "hex_id": 234, "hex_r_m": 250.0, "luas_km2": 0.1624, "poi_total": 5, "poi_kuliner": 1, "poi_peribadatan": 3, "poi_kesehatan": 0, "poi_pendidikan": 0, "poi_perkantoran": 0, "poi_pariwisata": 1, "poi_perdagangan": 0, "poi_transportasi": 0, "penduduk": 2140, "densitas_poi": 30.79, "densitas_penduduk": 13179.0, "skor_poi": 0.106, "skor_penduduk": 0.597, "skor_aktivitas": 0.352, "kelas_aktivitas": "Sedang" }, "geometry": { "type": "Polygon", "coordinates": [ [ [ 110.366447955657833, -7.774985592390553 ], [ 110.364486157565935, -7.773852021867552 ], [ 110.362520958255018, -7.77497971508334 ], [ 110.362517544994759, -7.777240986852466 ], [ 110.364479352068329, -7.778374567138154 ], [ 110.366444563420501, -7.777246865889375 ], [ 110.366447955657833, -7.774985592390553 ] ] ] } },
{ "type": "Feature", "properties": { "hex_id": 235, "hex_r_m": 250.0, "luas_km2": 0.1624, "poi_total": 18, "poi_kuliner": 5, "poi_peribadatan": 4, "poi_kesehatan": 0, "poi_pendidikan": 6, "poi_perkantoran": 2, "poi_pariwisata": 0, "poi_perdagangan": 1, "poi_transportasi": 0, "penduduk": 2402, "densitas_poi": 110.85, "densitas_penduduk": 14792.5, "skor_poi": 0.383, "skor_penduduk": 0.67, "skor_aktivitas": 0.526, "kelas_aktivitas": "Tinggi" }, "geometry": { "type": "Polygon", "coordinates": [ [ [ 110.370374956110751, -7.774991433386332 ], [ 110.368413145987049, -7.773857880156893 ], [ 110.366447955657833, -7.774985592390553 ], [ 110.366444563420501, -7.777246865889375 ], [ 110.368406382535369, -7.778380428876201 ], [ 110.370371584896432, -7.777252708604164 ], [ 110.370374956110751, -7.774991433386332 ] ] ] } },
{ "type": "Feature", "properties": { "hex_id": 236, "hex_r_m": 250.0, "luas_km2": 0.1624, "poi_total": 11, "poi_kuliner": 1, "poi_peribadatan": 4, "poi_kesehatan": 2, "poi_pendidikan": 4, "poi_perkantoran": 0, "poi_pariwisata": 0, "poi_perdagangan": 0, "poi_transportasi": 0, "penduduk": 1278, "densitas_poi": 67.74, "densitas_penduduk": 7870.4, "skor_poi": 0.234, "skor_penduduk": 0.356, "skor_aktivitas": 0.295, "kelas_aktivitas": "Rendah" }, "geometry": { "type": "Polygon", "coordinates": [ [ [ 110.374301959594874, -7.774997238070539 ], [ 110.372340137448774, -7.773863702140078 ], [ 110.370374956110766, -7.774991433386332 ], [ 110.370371584896432, -7.777252708604164 ], [ 110.37233341604319, -7.77838625428672 ], [ 110.374298609403624, -7.777258514996694 ], [ 110.374301959594874, -7.774997238070539 ] ] ] } },
{ "type": "Feature", "properties": { "hex_id": 237, "hex_r_m": 250.0, "luas_km2": 0.1624, "poi_total": 16, "poi_kuliner": 5, "poi_peribadatan": 2, "poi_kesehatan": 5, "poi_pendidikan": 2, "poi_perkantoran": 2, "poi_pariwisata": 0, "poi_perdagangan": 0, "poi_transportasi": 0, "penduduk": 832, "densitas_poi": 98.53, "densitas_penduduk": 5123.8, "skor_poi": 0.34, "skor_penduduk": 0.232, "skor_aktivitas": 0.286, "kelas_aktivitas": "Rendah" }, "geometry": { "type": "Polygon", "coordinates": [ [ [ 110.378228966091285, -7.775003006443041 ], [ 110.37626713193221, -7.773869487816967 ], [ 110.374301959594874, -7.774997238070539 ], [ 110.374298609403624, -7.777258514996694 ], [ 110.376260452572851, -7.778392043369564 ], [ 110.378225636923204, -7.777264285066835 ], [ 110.378228966091285, -7.775003006443041 ] ] ] } },
{ "type": "Feature", "properties": { "hex_id": 238, "hex_r_m": 250.0, "luas_km2": 0.1624, "poi_total": 2, "poi_kuliner": 0, "poi_peribadatan": 1, "poi_kesehatan": 0, "poi_pendidikan": 1, "poi_perkantoran": 0, "poi_pariwisata": 0, "poi_perdagangan": 0, "poi_transportasi": 0, "penduduk": 769, "densitas_poi": 12.32, "densitas_penduduk": 4735.8, "skor_poi": 0.043, "skor_penduduk": 0.215, "skor_aktivitas": 0.129, "kelas_aktivitas": "Sangat Rendah" }, "geometry": { "type": "Polygon", "coordinates": [ [ [ 110.352708674994346, -7.771572961403125 ], [ 110.350746934067558, -7.770439331537263 ], [ 110.34878171993789, -7.771566959657593 ], [ 110.348778234665616, -7.773828225651336 ], [ 110.35073998453619, -7.774961865294474 ], [ 110.35270521073528, -7.773834229163939 ], [ 110.352708674994346, -7.771572961403125 ] ] ] } },
{ "type": "Feature", "properties": { "hex_id": 239, "hex_r_m": 250.0, "luas_km2": 0.1624, "poi_total": 6, "poi_kuliner": 0, "poi_peribadatan": 4, "poi_kesehatan": 0, "poi_pendidikan": 0, "poi_perkantoran": 0, "poi_pariwisata": 2, "poi_perdagangan": 0, "poi_transportasi": 0, "penduduk": 1972, "densitas_poi": 36.95, "densitas_penduduk": 12144.4, "skor_poi": 0.128, "skor_penduduk": 0.55, "skor_aktivitas": 0.339, "kelas_aktivitas": "Rendah" }, "geometry": { "type": "Polygon", "coordinates": [ [ [ 110.356635633166945, -7.771578926853736 ], [ 110.354673880180215, -7.770445314254498 ], [ 110.352708674994346, -7.771572961403125 ], [ 110.35270521073528, -7.773834229163939 ], [ 110.354666972675275, -7.774967851535163 ], [ 110.356632189921143, -7.773840196370936 ], [ 110.356635633166945, -7.771578926853736 ] ] ] } },
{ "type": "Feature", "properties": { "hex_id": 240, "hex_r_m": 250.0, "luas_km2": 0.1624, "poi_total": 6, "poi_kuliner": 1, "poi_peribadatan": 1, "poi_kesehatan": 0, "poi_pendidikan": 2, "poi_perkantoran": 1, "poi_pariwisata": 1, "poi_perdagangan": 0, "poi_transportasi": 0, "penduduk": 1957, "densitas_poi": 36.95, "densitas_penduduk": 12052.0, "skor_poi": 0.128, "skor_penduduk": 0.546, "skor_aktivitas": 0.337, "kelas_aktivitas": "Rendah" }, "geometry": { "type": "Polygon", "coordinates": [ [ [ 110.360562594436786, -7.771584856009289 ], [ 110.358600829399492, -7.770451260682081 ], [ 110.35663563316696, -7.771578926853736 ], [ 110.356632189921143, -7.773840196370936 ], [ 110.358593963921194, -7.77497380146483 ], [ 110.360559172204333, -7.773846127272186 ], [ 110.360562594436786, -7.771584856009289 ] ] ] } },
{ "type": "Feature", "properties": { "hex_id": 241, "hex_r_m": 250.0, "luas_km2": 0.1624, "poi_total": 22, "poi_kuliner": 5, "poi_peribadatan": 3, "poi_kesehatan": 7, "poi_pendidikan": 3, "poi_perkantoran": 3, "poi_pariwisata": 0, "poi_perdagangan": 1, "poi_transportasi": 0, "penduduk": 2051, "densitas_poi": 135.48, "densitas_penduduk": 12630.9, "skor_poi": 0.468, "skor_penduduk": 0.572, "skor_aktivitas": 0.52, "kelas_aktivitas": "Tinggi" }, "geometry": { "type": "Polygon", "coordinates": [ [ [ 110.364489558784967, -7.771590748869643 ], [ 110.362527781706532, -7.770457170819881 ], [ 110.360562594436786, -7.771584856009289 ], [ 110.360559172204333, -7.773846127272186 ], [ 110.362520958255018, -7.77497971508334 ], [ 110.364486157565935, -7.773852021867552 ], [ 110.364489558784967, -7.771590748869643 ] ] ] } },
{ "type": "Feature", "properties": { "hex_id": 242, "hex_r_m": 250.0, "luas_km2": 0.1624, "poi_total": 29, "poi_kuliner": 6, "poi_peribadatan": 5, "poi_kesehatan": 6, "poi_pendidikan": 8, "poi_perkantoran": 4, "poi_pariwisata": 0, "poi_perdagangan": 0, "poi_transportasi": 0, "penduduk": 1927, "densitas_poi": 178.59, "densitas_penduduk": 11867.2, "skor_poi": 0.617, "skor_penduduk": 0.538, "skor_aktivitas": 0.578, "kelas_aktivitas": "Sangat Tinggi" }, "geometry": { "type": "Polygon", "coordinates": [ [ [ 110.368416526192576, -7.771596605434659 ], [ 110.366454737082407, -7.770463044667753 ], [ 110.364489558784967, -7.771590748869643 ], [ 110.364486157565935, -7.773852021867552 ], [ 110.366447955657833, -7.774985592390553 ], [ 110.368413145987049, -7.773857880156893 ], [ 110.368416526192576, -7.771596605434659 ] ] ] } },
{ "type": "Feature", "properties": { "hex_id": 243, "hex_r_m": 250.0, "luas_km2": 0.1624, "poi_total": 1, "poi_kuliner": 0, "poi_peribadatan": 0, "poi_kesehatan": 0, "poi_pendidikan": 0, "poi_perkantoran": 1, "poi_pariwisata": 0, "poi_perdagangan": 0, "poi_transportasi": 0, "penduduk": 322, "densitas_poi": 6.16, "densitas_penduduk": 1983.0, "skor_poi": 0.021, "skor_penduduk": 0.09, "skor_aktivitas": 0.056, "kelas_aktivitas": "Sangat Rendah" }, "geometry": { "type": "Polygon", "coordinates": [ [ [ 110.37234349664071, -7.771602425704202 ], [ 110.370381695508243, -7.770468882225568 ], [ 110.368416526192576, -7.771596605434659 ], [ 110.368413145987049, -7.773857880156893 ], [ 110.370374956110751, -7.774991433386332 ], [ 110.372340137448774, -7.773863702140078 ], [ 110.37234349664071, -7.771602425704202 ] ] ] } },
{ "type": "Feature", "properties": { "hex_id": 244, "hex_r_m": 250.0, "luas_km2": 0.1624, "poi_total": 1, "poi_kuliner": 0, "poi_peribadatan": 0, "poi_kesehatan": 0, "poi_pendidikan": 1, "poi_perkantoran": 0, "poi_pariwisata": 0, "poi_perdagangan": 0, "poi_transportasi": 0, "penduduk": 1022, "densitas_poi": 6.16, "densitas_penduduk": 6293.9, "skor_poi": 0.021, "skor_penduduk": 0.285, "skor_aktivitas": 0.153, "kelas_aktivitas": "Sangat Rendah" }, "geometry": { "type": "Polygon", "coordinates": [ [ [ 110.354677332379325, -7.768184045251642 ], [ 110.352715600396408, -7.767050425156465 ], [ 110.350750407270468, -7.768178064296112 ], [ 110.350746934067558, -7.770439331537263 ], [ 110.352708674994346, -7.771572961403125 ], [ 110.354673880180215, -7.770445314254498 ], [ 110.354677332379325, -7.768184045251642 ] ] ] } },
{ "type": "Feature", "properties": { "hex_id": 245, "hex_r_m": 250.0, "luas_km2": 0.1624, "poi_total": 6, "poi_kuliner": 1, "poi_peribadatan": 0, "poi_kesehatan": 2, "poi_pendidikan": 2, "poi_perkantoran": 1, "poi_pariwisata": 0, "poi_perdagangan": 0, "poi_transportasi": 0, "penduduk": 949, "densitas_poi": 36.95, "densitas_penduduk": 5844.3, "skor_poi": 0.128, "skor_penduduk": 0.265, "skor_aktivitas": 0.196, "kelas_aktivitas": "Rendah" }, "geometry": { "type": "Polygon", "coordinates": [ [ [ 110.35860426059476, -7.76818998992821 ], [ 110.356642516561365, -7.76705638709436 ], [ 110.354677332379325, -7.768184045251642 ], [ 110.354673880180215, -7.770445314254498 ], [ 110.35663563316696, -7.771578926853736 ], [ 110.358600829399492, -7.770451260682081 ], [ 110.35860426059476, -7.76818998992821 ] ] ] } },
{ "type": "Feature", "properties": { "hex_id": 246, "hex_r_m": 250.0, "luas_km2": 0.1624, "poi_total": 4, "poi_kuliner": 0, "poi_peribadatan": 1, "poi_kesehatan": 2, "poi_pendidikan": 1, "poi_perkantoran": 0, "poi_pariwisata": 0, "poi_perdagangan": 0, "poi_transportasi": 0, "penduduk": 399, "densitas_poi": 24.63, "densitas_penduduk": 2457.2, "skor_poi": 0.085, "skor_penduduk": 0.111, "skor_aktivitas": 0.098, "kelas_aktivitas": "Sangat Rendah" }, "geometry": { "type": "Polygon", "coordinates": [ [ [ 110.362531191897858, -7.768195898325681 ], [ 110.360569435823408, -7.767062312758569 ], [ 110.35860426059476, -7.76818998992821 ], [ 110.358600829399492, -7.770451260682081 ], [ 110.360562594436786, -7.771584856009289 ], [ 110.362527781706532, -7.770457170819881 ], [ 110.362531191897858, -7.768195898325681 ] ] ] } },
{ "type": "Feature", "properties": { "hex_id": 247, "hex_r_m": 250.0, "luas_km2": 0.1624, "poi_total": 2, "poi_kuliner": 0, "poi_peribadatan": 1, "poi_kesehatan": 0, "poi_pendidikan": 1, "poi_perkantoran": 0, "poi_pariwisata": 0, "poi_perdagangan": 0, "poi_transportasi": 0, "penduduk": 1142, "densitas_poi": 12.32, "densitas_penduduk": 7032.9, "skor_poi": 0.043, "skor_penduduk": 0.319, "skor_aktivitas": 0.181, "kelas_aktivitas": "Sangat Rendah" }, "geometry": { "type": "Polygon", "coordinates": [ [ [ 110.36645812626972, -7.768201770443913 ], [ 110.36449635816362, -7.76706820214895 ], [ 110.362531191897858, -7.768195898325681 ], [ 110.362527781706532, -7.770457170819881 ], [ 110.364489558784967, -7.771590748869643 ], [ 110.366454737082407, -7.770463044667753 ], [ 110.36645812626972, -7.768201770443913 ] ] ] } },
{ "type": "Feature", "properties": { "hex_id": 248, "hex_r_m": 250.0, "luas_km2": 0.1624, "poi_total": 3, "poi_kuliner": 2, "poi_peribadatan": 0, "poi_kesehatan": 1, "poi_pendidikan": 0, "poi_perkantoran": 0, "poi_pariwisata": 0, "poi_perdagangan": 0, "poi_transportasi": 0, "penduduk": 125, "densitas_poi": 18.48, "densitas_penduduk": 769.8, "skor_poi": 0.064, "skor_penduduk": 0.035, "skor_aktivitas": 0.05, "kelas_aktivitas": "Sangat Rendah" }, "geometry": { "type": "Polygon", "coordinates": [ [ [ 110.37038506369143, -7.768207606282769 ], [ 110.368423283563104, -7.767074055265369 ], [ 110.36645812626972, -7.768201770443913 ], [ 110.366454737082407, -7.770463044667753 ], [ 110.368416526192576, -7.771596605434659 ], [ 110.370381695508243, -7.770468882225568 ], [ 110.37038506369143, -7.768207606282769 ] ] ] } },
{ "type": "Feature", "properties": { "hex_id": 249, "hex_r_m": 250.0, "luas_km2": 0.1624, "poi_total": 0, "poi_kuliner": 0, "poi_peribadatan": 0, "poi_kesehatan": 0, "poi_pendidikan": 0, "poi_perkantoran": 0, "poi_pariwisata": 0, "poi_perdagangan": 0, "poi_transportasi": 0, "penduduk": 17, "densitas_poi": 0.0, "densitas_penduduk": 104.7, "skor_poi": 0.0, "skor_penduduk": 0.005, "skor_aktivitas": 0.002, "kelas_aktivitas": "Sangat Rendah" }, "geometry": { "type": "Polygon", "coordinates": [ [ [ 110.352719061539432, -7.764789156670755 ], [ 110.350757350550822, -7.763655529089054 ], [ 110.348792169484724, -7.764783160226327 ], [ 110.348788687347408, -7.76704442694502 ], [ 110.350750407270468, -7.768178064296112 ], [ 110.352715600396408, -7.767050425156465 ], [ 110.352719061539432, -7.764789156670755 ] ] ] } },
{ "type": "Feature", "properties": { "hex_id": 250, "hex_r_m": 250.0, "luas_km2": 0.1624, "poi_total": 1, "poi_kuliner": 1, "poi_peribadatan": 0, "poi_kesehatan": 0, "poi_pendidikan": 0, "poi_perkantoran": 0, "poi_pariwisata": 0, "poi_perdagangan": 0, "poi_transportasi": 0, "penduduk": 106, "densitas_poi": 6.16, "densitas_penduduk": 652.8, "skor_poi": 0.021, "skor_penduduk": 0.03, "skor_aktivitas": 0.026, "kelas_aktivitas": "Sangat Rendah" }, "geometry": { "type": "Polygon", "coordinates": [ [ [ 110.356645956710025, -7.764795116852319 ], [ 110.354684233671037, -7.763661506521238 ], [ 110.352719061539432, -7.764789156670755 ], [ 110.352715600396408, -7.767050425156465 ], [ 110.354677332379325, -7.768184045251642 ], [ 110.356642516561365, -7.76705638709436 ], [ 110.356645956710025, -7.764795116852319 ] ] ] } }
]
}
